item,base,path,photo_sha256,mask,mask_sha256,type,t,crop_iou,added_frac,consequential,trial
final_92771768,2026-08-25__iphone__class_004__IMG_6277D,dataset/2026-08-25__iphone/class_004__CostaRica_LaPastora/IMG_6277D.HEIC,841f0da955dcb0353ca0973ba3fc130322ccc43409ef7138475c689a0463cdc8,outputs/ml2_p1/defects/final/final_92771768.png,a4ae51c0dbeb4303cfbed5474617832cf98324c01e565c95670ac296b617ba36,dilate,0.1,0.9033,0.1085,1,0
final_dcf7cd27,2026-08-09__sony_cam__class_006__PIC_20260809_210244,dataset/2026-08-09__sony_cam/class_006__Brazil_Cerrado/PIC_20260809_210244.JPG,5b6caec85e0808655b16404e077234a8b1075c461b307d03217c42781d411202,outputs/ml2_p1/defects/final/final_dcf7cd27.png,444b140795c8878425b1e7ee82ef30d87e2a29c2443f1da94beffad9c7e941ab,erode,0.16,0.8429,0.0,1,0
final_ec5a2afa,2026-08-27__oneplus_flash__class_004__PXL_20260827_183648295,dataset/2026-08-27__oneplus_flash/class_004__CostaRica_LaPastora/PXL_20260827_183648295.jpg,b619d186c60298da45f00b7b38cf4484ca4025413190520d96cef3f7d0eb5273,outputs/ml2_p1/defects/final/final_ec5a2afa.png,3f127fa5d7eba7048b26583e7879d3e77fa180df268dcb41ae43ff2c360ac2d6,dilate,0.06,0.958,0.0494,0,0
final_e9ced85f,2026-08-07__box_pictures_all_classes__class_006__PXL_20260807_070951591,dataset/2026-08-07__box_pictures_all_classes/class_006__Brazil_Cerrado/PXL_20260807_070951591.jpg,c1032e061a1590c662c297e2c90c4dcda848584bc841f806024dfc8965124591,outputs/ml2_p1/defects/final/final_e9ced85f.png,5c312c0140d0711b3aaefc66d536554ecc7353d828120329cc5b1e7bdfc915ca,shift,0.1,0.8637,0.0696,1,0
final_8912cb51,2026-08-25__oneplus__class_005__PXL_20260825_194049726,dataset/2026-08-25__oneplus/class_005__Guatemala_Tata/PXL_20260825_194049726.jpg,a76753cafff61666aff019fa07dc57ba5eec1067381d6ac81e4f3fb1017c195b,outputs/ml2_p1/defects/final/final_8912cb51.png,fe9179ca4700e97287fd0a5dd3aaf3f86b77818f6a9ceccbf56b4c9606d757c1,add_band,0.64,0.914,0.0558,1,0
final_1cfd6873,2026-08-25__iphone__class_004__IMG_6277D,dataset/2026-08-25__iphone/class_004__CostaRica_LaPastora/IMG_6277D.HEIC,841f0da955dcb0353ca0973ba3fc130322ccc43409ef7138475c689a0463cdc8,data/seg_masks/base_points/2026-08-25__iphone__class_004__IMG_6277D.png,26a74efb11148ebdab2207bec788f8831f8c97a8087a2461da5c886d1e63a215,clean,0.0,1.0,0.0,,0
final_441ba6bd,ood_positives_2026-09-11__PXL_20260911_055950561,dataset/ood_positives/PXL_20260911_055950561.jpg,4e5ced3a1398d51c203ebaeceb90b5fc6080511ba70bb196437ec2ab6644f1cd,outputs/ml2_p1/defects/final/final_441ba6bd.png,24931b652695b7282f3b6c6ced20eb509c4cda273682059779608dd98abbfae7,dilate,0.1,0.9348,0.0891,1,0
final_64a2462b,2026-08-30__pixel__class_010__PXL_20260830_124715018,dataset/2026-08-30__pixel/class_010__Indonesia_Java/PXL_20260830_124715018.jpg,62544e0d6c2062edeb86b2361dd0ccc00f8f4d073ffc21c28ce64b8ff9dd3922,outputs/ml2_p1/defects/final/final_64a2462b.png,727c9b8c32c398cb85626c066b62b6786e0c8bdc41ed1bf5a0993df2491dd5dd,drop_corner,0.9,0.8983,0.0,1,0
final_b802b0c5,2026-08-30__sony__class_010__PIC_20260830_200454,dataset/2026-08-30__sony/class_010__Indonesia_Java/PIC_20260830_200454.JPG,ecfa4e8e11104eb2fa3dedf59369cd95c6dfa87e0f2aac84e6b6fda34b64562c,outputs/ml2_p1/defects/final/final_b802b0c5.png,a07874674f4e4342225b85a5d99795075a7a0ecc8564d9d3d9b7e089297c9493,shift,0.18,0.8948,0.0,1,0
final_55e66b05,ood_positives_2026-09-11__PXL_20260911_055950561,dataset/ood_positives/PXL_20260911_055950561.jpg,4e5ced3a1398d51c203ebaeceb90b5fc6080511ba70bb196437ec2ab6644f1cd,outputs/ml2_p1/defects/final/final_55e66b05.png,a635be9a8a2577a686f24835f1b8959ab900bbfd3ee905d2a685ce313148cb6c,shift,0.02,0.9818,0.0159,0,0
final_12abc34c,ood_positives_2026-09-30__PXL_20260915_114946300,dataset/ood_positives/PXL_20260915_114946300.jpg,48184b71dd7efe244fb4af86dfff979c63f458db06a000ec1ca80ccdc954c066,outputs/ml2_p1/defects/final/final_12abc34c.png,32e2e901e3bd0f31de34cb45c5b4d8988a91ea3cfcdcca5ab644b5f82dc19257,drop_corner,0.88,0.9098,0.0,0,0
final_258cea67,2026-08-07__box_pictures_all_classes__class_006__PXL_20260807_070951591,dataset/2026-08-07__box_pictures_all_classes/class_006__Brazil_Cerrado/PXL_20260807_070951591.jpg,c1032e061a1590c662c297e2c90c4dcda848584bc841f806024dfc8965124591,outputs/ml2_p1/defects/final/final_258cea67.png,39d7a0b9bf0c2d9d744d7b330060e124b5865539a6fbede990c35f7fabd2dc31,shift,0.12,0.8397,0.0831,1,0
final_5f6ee716,2026-08-07__box_pictures_all_classes__class_004__PXL_20260807_074517496,dataset/2026-08-07__box_pictures_all_classes/class_004__CostaRica_LaPastora/PXL_20260807_074517496.jpg,37a50feb1fc5bb97a92ee0f40f3d777f45a5437bdd9d431791d17bf8391c61ec,outputs/ml2_p1/defects/final/final_5f6ee716.png,78b05966c4191b7a8d99419dc5686db7f5407644130838aab3fde5e973340511,shift,0.16,0.8463,0.0802,1,0
final_22e73d52,2026-08-27__oneplus_flash__class_008__PXL_20260827_185807199,dataset/2026-08-27__oneplus_flash/class_008__Ethiopia_Kochere/PXL_20260827_185807199.jpg,bb89038f121853f1a24700fcb9ad2ba19fd3dcf171723d6024e661eebef4e487,outputs/ml2_p1/defects/final/final_22e73d52.png,158a3fd65f3c0b2dbd7c85dd708788ea1a0972d2caf1bc0cc0f0d0a0f2b1b0c1,add_band,0.82,0.923,0.0482,0,0
final_aa395054,2026-08-27__oneplus_flash__class_004__PXL_20260827_183458045,dataset/2026-08-27__oneplus_flash/class_004__CostaRica_LaPastora/PXL_20260827_183458045.jpg,bf85e5f7c10041fa7f9c5049d435a3c05e6d5f740ca71431e0e0b8aad020ada4,outputs/ml2_p1/defects/final/final_aa395054.png,ae0f84fa99279b8d057128508f54f8891c27c686f05944d7cea56d2cbc36d6f1,shift,0.04,0.9551,0.0191,0,0
final_55c4b4be,2026-08-07__box_pictures_all_classes__class_006__PXL_20260807_070951591,dataset/2026-08-07__box_pictures_all_classes/class_006__Brazil_Cerrado/PXL_20260807_070951591.jpg,c1032e061a1590c662c297e2c90c4dcda848584bc841f806024dfc8965124591,outputs/ml2_p1/defects/final/final_55c4b4be.png,90b4e00d912da6180aa5b5294c4d827e914d6041215032f1c3314701a24727c3,add_band,0.1,0.934,0.0343,0,0
final_0f3f21c8,2026-08-25__iphone__class_002__IMG_6282,dataset/2026-08-25__iphone/class_002__Kenya_AA/IMG_6282.HEIC,5ce2f0ceb34a7ee213fdaf5a61e9d6b4efdf7fbd68f4a88ccd0f53cd191e8bc4,outputs/ml2_p1/defects/final/final_0f3f21c8.png,817bf86e7ce5eae9bc0fa3b8b5559deb74246dde19a62200a011efe38af61d9f,add_band,0.32,0.8724,0.0596,1,0
final_9a6962bb,2026-08-09__pixel_cam__class_001__PXL_20260809_131123399,dataset/2026-08-09__pixel_cam/class_001__Ethiopia_Sidamo/PXL_20260809_131123399.jpg,23158c43eb2586974cda565dd7deb6b0bf01e59f24e20f7fb9fd518be4ff984a,data/seg_masks/base_points/2026-08-09__pixel_cam__class_001__PXL_20260809_131123399.png,36f42c9a141fd7c3f68a17802cfc1565a4dccdea1fa4331f76c4eeceb13abc93,clean,0.0,1.0,0.0,,0
final_03780de5,2026-08-25__iphone__class_004__IMG_6277D,dataset/2026-08-25__iphone/class_004__CostaRica_LaPastora/IMG_6277D.HEIC,841f0da955dcb0353ca0973ba3fc130322ccc43409ef7138475c689a0463cdc8,outputs/ml2_p1/defects/final/final_03780de5.png,2c2d6afa96221cf06aeb2ca23144e623c1e3855c093f545c2e9c28c1dce28885,add_band,0.22,0.905,0.0542,1,0
final_8c8d47a7,ood_positives_2026-09-30__PXL_20260915_114946300,dataset/ood_positives/PXL_20260915_114946300.jpg,48184b71dd7efe244fb4af86dfff979c63f458db06a000ec1ca80ccdc954c066,outputs/ml2_p1/defects/final/final_8c8d47a7.png,1587cbf5d2ed2a2a14ea24edb4df32777d80b51b19bbe48430beb625ff8dbf36,erode,0.1,0.8958,0.0,1,0
final_0cc6e343,2026-08-09__pixel_cam__class_003__PXL_20260809_132636038,dataset/2026-08-09__pixel_cam/class_003__Colombia_PinkBourbon/PXL_20260809_132636038.jpg,f846572786629690bde7f8a57468d2bd0beb92f3951c541e489faea7376b1063,outputs/ml2_p1/defects/final/final_0cc6e343.png,0b5250a61ef321f73500155de578eb15defa1ad647f29787bdde1d2a4b246343,shift,0.16,0.8844,0.0025,1,0
final_71338637,2026-08-30__oneplus__class_010__PXL_20260830_175207319,dataset/2026-08-30__oneplus/class_010__Indonesia_Java/PXL_20260830_175207319.jpg,f65e5341f43d5f0973a99adc3da0aaddb9c835134f139b16efcff99a87f994ac,outputs/ml2_p1/defects/final/final_71338637.png,9959adfebafccd6babf18cd376fcbd71772f81c45080b47ae39ead2c0ef8fa4a,shift,0.18,0.8739,0.0,1,0
final_e915151f,2026-08-07__box_pictures_all_classes__class_006__PXL_20260807_070951591,dataset/2026-08-07__box_pictures_all_classes/class_006__Brazil_Cerrado/PXL_20260807_070951591.jpg,c1032e061a1590c662c297e2c90c4dcda848584bc841f806024dfc8965124591,outputs/ml2_p1/defects/final/final_e915151f.png,3f91e14ea3c0ea588bf143acc82a75606cf5458824d1cd59a0cdf62d38656486,drop_corner,0.9,0.8913,0.0,1,0
final_d4de8b78,ood_positives_2026-09-30__PXL_20260915_114946300,dataset/ood_positives/PXL_20260915_114946300.jpg,48184b71dd7efe244fb4af86dfff979c63f458db06a000ec1ca80ccdc954c066,data/seg_masks/base_points/ood_positives_2026-09-30__PXL_20260915_114946300.png,d2af4e3175045b7fa17f2f968ec6844165dd7e836dea8f9778fc6d87c5d7a025,clean,0.0,1.0,0.0,,1
final_12074279,2026-08-27__oneplus_flash__class_004__PXL_20260827_183648295,dataset/2026-08-27__oneplus_flash/class_004__CostaRica_LaPastora/PXL_20260827_183648295.jpg,b619d186c60298da45f00b7b38cf4484ca4025413190520d96cef3f7d0eb5273,outputs/ml2_p1/defects/final/final_12074279.png,34664ade81324890e54a06637c23b2ddf916095179255d7c57575d65d5b3c0c6,erode,0.08,0.9119,0.0,0,0
final_0ed43cde,2026-08-27__oneplus_flash__class_008__PXL_20260827_185807199,dataset/2026-08-27__oneplus_flash/class_008__Ethiopia_Kochere/PXL_20260827_185807199.jpg,bb89038f121853f1a24700fcb9ad2ba19fd3dcf171723d6024e661eebef4e487,outputs/ml2_p1/defects/final/final_0ed43cde.png,b1572fb2e44db5b54b211b978b56e4fdd40aa8bcf6d6cef3327c37e5d2e39e7c,shift,0.04,0.9532,0.0187,0,0
final_cbb70b44,ood_positives_2026-09-11__PXL_20260911_055950561,dataset/ood_positives/PXL_20260911_055950561.jpg,4e5ced3a1398d51c203ebaeceb90b5fc6080511ba70bb196437ec2ab6644f1cd,outputs/ml2_p1/defects/final/final_cbb70b44.png,dab2d93a641b3bdf553591805a5c82a33f44c2efee79e661796ae302188ba0ce,dilate,0.06,0.9579,0.0574,1,0
final_3a8b81b5,2026-08-27__oneplus_flash__class_004__PXL_20260827_183458045,dataset/2026-08-27__oneplus_flash/class_004__CostaRica_LaPastora/PXL_20260827_183458045.jpg,bf85e5f7c10041fa7f9c5049d435a3c05e6d5f740ca71431e0e0b8aad020ada4,outputs/ml2_p1/defects/final/final_3a8b81b5.png,ef513ad3fbe9e8d0ce35a5f367d661f303b693bad83b5598902a975d95cd49a0,erode,0.06,0.9334,0.0,0,0
final_4f4ba6e0,2026-08-27__oneplus_flash__class_004__PXL_20260827_183648295,dataset/2026-08-27__oneplus_flash/class_004__CostaRica_LaPastora/PXL_20260827_183648295.jpg,b619d186c60298da45f00b7b38cf4484ca4025413190520d96cef3f7d0eb5273,outputs/ml2_p1/defects/final/final_4f4ba6e0.png,6bc3260e2ae2258ff7b54b2406f2e63408d0f559c370910b5a6d3e830f13ae35,add_band,0.66,0.9273,0.0519,1,0
final_9ba0e0b8,2026-08-09__pixel_cam__class_003__PXL_20260809_132636038,dataset/2026-08-09__pixel_cam/class_003__Colombia_PinkBourbon/PXL_20260809_132636038.jpg,f846572786629690bde7f8a57468d2bd0beb92f3951c541e489faea7376b1063,outputs/ml2_p1/defects/final/final_9ba0e0b8.png,ef312dc4c0ac0fb9eed245f6671fb8fdf124018f732185fa5e0ac86b12440f69,drop_corner,0.84,0.9271,0.0,0,0
final_0c4889d2,2026-08-09__sony_cam__class_006__PIC_20260809_210244,dataset/2026-08-09__sony_cam/class_006__Brazil_Cerrado/PIC_20260809_210244.JPG,5b6caec85e0808655b16404e077234a8b1075c461b307d03217c42781d411202,outputs/ml2_p1/defects/final/final_0c4889d2.png,d3718f39e7902eeb122d797468a6dad59c976df26abaa53ec10f65da810692a2,erode,0.06,0.9394,0.0,0,0
final_8818502e,ood_positives_2026-09-30__PXL_20260915_114946300,dataset/ood_positives/PXL_20260915_114946300.jpg,48184b71dd7efe244fb4af86dfff979c63f458db06a000ec1ca80ccdc954c066,outputs/ml2_p1/defects/final/final_8818502e.png,c4176dc5d147c4e9886d08ba315ddc644a6be22ae109cdea950bb168c13a5b72,erode,0.06,0.9369,0.0,0,0
final_67a0a8ad,2026-08-27__oneplus_flash__class_004__PXL_20260827_183648295,dataset/2026-08-27__oneplus_flash/class_004__CostaRica_LaPastora/PXL_20260827_183648295.jpg,b619d186c60298da45f00b7b38cf4484ca4025413190520d96cef3f7d0eb5273,outputs/ml2_p1/defects/final/final_67a0a8ad.png,caf05647e405f423755173ae963166cfe1914021e55bfb6f3544dc9f431f5361,drop_corner,0.9,0.8895,0.0,1,0
final_5c6dfe09,2026-08-07__box_pictures_all_classes__class_006__PXL_20260807_070951591,dataset/2026-08-07__box_pictures_all_classes/class_006__Brazil_Cerrado/PXL_20260807_070951591.jpg,c1032e061a1590c662c297e2c90c4dcda848584bc841f806024dfc8965124591,data/seg_masks/base_points/2026-08-07__box_pictures_all_classes__class_006__PXL_20260807_070951591.png,22b45ce1296ebe4232eef2ea06f75481cc90d8c0f9e4ef6ebb2647a9ee0c78f0,clean,0.0,1.0,0.0,,0
final_4643bb5a,2026-08-09__sony_cam__class_007__PIC_20260809_205545,dataset/2026-08-09__sony_cam/class_007__Brazil_MonteCristo/PIC_20260809_205545.JPG,912651f43d58ac4c7b6c6ed0ee8bd154f4aa758599bc493e2e2b93dbb3edb0d9,outputs/ml2_p1/defects/final/final_4643bb5a.png,67509d80813e2f1afe5bcd7a23cabe867b27be692168dbe71a175306fdc6ce36,erode,0.18,0.8187,0.0,1,0
final_7d1269ae,ood_positives_2026-09-11__PXL_20260911_055950561,dataset/ood_positives/PXL_20260911_055950561.jpg,4e5ced3a1398d51c203ebaeceb90b5fc6080511ba70bb196437ec2ab6644f1cd,outputs/ml2_p1/defects/final/final_7d1269ae.png,3fccd53a9cd2c7982a768cabfce88968b0f411c6548f2a450d1a05c6a87ac919,drop_corner,0.76,0.8707,0.0,1,0
final_97a26c1b,2026-08-09__sony_cam__class_004__PIC_20260809_204750,dataset/2026-08-09__sony_cam/class_004__CostaRica_LaPastora/PIC_20260809_204750.JPG,1db0784c83af035eb4e0da23f5035e74dbd53f13dc0d451e962429506b1712e6,data/seg_masks/base_points/2026-08-09__sony_cam__class_004__PIC_20260809_204750.png,953a2cc27c5fe5a68dc8420ddcd0cc90e8d96934c2f427add62e0f85dde37ed4,clean,0.0,1.0,0.0,,0
final_b294624c,2026-08-25__oneplus__class_005__PXL_20260825_194049726,dataset/2026-08-25__oneplus/class_005__Guatemala_Tata/PXL_20260825_194049726.jpg,a76753cafff61666aff019fa07dc57ba5eec1067381d6ac81e4f3fb1017c195b,outputs/ml2_p1/defects/final/final_b294624c.png,43e413402945bc1a03f9849212276cb3b7a2193b4febc1e8951fbffb2b974e28,erode,0.14,0.8582,0.0,1,0
final_08afe789,2026-08-30__oneplus__class_010__PXL_20260830_175207319,dataset/2026-08-30__oneplus/class_010__Indonesia_Java/PXL_20260830_175207319.jpg,f65e5341f43d5f0973a99adc3da0aaddb9c835134f139b16efcff99a87f994ac,outputs/ml2_p1/defects/final/final_08afe789.png,698490911d087da19987fcbdb08f98dea27e268b1b900b6fabdc54e033239348,drop_corner,0.92,0.8861,0.0,1,0
final_c67e58ad,2026-08-25__iphone__class_004__IMG_6277D,dataset/2026-08-25__iphone/class_004__CostaRica_LaPastora/IMG_6277D.HEIC,841f0da955dcb0353ca0973ba3fc130322ccc43409ef7138475c689a0463cdc8,outputs/ml2_p1/defects/final/final_c67e58ad.png,14939513e6a9f2a1b8b164dfdc07ad3f79aa9638be7deec8e1b40bdff604d794,shift,0.12,0.8572,0.0775,1,0
final_29bc3b09,2026-08-30__oneplus__class_010__PXL_20260830_175207319,dataset/2026-08-30__oneplus/class_010__Indonesia_Java/PXL_20260830_175207319.jpg,f65e5341f43d5f0973a99adc3da0aaddb9c835134f139b16efcff99a87f994ac,outputs/ml2_p1/defects/final/final_29bc3b09.png,e651530188d0a154e0c9cdd8ee4bce5023b3bfdfd1ed63ea1f18d6993d571dcc,erode,0.02,0.9802,0.0,0,0
final_dc66b2ef,2026-08-30__oneplus__class_010__PXL_20260830_175659210,dataset/2026-08-30__oneplus/class_010__Indonesia_Java/PXL_20260830_175659210.jpg,ee4bb10564dd72752339c18c311ba6435075cca8ff6e6fd137f4950efbe5637b,outputs/ml2_p1/defects/final/final_dc66b2ef.png,aa56432b901f076cd096170ded8cb34094c538802eb8cddd643cc6a7f8863056,shift,0.22,0.8775,0.0017,1,0
final_f8674fce,2026-08-30__pixel__class_010__PXL_20260830_124333854,dataset/2026-08-30__pixel/class_010__Indonesia_Java/PXL_20260830_124333854.jpg,277a49cfb553a6d264795821fe4481e2247b89e4394d06f756c08d0a7414b9b6,data/seg_masks/base_points/2026-08-30__pixel__class_010__PXL_20260830_124333854.png,b6829e201f1987aeaa597d8851452f78c4261b2a29e17b0e72719519d5b2ba76,clean,0.0,1.0,0.0,,0
final_de2fbc3b,2026-08-27__oneplus_flash__class_008__PXL_20260827_185807199,dataset/2026-08-27__oneplus_flash/class_008__Ethiopia_Kochere/PXL_20260827_185807199.jpg,bb89038f121853f1a24700fcb9ad2ba19fd3dcf171723d6024e661eebef4e487,outputs/ml2_p1/defects/final/final_de2fbc3b.png,59f7316e0be2573be288f8298e5655194f01b880933caef7f686e151dba6c851,drop_corner,0.94,0.8644,0.0,1,0
final_59ffcdd2,2026-08-27__oneplus_flash__class_008__PXL_20260827_185807199,dataset/2026-08-27__oneplus_flash/class_008__Ethiopia_Kochere/PXL_20260827_185807199.jpg,bb89038f121853f1a24700fcb9ad2ba19fd3dcf171723d6024e661eebef4e487,data/seg_masks/base_points/2026-08-27__oneplus_flash__class_008__PXL_20260827_185807199.png,f76e33250a5fd293a32ca1779832c08587a07ac52ca392214808569f84a235ac,clean,0.0,1.0,0.0,,0
final_d8d1f074,ood_positives_2026-09-11__PIC_20260911_130253,dataset/ood_positives/PIC_20260911_130253.JPG,16616e07042d26516d1d1248aa95f4020b0a7eeae698d05bdb0c875a97ab31ee,outputs/ml2_p1/defects/final/final_d8d1f074.png,772f2b5b68bf78bbda0e0d6b5a1db732dc16095f7a0d71bce157de4645484992,drop_corner,0.58,0.9205,0.0,0,0
final_163edddb,2026-08-27__oneplus_flash__class_004__PXL_20260827_183648295,dataset/2026-08-27__oneplus_flash/class_004__CostaRica_LaPastora/PXL_20260827_183648295.jpg,b619d186c60298da45f00b7b38cf4484ca4025413190520d96cef3f7d0eb5273,outputs/ml2_p1/defects/final/final_163edddb.png,7d3bae24cc09efe8a1b39b271e85a0a853621ac1f91f23a04b9a3dcd53f842cd,dilate,0.12,0.9393,0.0706,1,0
final_bf6ba595,2026-08-25__iphone__class_004__IMG_6277D,dataset/2026-08-25__iphone/class_004__CostaRica_LaPastora/IMG_6277D.HEIC,841f0da955dcb0353ca0973ba3fc130322ccc43409ef7138475c689a0463cdc8,data/seg_masks/base_points/2026-08-25__iphone__class_004__IMG_6277D.png,26a74efb11148ebdab2207bec788f8831f8c97a8087a2461da5c886d1e63a215,clean,0.0,1.0,0.0,,1
final_db2d80f0,2026-08-25__iphone__class_002__IMG_6282,dataset/2026-08-25__iphone/class_002__Kenya_AA/IMG_6282.HEIC,5ce2f0ceb34a7ee213fdaf5a61e9d6b4efdf7fbd68f4a88ccd0f53cd191e8bc4,outputs/ml2_p1/defects/final/final_db2d80f0.png,fd1156b7fe26839d19f17ed1818c01aad21198b68872a90bb93cf7c3845ee15e,drop_corner,0.98,0.8274,0.0,1,0
final_e10b037a,2026-08-30__sony__class_010__PIC_20260830_200454,dataset/2026-08-30__sony/class_010__Indonesia_Java/PIC_20260830_200454.JPG,ecfa4e8e11104eb2fa3dedf59369cd95c6dfa87e0f2aac84e6b6fda34b64562c,outputs/ml2_p1/defects/final/final_e10b037a.png,7a81f04d56273947cb1fd5256e81cc2c04d444b9bad8e2f201a8e6d587c83201,shift,0.2,0.8832,0.0,1,0
final_485a9058,2026-08-30__oneplus__class_010__PXL_20260830_175659210,dataset/2026-08-30__oneplus/class_010__Indonesia_Java/PXL_20260830_175659210.jpg,ee4bb10564dd72752339c18c311ba6435075cca8ff6e6fd137f4950efbe5637b,data/seg_masks/base_points/2026-08-30__oneplus__class_010__PXL_20260830_175659210.png,5d9ab01ee135996bf6d45c60e951ff8a53bcc0bc2f897cc45ea62f1605a23023,clean,0.0,1.0,0.0,,0
final_345d41ba,2026-08-07__box_pictures_all_classes__class_004__PXL_20260807_074517496,dataset/2026-08-07__box_pictures_all_classes/class_004__CostaRica_LaPastora/PXL_20260807_074517496.jpg,37a50feb1fc5bb97a92ee0f40f3d777f45a5437bdd9d431791d17bf8391c61ec,outputs/ml2_p1/defects/final/final_345d41ba.png,4d3475dd249b665c6b09972ebbfccbad8297593111eb376ae17357cdbcb1da39,add_band,0.22,0.8601,0.062,1,0
final_c81c16c9,2026-08-30__pixel__class_010__PXL_20260830_124333854,dataset/2026-08-30__pixel/class_010__Indonesia_Java/PXL_20260830_124333854.jpg,277a49cfb553a6d264795821fe4481e2247b89e4394d06f756c08d0a7414b9b6,data/seg_masks/base_points/2026-08-30__pixel__class_010__PXL_20260830_124333854.png,b6829e201f1987aeaa597d8851452f78c4261b2a29e17b0e72719519d5b2ba76,clean,0.0,1.0,0.0,,1
final_b74150f5,2026-08-09__pixel_cam__class_001__PXL_20260809_131123399,dataset/2026-08-09__pixel_cam/class_001__Ethiopia_Sidamo/PXL_20260809_131123399.jpg,23158c43eb2586974cda565dd7deb6b0bf01e59f24e20f7fb9fd518be4ff984a,outputs/ml2_p1/defects/final/final_b74150f5.png,a9f7ba2b300bab64917d6464b57edc7a99522e6eda6b8f5ac259deef2a68e2bd,erode,0.12,0.8777,0.0,1,0
final_571164db,ood_positives_2026-09-11__PXL_20260911_055950561,dataset/ood_positives/PXL_20260911_055950561.jpg,4e5ced3a1398d51c203ebaeceb90b5fc6080511ba70bb196437ec2ab6644f1cd,outputs/ml2_p1/defects/final/final_571164db.png,f635b7ce05804a85f4b9d2dcbb3cb6b71f621e1b7ebfa37c9a37410657b6fb78,shift,0.14,0.8875,0.0701,1,0
final_f63f3d71,2026-08-30__oneplus__class_010__PXL_20260830_175659210,dataset/2026-08-30__oneplus/class_010__Indonesia_Java/PXL_20260830_175659210.jpg,ee4bb10564dd72752339c18c311ba6435075cca8ff6e6fd137f4950efbe5637b,outputs/ml2_p1/defects/final/final_f63f3d71.png,21937c5c0d845a6c9decc87bbaeb87edacc1e4f98ef7625ed2ce931ab5998b09,drop_corner,0.88,0.9109,0.0,0,0
final_4755f880,2026-08-07__box_pictures_all_classes__class_004__PXL_20260807_074517496,dataset/2026-08-07__box_pictures_all_classes/class_004__CostaRica_LaPastora/PXL_20260807_074517496.jpg,37a50feb1fc5bb97a92ee0f40f3d777f45a5437bdd9d431791d17bf8391c61ec,outputs/ml2_p1/defects/final/final_4755f880.png,a3625818570d0762594b4b34b8ab9ccfddd6ff66b3ee8824b56418d93e598585,drop_corner,0.86,0.901,0.0,0,0
final_ff3f3c95,2026-08-27__oneplus_flash__class_004__PXL_20260827_183458045,dataset/2026-08-27__oneplus_flash/class_004__CostaRica_LaPastora/PXL_20260827_183458045.jpg,bf85e5f7c10041fa7f9c5049d435a3c05e6d5f740ca71431e0e0b8aad020ada4,outputs/ml2_p1/defects/final/final_ff3f3c95.png,65378fd6a298863eb811635706c4b6d4225bc6eda148aac9088e11e59ad2a862,shift,0.12,0.8755,0.0475,1,0
final_605c8c7e,2026-08-30__pixel__class_010__PXL_20260830_124333854,dataset/2026-08-30__pixel/class_010__Indonesia_Java/PXL_20260830_124333854.jpg,277a49cfb553a6d264795821fe4481e2247b89e4394d06f756c08d0a7414b9b6,outputs/ml2_p1/defects/final/final_605c8c7e.png,f2a82cab85b416adccf4762fa1f730214ff031e3b374d2cdb96c16f988213a73,drop_corner,0.9,0.9014,0.0,0,0
final_f5306638,ood_positives_2026-09-11__PXL_20260911_055950561,dataset/ood_positives/PXL_20260911_055950561.jpg,4e5ced3a1398d51c203ebaeceb90b5fc6080511ba70bb196437ec2ab6644f1cd,data/seg_masks/base_points/ood_positives_2026-09-11__PXL_20260911_055950561.png,38b9ba191e5236ceaa05e02c70dbbafc7c7d4943be0a9aa67a40e8975c180212,clean,0.0,1.0,0.0,,1
final_eb1db73e,ood_positives_2026-09-11__PIC_20260911_130253,dataset/ood_positives/PIC_20260911_130253.JPG,16616e07042d26516d1d1248aa95f4020b0a7eeae698d05bdb0c875a97ab31ee,data/seg_masks/base_points/ood_positives_2026-09-11__PIC_20260911_130253.png,cbba7669899ea013cf60c47d82df284a8654925fc7c98ff6b7d9aac1c5f44afd,clean,0.0,1.0,0.0,,0
final_800db282,2026-08-25__oneplus__class_005__PXL_20260825_194049726,dataset/2026-08-25__oneplus/class_005__Guatemala_Tata/PXL_20260825_194049726.jpg,a76753cafff61666aff019fa07dc57ba5eec1067381d6ac81e4f3fb1017c195b,outputs/ml2_p1/defects/final/final_800db282.png,acac30ab3a6e4ca70b95508d7dff66a3db90a88d44cb9a28c709657e248ece82,add_band,0.6,0.9188,0.0527,1,0
final_72b0e56d,2026-08-30__sony__class_010__PIC_20260830_200654,dataset/2026-08-30__sony/class_010__Indonesia_Java/PIC_20260830_200654.JPG,76a9e8a3b9899f4fcbd1d8ab974e1d83652635a341b730cddb26f81f296d860e,outputs/ml2_p1/defects/final/final_72b0e56d.png,c220d7b61a7755c279821632cf2c2edbbe5f6bfa55cd5fa2f70936fbe16e2058,drop_corner,0.92,0.8864,0.0,1,0
final_f6562330,2026-08-27__oneplus_flash__class_004__PXL_20260827_183648295,dataset/2026-08-27__oneplus_flash/class_004__CostaRica_LaPastora/PXL_20260827_183648295.jpg,b619d186c60298da45f00b7b38cf4484ca4025413190520d96cef3f7d0eb5273,data/seg_masks/base_points/2026-08-27__oneplus_flash__class_004__PXL_20260827_183648295.png,933b5a724282dfd685a34ed81f3053e0d3fed59f209aeec33358496127cb1d20,clean,0.0,1.0,0.0,,0
final_96e5ea7b,2026-08-30__sony__class_010__PIC_20260830_200454,dataset/2026-08-30__sony/class_010__Indonesia_Java/PIC_20260830_200454.JPG,ecfa4e8e11104eb2fa3dedf59369cd95c6dfa87e0f2aac84e6b6fda34b64562c,data/seg_masks/base_points/2026-08-30__sony__class_010__PIC_20260830_200454.png,515fa108fad3c72914ccc13efc5dce23b27b2dbffa3816ddf85fc11103cd0461,clean,0.0,1.0,0.0,,0
final_37a290c9,2026-08-09__sony_cam__class_006__PIC_20260809_210244,dataset/2026-08-09__sony_cam/class_006__Brazil_Cerrado/PIC_20260809_210244.JPG,5b6caec85e0808655b16404e077234a8b1075c461b307d03217c42781d411202,outputs/ml2_p1/defects/final/final_37a290c9.png,14b4342c54c3cac6d4471a4351071165d31e85fd4e631751e20aaa8f1f93b675,erode,0.12,0.8812,0.0,1,0
final_302504ad,2026-08-09__sony_cam__class_004__PIC_20260809_204750,dataset/2026-08-09__sony_cam/class_004__CostaRica_LaPastora/PIC_20260809_204750.JPG,1db0784c83af035eb4e0da23f5035e74dbd53f13dc0d451e962429506b1712e6,outputs/ml2_p1/defects/final/final_302504ad.png,93101e51980167f767c1ce5ba75a2847f97e17e25e802f25feacd8d2ba5d4618,shift,0.24,0.8666,0.0121,1,0
final_f39701f1,2026-08-07__box_pictures_all_classes__class_006__PXL_20260807_070951591,dataset/2026-08-07__box_pictures_all_classes/class_006__Brazil_Cerrado/PXL_20260807_070951591.jpg,c1032e061a1590c662c297e2c90c4dcda848584bc841f806024dfc8965124591,outputs/ml2_p1/defects/final/final_f39701f1.png,f439505fc0c927db90530dbf4136b2ea4d043e150b58c537f5db10d04def0660,drop_corner,0.82,0.9317,0.0,0,0
final_8dfda729,2026-08-27__oneplus_flash__class_004__PXL_20260827_183458045,dataset/2026-08-27__oneplus_flash/class_004__CostaRica_LaPastora/PXL_20260827_183458045.jpg,bf85e5f7c10041fa7f9c5049d435a3c05e6d5f740ca71431e0e0b8aad020ada4,data/seg_masks/base_points/2026-08-27__oneplus_flash__class_004__PXL_20260827_183458045.png,0607b64f3a4d858976214a96b11deaf0b3947eb50de11d45db33cedaa7839814,clean,0.0,1.0,0.0,,0
final_16d45828,2026-08-07__box_pictures_all_classes__class_006__PXL_20260807_070951591,dataset/2026-08-07__box_pictures_all_classes/class_006__Brazil_Cerrado/PXL_20260807_070951591.jpg,c1032e061a1590c662c297e2c90c4dcda848584bc841f806024dfc8965124591,outputs/ml2_p1/defects/final/final_16d45828.png,4aba7dd057390e6fdb3be8424444ee5d73b72d8a70ed1029005876c80c9f9c70,erode,0.1,0.9006,0.0,0,0
final_31801d8f,2026-08-30__sony__class_010__PIC_20260830_200454,dataset/2026-08-30__sony/class_010__Indonesia_Java/PIC_20260830_200454.JPG,ecfa4e8e11104eb2fa3dedf59369cd95c6dfa87e0f2aac84e6b6fda34b64562c,outputs/ml2_p1/defects/final/final_31801d8f.png,e3e9b04732560e4ee9671b611ff4d67654eae85e5ccc66cdc69b0e3fecfb91b2,erode,0.18,0.8255,0.0,1,0
final_0a9f95a6,2026-08-25__iphone__class_002__IMG_6282,dataset/2026-08-25__iphone/class_002__Kenya_AA/IMG_6282.HEIC,5ce2f0ceb34a7ee213fdaf5a61e9d6b4efdf7fbd68f4a88ccd0f53cd191e8bc4,data/seg_masks/base_points/2026-08-25__iphone__class_002__IMG_6282.png,2e022c36be68ee9391a0820bfec84196b990eb8b62afd93f38c9c49624e977ba,clean,0.0,1.0,0.0,,0
final_b827f42d,2026-08-07__box_pictures_all_classes__class_004__PXL_20260807_074517496,dataset/2026-08-07__box_pictures_all_classes/class_004__CostaRica_LaPastora/PXL_20260807_074517496.jpg,37a50feb1fc5bb97a92ee0f40f3d777f45a5437bdd9d431791d17bf8391c61ec,outputs/ml2_p1/defects/final/final_b827f42d.png,9131913fb63048974182de39d26e675b3cc6da75010d71426a308586c8e18a21,dilate,0.1,0.9042,0.1052,1,0
final_d6fe2307,2026-08-30__sony__class_010__PIC_20260830_200654,dataset/2026-08-30__sony/class_010__Indonesia_Java/PIC_20260830_200654.JPG,76a9e8a3b9899f4fcbd1d8ab974e1d83652635a341b730cddb26f81f296d860e,outputs/ml2_p1/defects/final/final_d6fe2307.png,b3390dba747522ac774fc0badc44cd09862097cc69bc26efe5b8ffbdd38d2b44,erode,0.02,0.9809,0.0,0,0
final_0aa73d30,2026-08-30__pixel__class_010__PXL_20260830_124715018,dataset/2026-08-30__pixel/class_010__Indonesia_Java/PXL_20260830_124715018.jpg,62544e0d6c2062edeb86b2361dd0ccc00f8f4d073ffc21c28ce64b8ff9dd3922,outputs/ml2_p1/defects/final/final_0aa73d30.png,32c8c191137527a45d322abfd7d3decec5d3c7da36b856e0059519aea8680008,shift,0.24,0.8817,0.0016,1,0
final_b0a5d335,2026-08-30__sony__class_010__PIC_20260830_200654,dataset/2026-08-30__sony/class_010__Indonesia_Java/PIC_20260830_200654.JPG,76a9e8a3b9899f4fcbd1d8ab974e1d83652635a341b730cddb26f81f296d860e,outputs/ml2_p1/defects/final/final_b0a5d335.png,a089b5babb44aba1572bbc5bf6c1348f4a7263d66a10814b121b8878d7576121,shift,0.12,0.9118,0.002,0,0
final_ea0aa860,2026-08-27__oneplus_flash__class_008__PXL_20260827_185807199,dataset/2026-08-27__oneplus_flash/class_008__Ethiopia_Kochere/PXL_20260827_185807199.jpg,bb89038f121853f1a24700fcb9ad2ba19fd3dcf171723d6024e661eebef4e487,outputs/ml2_p1/defects/final/final_ea0aa860.png,aa2bf0daf51099703914702795ea758b9643af4011c4680204e2ffaac6f48fe7,erode,0.1,0.8954,0.0,1,0
final_d354c4bf,2026-08-07__box_pictures_all_classes__class_006__PXL_20260807_070951591,dataset/2026-08-07__box_pictures_all_classes/class_006__Brazil_Cerrado/PXL_20260807_070951591.jpg,c1032e061a1590c662c297e2c90c4dcda848584bc841f806024dfc8965124591,outputs/ml2_p1/defects/final/final_d354c4bf.png,835ad4c4d9052330706b790de37dbd97ef94e58ca23b8b415b26afca0d1f04ca,dilate,0.06,0.9427,0.0602,1,0
final_cc5bfea1,2026-08-25__iphone__class_002__IMG_6282,dataset/2026-08-25__iphone/class_002__Kenya_AA/IMG_6282.HEIC,5ce2f0ceb34a7ee213fdaf5a61e9d6b4efdf7fbd68f4a88ccd0f53cd191e8bc4,outputs/ml2_p1/defects/final/final_cc5bfea1.png,067f23a7fb09797ab261e6b7077682edcca13bbcafb800144325ec4c37fcbc78,erode,0.14,0.8557,0.0,1,0
final_cbb28fcc,2026-08-30__pixel__class_010__PXL_20260830_124715018,dataset/2026-08-30__pixel/class_010__Indonesia_Java/PXL_20260830_124715018.jpg,62544e0d6c2062edeb86b2361dd0ccc00f8f4d073ffc21c28ce64b8ff9dd3922,data/seg_masks/base_points/2026-08-30__pixel__class_010__PXL_20260830_124715018.png,d92f40ce43654edf7216001f185644225ee0513b35b05472802c79ca3b05887c,clean,0.0,1.0,0.0,,0
final_0b2c3994,2026-08-07__box_pictures_all_classes__class_004__PXL_20260807_074317801,dataset/2026-08-07__box_pictures_all_classes/class_004__CostaRica_LaPastora/PXL_20260807_074317801.jpg,78c2c492481c359594494ca26bb3c66866ceebd26d75c5ff2dd015bfc3e74ec7,outputs/ml2_p1/defects/final/final_0b2c3994.png,555a673608e7a0c1f657f33897d0fa036a9eaf0e25e74852ee194da7e704e919,dilate,0.04,0.9594,0.0423,0,0
final_25dff9f0,2026-08-09__pixel_cam__class_003__PXL_20260809_132246013,dataset/2026-08-09__pixel_cam/class_003__Colombia_PinkBourbon/PXL_20260809_132246013.jpg,b1c28414a5be9658937d2ed2f6becb9601f5d6b729187cebf1f7cb761b0a3893,outputs/ml2_p1/defects/final/final_25dff9f0.png,de12d1bcdfe527023efd7a31e101b56bbcf330ccf262d707f24808fd8f59a2e3,shift,0.22,0.8565,0.0025,1,0
final_2caf9617,2026-08-30__oneplus__class_010__PXL_20260830_175659210,dataset/2026-08-30__oneplus/class_010__Indonesia_Java/PXL_20260830_175659210.jpg,ee4bb10564dd72752339c18c311ba6435075cca8ff6e6fd137f4950efbe5637b,data/seg_masks/base_points/2026-08-30__oneplus__class_010__PXL_20260830_175659210.png,5d9ab01ee135996bf6d45c60e951ff8a53bcc0bc2f897cc45ea62f1605a23023,clean,0.0,1.0,0.0,,1
final_f1dc5557,2026-08-30__pixel__class_010__PXL_20260830_124715018,dataset/2026-08-30__pixel/class_010__Indonesia_Java/PXL_20260830_124715018.jpg,62544e0d6c2062edeb86b2361dd0ccc00f8f4d073ffc21c28ce64b8ff9dd3922,outputs/ml2_p1/defects/final/final_f1dc5557.png,5b03a46b220db341a4a4f4899d5e1e51ad7038541c8c911c5ef5f5dac4f8324a,drop_corner,0.96,0.8487,0.0,1,0
final_88d6902c,2026-08-09__pixel_cam__class_001__PXL_20260809_131123399,dataset/2026-08-09__pixel_cam/class_001__Ethiopia_Sidamo/PXL_20260809_131123399.jpg,23158c43eb2586974cda565dd7deb6b0bf01e59f24e20f7fb9fd518be4ff984a,outputs/ml2_p1/defects/final/final_88d6902c.png,75304248f9ad78b713b709a01101c62e0d6a2494364789732de188deefbb2753,drop_corner,0.94,0.8703,0.0,1,0
final_162f4e69,ood_positives_2026-09-11__PIC_20260911_130253,dataset/ood_positives/PIC_20260911_130253.JPG,16616e07042d26516d1d1248aa95f4020b0a7eeae698d05bdb0c875a97ab31ee,outputs/ml2_p1/defects/final/final_162f4e69.png,64d252d95b9d95595ad7ed53275c6602aac6f1d2a5b14b1460ad57fc02ebafd5,dilate,0.04,0.9598,0.042,0,0
final_50346b75,ood_positives_2026-09-11__PIC_20260911_130253,dataset/ood_positives/PIC_20260911_130253.JPG,16616e07042d26516d1d1248aa95f4020b0a7eeae698d05bdb0c875a97ab31ee,outputs/ml2_p1/defects/final/final_50346b75.png,249255a22545937bc87f4ffe449ef9afd5f0d8ea4fea5e8fe433b22fe5f895ae,add_band,0.1,0.9541,0.0557,1,0
final_6bcafe32,2026-08-30__pixel__class_010__PXL_20260830_124715018,dataset/2026-08-30__pixel/class_010__Indonesia_Java/PXL_20260830_124715018.jpg,62544e0d6c2062edeb86b2361dd0ccc00f8f4d073ffc21c28ce64b8ff9dd3922,outputs/ml2_p1/defects/final/final_6bcafe32.png,d19da05763f8b264eb9a663546da9529db361d00f558dcc8ed082c66b41caa0b,shift,0.18,0.9109,0.0016,0,0
final_c7af9a53,2026-08-30__pixel__class_010__PXL_20260830_124715018,dataset/2026-08-30__pixel/class_010__Indonesia_Java/PXL_20260830_124715018.jpg,62544e0d6c2062edeb86b2361dd0ccc00f8f4d073ffc21c28ce64b8ff9dd3922,outputs/ml2_p1/defects/final/final_c7af9a53.png,3355a12de201c0ab62ad0869e21b62275704ba6ee7009e835361b8dbb01ed188,erode,0.12,0.8763,0.0,1,0
final_2b59ebbe,2026-08-25__oneplus__class_005__PXL_20260825_194049726,dataset/2026-08-25__oneplus/class_005__Guatemala_Tata/PXL_20260825_194049726.jpg,a76753cafff61666aff019fa07dc57ba5eec1067381d6ac81e4f3fb1017c195b,outputs/ml2_p1/defects/final/final_2b59ebbe.png,b35ae5ca3866050a1050a7c32c130a8b4718469ea0a5e22a172de99eba1284d7,dilate,0.1,0.905,0.1056,1,0
final_d1524431,2026-08-30__sony__class_010__PIC_20260830_200454,dataset/2026-08-30__sony/class_010__Indonesia_Java/PIC_20260830_200454.JPG,ecfa4e8e11104eb2fa3dedf59369cd95c6dfa87e0f2aac84e6b6fda34b64562c,outputs/ml2_p1/defects/final/final_d1524431.png,256f878e8be4d857d8adb934b6b8724449467b7d1ac3af1da60f5395d80f93cd,drop_corner,0.96,0.8524,0.0,1,0
final_a564873d,2026-08-25__oneplus__class_005__PXL_20260825_194049726,dataset/2026-08-25__oneplus/class_005__Guatemala_Tata/PXL_20260825_194049726.jpg,a76753cafff61666aff019fa07dc57ba5eec1067381d6ac81e4f3fb1017c195b,outputs/ml2_p1/defects/final/final_a564873d.png,d91caafec8500e9e6b2bbf7eb9bf0a9380a7fa516a4e0050823e270eeb9cb22d,drop_corner,0.96,0.8525,0.0,1,0
final_ffd85039,2026-08-09__pixel_cam__class_003__PXL_20260809_132246013,dataset/2026-08-09__pixel_cam/class_003__Colombia_PinkBourbon/PXL_20260809_132246013.jpg,b1c28414a5be9658937d2ed2f6becb9601f5d6b729187cebf1f7cb761b0a3893,outputs/ml2_p1/defects/final/final_ffd85039.png,1b01b1c358869a12732dc3f5c28cb17069e550381896e609f94d5839079816bf,erode,0.14,0.8627,0.0,1,0
final_4d339cb7,2026-08-09__pixel_cam__class_003__PXL_20260809_132636038,dataset/2026-08-09__pixel_cam/class_003__Colombia_PinkBourbon/PXL_20260809_132636038.jpg,f846572786629690bde7f8a57468d2bd0beb92f3951c541e489faea7376b1063,outputs/ml2_p1/defects/final/final_4d339cb7.png,0df502bccf09d61168ae10d4f7532f3409705f3d5ca3790fb3637077bc778559,erode,0.1,0.8979,0.0,1,0
final_cc8ae63c,2026-08-25__oneplus__class_009__PXL_20260825_193927646-2,dataset/2026-08-25__oneplus/class_009__Vietnam_Robusta/PXL_20260825_193927646-2.jpg,a98dadf4f360917bb6ebb3bc825421bd7e5824886a34a74111f7fabecdc5136c,outputs/ml2_p1/defects/final/final_cc8ae63c.png,3fba9210265d399f5fd5403c4b183331d569e84260c11ade655dccb5c32da47d,add_band,0.34,0.8862,0.0604,1,0
final_0471c128,ood_positives_2026-09-11__PXL_20260911_055950561,dataset/ood_positives/PXL_20260911_055950561.jpg,4e5ced3a1398d51c203ebaeceb90b5fc6080511ba70bb196437ec2ab6644f1cd,outputs/ml2_p1/defects/final/final_0471c128.png,12ff8440c957b53b7628e4f09ddd42c0987dd7a80b60a901203388cb9d32638d,dilate,0.04,0.9702,0.0405,0,0
final_99e7febe,2026-08-07__box_pictures_all_classes__class_004__PXL_20260807_074317801,dataset/2026-08-07__box_pictures_all_classes/class_004__CostaRica_LaPastora/PXL_20260807_074317801.jpg,78c2c492481c359594494ca26bb3c66866ceebd26d75c5ff2dd015bfc3e74ec7,outputs/ml2_p1/defects/final/final_99e7febe.png,bdf60d4406dd9d6339766d0f7a4d2494425a323288d467c8f577ea9fd995f354,erode,0.16,0.8406,0.0,1,0
final_c506759e,2026-08-25__iphone__class_002__IMG_6282,dataset/2026-08-25__iphone/class_002__Kenya_AA/IMG_6282.HEIC,5ce2f0ceb34a7ee213fdaf5a61e9d6b4efdf7fbd68f4a88ccd0f53cd191e8bc4,outputs/ml2_p1/defects/final/final_c506759e.png,c7c0d84aa371e48a4519383d23e47ea00cfc21b8a9c3b0b5385607ca23fc5c42,shift,0.12,0.8583,0.0756,1,0
final_3390dfc9,ood_positives_2026-09-11__PXL_20260911_055950561,dataset/ood_positives/PXL_20260911_055950561.jpg,4e5ced3a1398d51c203ebaeceb90b5fc6080511ba70bb196437ec2ab6644f1cd,data/seg_masks/base_points/ood_positives_2026-09-11__PXL_20260911_055950561.png,38b9ba191e5236ceaa05e02c70dbbafc7c7d4943be0a9aa67a40e8975c180212,clean,0.0,1.0,0.0,,0
final_a604d070,2026-08-30__oneplus__class_010__PXL_20260830_175659210,dataset/2026-08-30__oneplus/class_010__Indonesia_Java/PXL_20260830_175659210.jpg,ee4bb10564dd72752339c18c311ba6435075cca8ff6e6fd137f4950efbe5637b,outputs/ml2_p1/defects/final/final_a604d070.png,78b3b65b366c3757e7b83a6266fa232a632e2b12b3305ad79609e6033e40a54b,shift,0.12,0.9316,0.0017,0,0
final_b86f05c3,2026-08-25__iphone__class_004__IMG_6277D,dataset/2026-08-25__iphone/class_004__CostaRica_LaPastora/IMG_6277D.HEIC,841f0da955dcb0353ca0973ba3fc130322ccc43409ef7138475c689a0463cdc8,outputs/ml2_p1/defects/final/final_b86f05c3.png,ab7627a6daea4087debf60a29bfe27abd7f618adb2598d71b321de0c14125356,drop_corner,0.9,0.889,0.0,1,0
final_893df392,2026-08-27__oneplus_flash__class_004__PXL_20260827_183458045,dataset/2026-08-27__oneplus_flash/class_004__CostaRica_LaPastora/PXL_20260827_183458045.jpg,bf85e5f7c10041fa7f9c5049d435a3c05e6d5f740ca71431e0e0b8aad020ada4,outputs/ml2_p1/defects/final/final_893df392.png,530b38222e46735bd0f1cbc8169cf0f68f57797d39b52375fef84e15e2ff90ab,erode,0.1,0.8893,0.0,1,0
final_47bac0ab,2026-08-27__oneplus_flash__class_008__PXL_20260827_185807199,dataset/2026-08-27__oneplus_flash/class_008__Ethiopia_Kochere/PXL_20260827_185807199.jpg,bb89038f121853f1a24700fcb9ad2ba19fd3dcf171723d6024e661eebef4e487,outputs/ml2_p1/defects/final/final_47bac0ab.png,53c5ae079ad4a9dc3d5a15a4087287c709b9a42ded79d1faf021bcd2d4510368,dilate,0.18,0.9433,0.0608,1,0
final_eeb7d602,2026-08-25__oneplus__class_009__PXL_20260825_193927646-2,dataset/2026-08-25__oneplus/class_009__Vietnam_Robusta/PXL_20260825_193927646-2.jpg,a98dadf4f360917bb6ebb3bc825421bd7e5824886a34a74111f7fabecdc5136c,data/seg_masks/base_points/2026-08-25__oneplus__class_009__PXL_20260825_193927646-2.png,df69497b0adc556f2598569e817d9c860c1d9812bf2ac5567cfe1a1516cce057,clean,0.0,1.0,0.0,,0
final_6a53ad67,2026-08-30__sony__class_010__PIC_20260830_200654,dataset/2026-08-30__sony/class_010__Indonesia_Java/PIC_20260830_200654.JPG,76a9e8a3b9899f4fcbd1d8ab974e1d83652635a341b730cddb26f81f296d860e,data/seg_masks/base_points/2026-08-30__sony__class_010__PIC_20260830_200654.png,579640744ecb8aeffeab5bf0798b60c9b004f7267821dcd14660e3ccf2d540dc,clean,0.0,1.0,0.0,,1
final_44171b90,2026-08-30__pixel__class_010__PXL_20260830_124715018,dataset/2026-08-30__pixel/class_010__Indonesia_Java/PXL_20260830_124715018.jpg,62544e0d6c2062edeb86b2361dd0ccc00f8f4d073ffc21c28ce64b8ff9dd3922,outputs/ml2_p1/defects/final/final_44171b90.png,2576c7ce933c9be232a5f850e1fd7ec468b25eda2405fd4ca93c199e1a188bec,erode,0.1,0.8963,0.0,1,0
final_dad7fa1a,2026-08-27__oneplus_flash__class_004__PXL_20260827_183458045,dataset/2026-08-27__oneplus_flash/class_004__CostaRica_LaPastora/PXL_20260827_183458045.jpg,bf85e5f7c10041fa7f9c5049d435a3c05e6d5f740ca71431e0e0b8aad020ada4,outputs/ml2_p1/defects/final/final_dad7fa1a.png,c446cc49eddbddd8562deda0f5a9bc68b5b494d71b8f3eb5386b9230c6954d15,dilate,0.14,0.9398,0.0689,1,0
final_e04c1f34,2026-08-30__oneplus__class_010__PXL_20260830_175659210,dataset/2026-08-30__oneplus/class_010__Indonesia_Java/PXL_20260830_175659210.jpg,ee4bb10564dd72752339c18c311ba6435075cca8ff6e6fd137f4950efbe5637b,outputs/ml2_p1/defects/final/final_e04c1f34.png,f74e3d56d8b005e85da27fcb34911d63a2fa64b466fe020ae6909208378ed8b1,drop_corner,0.96,0.8507,0.0,1,0
final_4710a836,2026-08-30__sony__class_010__PIC_20260830_200654,dataset/2026-08-30__sony/class_010__Indonesia_Java/PIC_20260830_200654.JPG,76a9e8a3b9899f4fcbd1d8ab974e1d83652635a341b730cddb26f81f296d860e,outputs/ml2_p1/defects/final/final_4710a836.png,9a4984699d76357e9d7d2b75cc211c75bf28303fbde6219cf131ee12bc983395,shift,0.2,0.856,0.002,1,0
final_b3ff6271,2026-08-09__sony_cam__class_004__PIC_20260809_204750,dataset/2026-08-09__sony_cam/class_004__CostaRica_LaPastora/PIC_20260809_204750.JPG,1db0784c83af035eb4e0da23f5035e74dbd53f13dc0d451e962429506b1712e6,outputs/ml2_p1/defects/final/final_b3ff6271.png,91e1988c597e654de89821b53a336bc1b999a08ae7acfec5b25de7c471ed0b94,erode,0.14,0.8553,0.0,1,0
final_4cbd9870,2026-08-30__pixel__class_010__PXL_20260830_124715018,dataset/2026-08-30__pixel/class_010__Indonesia_Java/PXL_20260830_124715018.jpg,62544e0d6c2062edeb86b2361dd0ccc00f8f4d073ffc21c28ce64b8ff9dd3922,data/seg_masks/base_points/2026-08-30__pixel__class_010__PXL_20260830_124715018.png,d92f40ce43654edf7216001f185644225ee0513b35b05472802c79ca3b05887c,clean,0.0,1.0,0.0,,1
final_36e93c0b,2026-08-25__oneplus__class_005__PXL_20260825_194049726,dataset/2026-08-25__oneplus/class_005__Guatemala_Tata/PXL_20260825_194049726.jpg,a76753cafff61666aff019fa07dc57ba5eec1067381d6ac81e4f3fb1017c195b,outputs/ml2_p1/defects/final/final_36e93c0b.png,cf24331571d4e6d9b3ea54879784ee97f1e9cf8d667d1b90a831583db725a2c9,shift,0.1,0.8689,0.0671,1,0
final_2b259082,2026-08-30__pixel__class_010__PXL_20260830_124333854,dataset/2026-08-30__pixel/class_010__Indonesia_Java/PXL_20260830_124333854.jpg,277a49cfb553a6d264795821fe4481e2247b89e4394d06f756c08d0a7414b9b6,outputs/ml2_p1/defects/final/final_2b259082.png,4fa0ec5a3c0dc1932dafac74bb170fdfdda96d80f21a4d7f15937477943a344e,shift,0.16,0.886,0.0001,1,0
final_2b622c65,2026-08-27__oneplus_flash__class_008__PXL_20260827_185807199,dataset/2026-08-27__oneplus_flash/class_008__Ethiopia_Kochere/PXL_20260827_185807199.jpg,bb89038f121853f1a24700fcb9ad2ba19fd3dcf171723d6024e661eebef4e487,outputs/ml2_p1/defects/final/final_2b622c65.png,00c8384f573c771d425a0cb70797cb5169ce9adb1955784d3ea33396e54e2a68,add_band,0.9,0.9162,0.0524,1,0
final_f6222870,2026-08-25__iphone__class_004__IMG_6277D,dataset/2026-08-25__iphone/class_004__CostaRica_LaPastora/IMG_6277D.HEIC,841f0da955dcb0353ca0973ba3fc130322ccc43409ef7138475c689a0463cdc8,outputs/ml2_p1/defects/final/final_f6222870.png,8fc91222eb497df9a20fab9a0852e7f08ebc94e6ecf03f43e4342d07c32dd837,dilate,0.02,0.9795,0.0216,0,0
final_407bc566,2026-08-07__box_pictures_all_classes__class_006__PXL_20260807_070951591,dataset/2026-08-07__box_pictures_all_classes/class_006__Brazil_Cerrado/PXL_20260807_070951591.jpg,c1032e061a1590c662c297e2c90c4dcda848584bc841f806024dfc8965124591,outputs/ml2_p1/defects/final/final_407bc566.png,91a415c6439d4b82973677e3b0afa585bd9ff649a14bb79aa7b0e14e18b04f8a,dilate,0.08,0.9247,0.0815,1,0
final_486c1168,ood_positives_2026-09-30__PXL_20260915_114946300,dataset/ood_positives/PXL_20260915_114946300.jpg,48184b71dd7efe244fb4af86dfff979c63f458db06a000ec1ca80ccdc954c066,outputs/ml2_p1/defects/final/final_486c1168.png,a7f14d47e1d7ec7740b39b3baeba6ec86bf1a77d23fc8feaf4a3c73d16da92ec,drop_corner,0.96,0.8511,0.0,1,0
final_57c8ba7d,ood_positives_2026-09-11__PIC_20260911_130253,dataset/ood_positives/PIC_20260911_130253.JPG,16616e07042d26516d1d1248aa95f4020b0a7eeae698d05bdb0c875a97ab31ee,outputs/ml2_p1/defects/final/final_57c8ba7d.png,74dd496bf88f8dfedc52f88325c82490e9e9730966ed867806a2f51b5546c61a,shift,0.16,0.8192,0.0934,1,0
final_c366edcc,2026-08-25__iphone__class_002__IMG_6282,dataset/2026-08-25__iphone/class_002__Kenya_AA/IMG_6282.HEIC,5ce2f0ceb34a7ee213fdaf5a61e9d6b4efdf7fbd68f4a88ccd0f53cd191e8bc4,outputs/ml2_p1/defects/final/final_c366edcc.png,200599e720712357bef8b1d54ca9b4600dda79c3343b1df7f458818088e5e4da,dilate,0.02,0.9806,0.021,0,0
final_8f522722,2026-08-07__box_pictures_all_classes__class_004__PXL_20260807_074317801,dataset/2026-08-07__box_pictures_all_classes/class_004__CostaRica_LaPastora/PXL_20260807_074317801.jpg,78c2c492481c359594494ca26bb3c66866ceebd26d75c5ff2dd015bfc3e74ec7,outputs/ml2_p1/defects/final/final_8f522722.png,9dfc254d2dc716b379f74e9a7d59f46eadd15e8a73aecd20adce2ab719bff519,add_band,0.12,0.9116,0.0572,1,0
final_8d378e64,2026-08-30__oneplus__class_010__PXL_20260830_175659210,dataset/2026-08-30__oneplus/class_010__Indonesia_Java/PXL_20260830_175659210.jpg,ee4bb10564dd72752339c18c311ba6435075cca8ff6e6fd137f4950efbe5637b,outputs/ml2_p1/defects/final/final_8d378e64.png,54492287d7e4b09958e69424bb65518258d58980d67f669a576cd11f0c148425,erode,0.14,0.8638,0.0,1,0
final_050e79f1,2026-08-09__sony_cam__class_006__PIC_20260809_210244,dataset/2026-08-09__sony_cam/class_006__Brazil_Cerrado/PIC_20260809_210244.JPG,5b6caec85e0808655b16404e077234a8b1075c461b307d03217c42781d411202,data/seg_masks/base_points/2026-08-09__sony_cam__class_006__PIC_20260809_210244.png,3920cd5c74fa64b5c29bac0f930b68091bf86ee4f3a83f650c2e3c14d0fa5d81,clean,0.0,1.0,0.0,,1
final_83dc3ddc,2026-08-09__pixel_cam__class_001__PXL_20260809_131123399,dataset/2026-08-09__pixel_cam/class_001__Ethiopia_Sidamo/PXL_20260809_131123399.jpg,23158c43eb2586974cda565dd7deb6b0bf01e59f24e20f7fb9fd518be4ff984a,data/seg_masks/base_points/2026-08-09__pixel_cam__class_001__PXL_20260809_131123399.png,36f42c9a141fd7c3f68a17802cfc1565a4dccdea1fa4331f76c4eeceb13abc93,clean,0.0,1.0,0.0,,1
final_c0016df5,2026-08-25__oneplus__class_005__PXL_20260825_194049726,dataset/2026-08-25__oneplus/class_005__Guatemala_Tata/PXL_20260825_194049726.jpg,a76753cafff61666aff019fa07dc57ba5eec1067381d6ac81e4f3fb1017c195b,data/seg_masks/base_points/2026-08-25__oneplus__class_005__PXL_20260825_194049726.png,96cc1245b3a538f6ac6c5a10fad866503793ec1a7a9aeeb399239c2deede1a76,clean,0.0,1.0,0.0,,0
final_40529af3,2026-08-30__pixel__class_010__PXL_20260830_124333854,dataset/2026-08-30__pixel/class_010__Indonesia_Java/PXL_20260830_124333854.jpg,277a49cfb553a6d264795821fe4481e2247b89e4394d06f756c08d0a7414b9b6,outputs/ml2_p1/defects/final/final_40529af3.png,05494932fa9f0c042516ddf0fa194402ebcffa4dc31aec5798f7dcaca1ebf651,drop_corner,0.98,0.8288,0.0,1,0
final_f91942e7,2026-08-25__oneplus__class_009__PXL_20260825_193927646-2,dataset/2026-08-25__oneplus/class_009__Vietnam_Robusta/PXL_20260825_193927646-2.jpg,a98dadf4f360917bb6ebb3bc825421bd7e5824886a34a74111f7fabecdc5136c,outputs/ml2_p1/defects/final/final_f91942e7.png,9ee6e9c69614a5bdb962908bf7c4549e78d262479d12be5a04bdfd883bc3f6da,shift,0.14,0.8207,0.0956,1,0
final_bb71a35d,2026-08-25__iphone__class_004__IMG_6277D,dataset/2026-08-25__iphone/class_004__CostaRica_LaPastora/IMG_6277D.HEIC,841f0da955dcb0353ca0973ba3fc130322ccc43409ef7138475c689a0463cdc8,outputs/ml2_p1/defects/final/final_bb71a35d.png,bd044a05b63e9607c8fd9fa996c579b2e04234a667a7dc2d55a73788b019729a,drop_corner,0.84,0.9174,0.0,0,0
final_163e033b,2026-08-27__oneplus_flash__class_004__PXL_20260827_183648295,dataset/2026-08-27__oneplus_flash/class_004__CostaRica_LaPastora/PXL_20260827_183648295.jpg,b619d186c60298da45f00b7b38cf4484ca4025413190520d96cef3f7d0eb5273,outputs/ml2_p1/defects/final/final_163e033b.png,032f192552ba8138bd2612386aa65c1b27e0b09b4164f6047dc0444592783f02,erode,0.16,0.8261,0.0,1,0
final_ce8b02b4,2026-08-25__iphone__class_004__IMG_6277D,dataset/2026-08-25__iphone/class_004__CostaRica_LaPastora/IMG_6277D.HEIC,841f0da955dcb0353ca0973ba3fc130322ccc43409ef7138475c689a0463cdc8,outputs/ml2_p1/defects/final/final_ce8b02b4.png,0a385017601b3aabd3881e87dec004a91195ecd4223ccd5878fab516809c22c4,shift,0.06,0.9255,0.041,0,0
final_be41f969,2026-08-25__oneplus__class_005__PXL_20260825_194049726,dataset/2026-08-25__oneplus/class_005__Guatemala_Tata/PXL_20260825_194049726.jpg,a76753cafff61666aff019fa07dc57ba5eec1067381d6ac81e4f3fb1017c195b,outputs/ml2_p1/defects/final/final_be41f969.png,c47f662980ce1ceae07d91ed43348bff548ec3140caccc55b72832363ad2cb06,dilate,0.12,0.8877,0.1267,1,0
final_65b589c1,2026-08-09__pixel_cam__class_003__PXL_20260809_132636038,dataset/2026-08-09__pixel_cam/class_003__Colombia_PinkBourbon/PXL_20260809_132636038.jpg,f846572786629690bde7f8a57468d2bd0beb92f3951c541e489faea7376b1063,outputs/ml2_p1/defects/final/final_65b589c1.png,d0e6ee47078a89e9a1ad4777e09856b42e72d459e72ce090f904e9e6eb4fac34,shift,0.12,0.9121,0.0026,0,0
final_8cab8126,ood_positives_2026-09-11__PIC_20260911_130253,dataset/ood_positives/PIC_20260911_130253.JPG,16616e07042d26516d1d1248aa95f4020b0a7eeae698d05bdb0c875a97ab31ee,outputs/ml2_p1/defects/final/final_8cab8126.png,f723a63d2a746c514a185f1baeb1b49e3a8828dea6ff515d2ba26d1555447adc,dilate,0.12,0.896,0.1209,1,0
final_84e61799,2026-08-07__box_pictures_all_classes__class_004__PXL_20260807_074517496,dataset/2026-08-07__box_pictures_all_classes/class_004__CostaRica_LaPastora/PXL_20260807_074517496.jpg,37a50feb1fc5bb97a92ee0f40f3d777f45a5437bdd9d431791d17bf8391c61ec,outputs/ml2_p1/defects/final/final_84e61799.png,3a691741a930ad8fb068165f5424cc069cef218efe4087d1045ce055d3c4ec15,erode,0.08,0.9203,0.0,0,0
final_9866b506,2026-08-09__sony_cam__class_004__PIC_20260809_204750,dataset/2026-08-09__sony_cam/class_004__CostaRica_LaPastora/PIC_20260809_204750.JPG,1db0784c83af035eb4e0da23f5035e74dbd53f13dc0d451e962429506b1712e6,outputs/ml2_p1/defects/final/final_9866b506.png,ea7e81dac2c7dcbebbe7c0b31b1119c6f882cfffa316522fa55a6d24d9bbc8ed,erode,0.02,0.9799,0.0,0,0
final_dc64fe73,2026-08-27__oneplus_flash__class_004__PXL_20260827_183458045,dataset/2026-08-27__oneplus_flash/class_004__CostaRica_LaPastora/PXL_20260827_183458045.jpg,bf85e5f7c10041fa7f9c5049d435a3c05e6d5f740ca71431e0e0b8aad020ada4,outputs/ml2_p1/defects/final/final_dc64fe73.png,837a29a5446a362f60bd42c295dce7ad5ac02a2328ee12d2b5734e50016643be,add_band,0.96,0.9109,0.0493,0,0
final_faa0d845,2026-08-27__oneplus_flash__class_008__PXL_20260827_185807199,dataset/2026-08-27__oneplus_flash/class_008__Ethiopia_Kochere/PXL_20260827_185807199.jpg,bb89038f121853f1a24700fcb9ad2ba19fd3dcf171723d6024e661eebef4e487,outputs/ml2_p1/defects/final/final_faa0d845.png,e7de4f95d822ded65054cb993a954fb6d3804a365e3d2eea8bddfeb594fd45c3,drop_corner,0.96,0.845,0.0,1,0
final_ed055120,2026-08-25__iphone__class_002__IMG_6282,dataset/2026-08-25__iphone/class_002__Kenya_AA/IMG_6282.HEIC,5ce2f0ceb34a7ee213fdaf5a61e9d6b4efdf7fbd68f4a88ccd0f53cd191e8bc4,outputs/ml2_p1/defects/final/final_ed055120.png,4d22060610b9d978149d09e6a0218a94a614a74cc17091fe06692f81809d664e,shift,0.1,0.8804,0.064,1,0
final_990b4b4e,2026-08-25__oneplus__class_009__PXL_20260825_193927646-2,dataset/2026-08-25__oneplus/class_009__Vietnam_Robusta/PXL_20260825_193927646-2.jpg,a98dadf4f360917bb6ebb3bc825421bd7e5824886a34a74111f7fabecdc5136c,data/seg_masks/base_points/2026-08-25__oneplus__class_009__PXL_20260825_193927646-2.png,df69497b0adc556f2598569e817d9c860c1d9812bf2ac5567cfe1a1516cce057,clean,0.0,1.0,0.0,,1
final_da4ae9fb,2026-08-25__iphone__class_004__IMG_6277D,dataset/2026-08-25__iphone/class_004__CostaRica_LaPastora/IMG_6277D.HEIC,841f0da955dcb0353ca0973ba3fc130322ccc43409ef7138475c689a0463cdc8,outputs/ml2_p1/defects/final/final_da4ae9fb.png,2d131afaf1914c0f4f348e1ff463e403ff348516f1228ab4813f76f66d0da054,add_band,0.28,0.8812,0.0674,1,0
final_fae96315,2026-08-30__sony__class_010__PIC_20260830_200654,dataset/2026-08-30__sony/class_010__Indonesia_Java/PIC_20260830_200654.JPG,76a9e8a3b9899f4fcbd1d8ab974e1d83652635a341b730cddb26f81f296d860e,outputs/ml2_p1/defects/final/final_fae96315.png,48ef5fe6312ffcb0279d809f1d5271dc408df343c219ac2392e701661a092f9f,drop_corner,0.86,0.9195,0.0,0,0
final_6fe32c45,2026-08-27__oneplus_flash__class_008__PXL_20260827_185807199,dataset/2026-08-27__oneplus_flash/class_008__Ethiopia_Kochere/PXL_20260827_185807199.jpg,bb89038f121853f1a24700fcb9ad2ba19fd3dcf171723d6024e661eebef4e487,outputs/ml2_p1/defects/final/final_6fe32c45.png,321bc2ee3b53e0b16acbc57c84254ff7e9f9058d7e1c90aa2bb8dfaccbd67ee6,drop_corner,0.88,0.91,0.0,0,0
final_3813b72c,2026-08-27__oneplus_flash__class_004__PXL_20260827_183648295,dataset/2026-08-27__oneplus_flash/class_004__CostaRica_LaPastora/PXL_20260827_183648295.jpg,b619d186c60298da45f00b7b38cf4484ca4025413190520d96cef3f7d0eb5273,outputs/ml2_p1/defects/final/final_3813b72c.png,f63e311d2a2b2b73313b61ca93969e304767d9e74b971c151e0bedcfa7d71cc0,drop_corner,0.94,0.8602,0.0,1,0
final_9f0ee793,2026-08-25__iphone__class_002__IMG_6282,dataset/2026-08-25__iphone/class_002__Kenya_AA/IMG_6282.HEIC,5ce2f0ceb34a7ee213fdaf5a61e9d6b4efdf7fbd68f4a88ccd0f53cd191e8bc4,outputs/ml2_p1/defects/final/final_9f0ee793.png,369cb633e68cf64e20a2c75a09e3d3731b1959fada23e9845a84002b1af37fb3,drop_corner,0.88,0.9156,0.0,0,0
final_1be24d3a,2026-08-27__oneplus_flash__class_004__PXL_20260827_183648295,dataset/2026-08-27__oneplus_flash/class_004__CostaRica_LaPastora/PXL_20260827_183648295.jpg,b619d186c60298da45f00b7b38cf4484ca4025413190520d96cef3f7d0eb5273,outputs/ml2_p1/defects/final/final_1be24d3a.png,49b42b1809bf31149d364c202bd62f9e6c1275d737e3e67990fee767f3280be6,add_band,0.7,0.9236,0.0545,1,0
final_880bddcd,2026-08-07__box_pictures_all_classes__class_004__PXL_20260807_074517496,dataset/2026-08-07__box_pictures_all_classes/class_004__CostaRica_LaPastora/PXL_20260807_074517496.jpg,37a50feb1fc5bb97a92ee0f40f3d777f45a5437bdd9d431791d17bf8391c61ec,outputs/ml2_p1/defects/final/final_880bddcd.png,272ad5444d83ab1733d59e37db3c1191116018695d9b88182a7b8fffb96dd345,dilate,0.04,0.9592,0.0421,0,0
final_978a525d,2026-08-07__box_pictures_all_classes__class_006__PXL_20260807_070951591,dataset/2026-08-07__box_pictures_all_classes/class_006__Brazil_Cerrado/PXL_20260807_070951591.jpg,c1032e061a1590c662c297e2c90c4dcda848584bc841f806024dfc8965124591,outputs/ml2_p1/defects/final/final_978a525d.png,770ca6d7b1656f08b7bf3f63d0da202840663160bc8615c4c6372e288c06f93a,add_band,0.2,0.8708,0.0645,1,0
final_d04f9f0a,2026-08-09__sony_cam__class_006__PIC_20260809_210244,dataset/2026-08-09__sony_cam/class_006__Brazil_Cerrado/PIC_20260809_210244.JPG,5b6caec85e0808655b16404e077234a8b1075c461b307d03217c42781d411202,outputs/ml2_p1/defects/final/final_d04f9f0a.png,8cc1fcec3ef1f08b3561c5d1b4cbaf96f640a3b891fee7ee703d3ebe1492d2ed,shift,0.2,0.8719,0.0003,1,0
final_6473e84a,2026-08-27__oneplus_flash__class_004__PXL_20260827_183648295,dataset/2026-08-27__oneplus_flash/class_004__CostaRica_LaPastora/PXL_20260827_183648295.jpg,b619d186c60298da45f00b7b38cf4484ca4025413190520d96cef3f7d0eb5273,outputs/ml2_p1/defects/final/final_6473e84a.png,2ee6d89fa9c2a6bca6e23db4f3f5c102fbe11b6a743e76798edce903b0724711,shift,0.12,0.8879,0.0325,1,0
final_b8dbe350,2026-08-09__pixel_cam__class_003__PXL_20260809_132636038,dataset/2026-08-09__pixel_cam/class_003__Colombia_PinkBourbon/PXL_20260809_132636038.jpg,f846572786629690bde7f8a57468d2bd0beb92f3951c541e489faea7376b1063,outputs/ml2_p1/defects/final/final_b8dbe350.png,a285a7532fb40957894c470517edc0764715e3f7eeea0deac415e1426a4ba816,drop_corner,0.96,0.8506,0.0,1,0
final_36a56321,2026-08-07__box_pictures_all_classes__class_004__PXL_20260807_074317801,dataset/2026-08-07__box_pictures_all_classes/class_004__CostaRica_LaPastora/PXL_20260807_074317801.jpg,78c2c492481c359594494ca26bb3c66866ceebd26d75c5ff2dd015bfc3e74ec7,data/seg_masks/base_points/2026-08-07__box_pictures_all_classes__class_004__PXL_20260807_074317801.png,c6766f698d11e641d61ab38a0ad8a49831f19242c30cb1919cc5ef65bb9e0524,clean,0.0,1.0,0.0,,1
final_5331a718,2026-08-25__iphone__class_004__IMG_6277D,dataset/2026-08-25__iphone/class_004__CostaRica_LaPastora/IMG_6277D.HEIC,841f0da955dcb0353ca0973ba3fc130322ccc43409ef7138475c689a0463cdc8,outputs/ml2_p1/defects/final/final_5331a718.png,09929427b86f06e32a2f47f1477ddec1b94d26883d34a0c914f9f9768ab0de5d,erode,0.06,0.9363,0.0,0,0
final_69f0528f,2026-08-07__box_pictures_all_classes__class_004__PXL_20260807_074317801,dataset/2026-08-07__box_pictures_all_classes/class_004__CostaRica_LaPastora/PXL_20260807_074317801.jpg,78c2c492481c359594494ca26bb3c66866ceebd26d75c5ff2dd015bfc3e74ec7,outputs/ml2_p1/defects/final/final_69f0528f.png,fac580856e31d344510208d18c395a5502c3692122bd12d6ea3237c4d8409715,add_band,0.16,0.8844,0.0745,1,0
final_0bb0c1f1,ood_positives_2026-09-11__PXL_20260911_055950561,dataset/ood_positives/PXL_20260911_055950561.jpg,4e5ced3a1398d51c203ebaeceb90b5fc6080511ba70bb196437ec2ab6644f1cd,outputs/ml2_p1/defects/final/final_0bb0c1f1.png,4e1a86d9d8912998c34f3f1e21b1019ecec538960bca0519b1cd47c821e36ad6,drop_corner,0.78,0.8548,0.0,1,0
final_3a7b5547,2026-08-07__box_pictures_all_classes__class_004__PXL_20260807_074317801,dataset/2026-08-07__box_pictures_all_classes/class_004__CostaRica_LaPastora/PXL_20260807_074317801.jpg,78c2c492481c359594494ca26bb3c66866ceebd26d75c5ff2dd015bfc3e74ec7,outputs/ml2_p1/defects/final/final_3a7b5547.png,e862b9337d9b95715d35a923236a0312ce67d2ece3067b40ac526a6c7484b027,dilate,0.06,0.9403,0.0628,1,0
final_d4749593,2026-08-27__oneplus_flash__class_004__PXL_20260827_183648295,dataset/2026-08-27__oneplus_flash/class_004__CostaRica_LaPastora/PXL_20260827_183648295.jpg,b619d186c60298da45f00b7b38cf4484ca4025413190520d96cef3f7d0eb5273,outputs/ml2_p1/defects/final/final_d4749593.png,8bff885953e71b8c053c45686244a2bd41028c0c49855b1d37f649494e41f49e,erode,0.1,0.8907,0.0,1,0
final_698f759e,2026-08-09__sony_cam__class_007__PIC_20260809_205545,dataset/2026-08-09__sony_cam/class_007__Brazil_MonteCristo/PIC_20260809_205545.JPG,912651f43d58ac4c7b6c6ed0ee8bd154f4aa758599bc493e2e2b93dbb3edb0d9,outputs/ml2_p1/defects/final/final_698f759e.png,6da7bc0641ba2976b46ae4efd356f2448479957146076f60a09cb3cbbc43103e,drop_corner,0.9,0.8942,0.0,1,0
final_04f51990,2026-08-07__box_pictures_all_classes__class_004__PXL_20260807_074317801,dataset/2026-08-07__box_pictures_all_classes/class_004__CostaRica_LaPastora/PXL_20260807_074317801.jpg,78c2c492481c359594494ca26bb3c66866ceebd26d75c5ff2dd015bfc3e74ec7,data/seg_masks/base_points/2026-08-07__box_pictures_all_classes__class_004__PXL_20260807_074317801.png,c6766f698d11e641d61ab38a0ad8a49831f19242c30cb1919cc5ef65bb9e0524,clean,0.0,1.0,0.0,,0
final_e7be86e1,ood_positives_2026-09-11__PIC_20260911_130253,dataset/ood_positives/PIC_20260911_130253.JPG,16616e07042d26516d1d1248aa95f4020b0a7eeae698d05bdb0c875a97ab31ee,outputs/ml2_p1/defects/final/final_e7be86e1.png,9d0676ca085e508957ad06793c077dbd12bb69a3b74cdb500d3a6e3b7534d5b7,dilate,0.06,0.9421,0.0623,1,0
final_434399f7,2026-08-09__sony_cam__class_004__PIC_20260809_204750,dataset/2026-08-09__sony_cam/class_004__CostaRica_LaPastora/PIC_20260809_204750.JPG,1db0784c83af035eb4e0da23f5035e74dbd53f13dc0d451e962429506b1712e6,outputs/ml2_p1/defects/final/final_434399f7.png,a9f3b35b674f6b9f4036db96c29a1196d2386866c8084c55a872748bb9151b15,drop_corner,0.96,0.8361,0.0,1,0
final_191de6c0,2026-08-30__oneplus__class_010__PXL_20260830_175207319,dataset/2026-08-30__oneplus/class_010__Indonesia_Java/PXL_20260830_175207319.jpg,f65e5341f43d5f0973a99adc3da0aaddb9c835134f139b16efcff99a87f994ac,data/seg_masks/base_points/2026-08-30__oneplus__class_010__PXL_20260830_175207319.png,df37011ecdccf453ea3bdee24a1ef70d622fc62558b3cf985803b32f68371a18,clean,0.0,1.0,0.0,,1
final_184a91f9,2026-08-25__iphone__class_002__IMG_6282,dataset/2026-08-25__iphone/class_002__Kenya_AA/IMG_6282.HEIC,5ce2f0ceb34a7ee213fdaf5a61e9d6b4efdf7fbd68f4a88ccd0f53cd191e8bc4,outputs/ml2_p1/defects/final/final_184a91f9.png,371e9ff37acd01f904e2ed6021db0c04f326b839da10ce1b95f07bf5e8768bea,dilate,0.1,0.9044,0.1075,1,0
final_0f3dd724,2026-08-09__sony_cam__class_007__PIC_20260809_205545,dataset/2026-08-09__sony_cam/class_007__Brazil_MonteCristo/PIC_20260809_205545.JPG,912651f43d58ac4c7b6c6ed0ee8bd154f4aa758599bc493e2e2b93dbb3edb0d9,outputs/ml2_p1/defects/final/final_0f3dd724.png,1fc709c1cd4f453f74411763f9300a717b34995d85b707a7d405ddc2ea07b65c,drop_corner,0.84,0.9196,0.0,0,0
final_30896bc4,2026-08-25__oneplus__class_009__PXL_20260825_193927646-2,dataset/2026-08-25__oneplus/class_009__Vietnam_Robusta/PXL_20260825_193927646-2.jpg,a98dadf4f360917bb6ebb3bc825421bd7e5824886a34a74111f7fabecdc5136c,outputs/ml2_p1/defects/final/final_30896bc4.png,42e35de8251c4c168f9fffb7218dd30e3571d02b75753640403c58e42711cbc0,dilate,0.12,0.886,0.1326,1,0
final_5a40c7f3,2026-08-09__sony_cam__class_004__PIC_20260809_204750,dataset/2026-08-09__sony_cam/class_004__CostaRica_LaPastora/PIC_20260809_204750.JPG,1db0784c83af035eb4e0da23f5035e74dbd53f13dc0d451e962429506b1712e6,outputs/ml2_p1/defects/final/final_5a40c7f3.png,a4b866844501e0f6259e8b4ce7eaa5669ad0043f26961412f3bfaf4a19852a45,shift,0.2,0.8875,0.0121,1,0
final_e2e92235,2026-08-25__oneplus__class_009__PXL_20260825_193927646-2,dataset/2026-08-25__oneplus/class_009__Vietnam_Robusta/PXL_20260825_193927646-2.jpg,a98dadf4f360917bb6ebb3bc825421bd7e5824886a34a74111f7fabecdc5136c,outputs/ml2_p1/defects/final/final_e2e92235.png,2b47a24d9474ef69046f8acb5f5eada3b5022eeb088caf9c2b2468ec83389b9b,erode,0.14,0.8513,0.0,1,0
final_f5b49753,2026-08-09__sony_cam__class_007__PIC_20260809_205545,dataset/2026-08-09__sony_cam/class_007__Brazil_MonteCristo/PIC_20260809_205545.JPG,912651f43d58ac4c7b6c6ed0ee8bd154f4aa758599bc493e2e2b93dbb3edb0d9,outputs/ml2_p1/defects/final/final_f5b49753.png,f3e2d1fcd02debf68a296d98d482f8ec91c12c010c65be5f0330d1837d40effb,erode,0.16,0.8392,0.0,1,0
final_3c2e0f6a,2026-08-09__sony_cam__class_007__PIC_20260809_205545,dataset/2026-08-09__sony_cam/class_007__Brazil_MonteCristo/PIC_20260809_205545.JPG,912651f43d58ac4c7b6c6ed0ee8bd154f4aa758599bc493e2e2b93dbb3edb0d9,data/seg_masks/base_points/2026-08-09__sony_cam__class_007__PIC_20260809_205545.png,161206e37fbfebdaff7a3f7b68ecbd34a15aa8997b04676894152f0742cf1794,clean,0.0,1.0,0.0,,1
final_97ca8cc8,2026-08-07__box_pictures_all_classes__class_004__PXL_20260807_074517496,dataset/2026-08-07__box_pictures_all_classes/class_004__CostaRica_LaPastora/PXL_20260807_074517496.jpg,37a50feb1fc5bb97a92ee0f40f3d777f45a5437bdd9d431791d17bf8391c61ec,outputs/ml2_p1/defects/final/final_97ca8cc8.png,9a5bb97f2d3b8eb243c5e39aeacb4a9909128be03602a11b808804f8278216d8,drop_corner,0.88,0.8891,0.0,1,0
final_8e923cfc,2026-08-07__box_pictures_all_classes__class_004__PXL_20260807_074517496,dataset/2026-08-07__box_pictures_all_classes/class_004__CostaRica_LaPastora/PXL_20260807_074517496.jpg,37a50feb1fc5bb97a92ee0f40f3d777f45a5437bdd9d431791d17bf8391c61ec,outputs/ml2_p1/defects/final/final_8e923cfc.png,0e0342be94c9ea68d2ca13d67c20a38a50b9d59d82bf85932ce7243a1d02d86f,add_band,0.18,0.8858,0.0513,1,0
final_62c7cf6b,2026-08-25__oneplus__class_005__PXL_20260825_194049726,dataset/2026-08-25__oneplus/class_005__Guatemala_Tata/PXL_20260825_194049726.jpg,a76753cafff61666aff019fa07dc57ba5eec1067381d6ac81e4f3fb1017c195b,outputs/ml2_p1/defects/final/final_62c7cf6b.png,1e6ff1b441f5341173793f88b7e00e486c6947ced5539d419991f5e614098ea8,drop_corner,0.98,0.8249,0.0,1,0
final_b238becd,2026-08-07__box_pictures_all_classes__class_004__PXL_20260807_074317801,dataset/2026-08-07__box_pictures_all_classes/class_004__CostaRica_LaPastora/PXL_20260807_074317801.jpg,78c2c492481c359594494ca26bb3c66866ceebd26d75c5ff2dd015bfc3e74ec7,outputs/ml2_p1/defects/final/final_b238becd.png,c91f042228ab4475936068425f888bb79f9f0e098ce72ffb7b3b4f0318026659,drop_corner,0.92,0.8726,0.0,1,0
final_aae7e407,ood_positives_2026-09-11__PIC_20260911_130253,dataset/ood_positives/PIC_20260911_130253.JPG,16616e07042d26516d1d1248aa95f4020b0a7eeae698d05bdb0c875a97ab31ee,outputs/ml2_p1/defects/final/final_aae7e407.png,8116130999813e18c0b630ee9549c47f4af7f2f0db93600dc65722f246bb70b9,dilate,0.1,0.9098,0.1019,1,0
final_32ea489e,2026-08-07__box_pictures_all_classes__class_004__PXL_20260807_074517496,dataset/2026-08-07__box_pictures_all_classes/class_004__CostaRica_LaPastora/PXL_20260807_074517496.jpg,37a50feb1fc5bb97a92ee0f40f3d777f45a5437bdd9d431791d17bf8391c61ec,outputs/ml2_p1/defects/final/final_32ea489e.png,c7ef3d3ee21c68e5b341a5d3f6d791aa6af1e5f15665aacbe7deca9c9ac53773,add_band,0.1,0.9386,0.0298,0,0
final_97dc0ccf,ood_positives_2026-09-11__PIC_20260911_130253,dataset/ood_positives/PIC_20260911_130253.JPG,16616e07042d26516d1d1248aa95f4020b0a7eeae698d05bdb0c875a97ab31ee,outputs/ml2_p1/defects/final/final_97dc0ccf.png,58754597e925e6b5baa28f6436587fc45dad180fafb4c5839082831b65c5a4a6,add_band,0.02,0.9705,0.0469,0,0
final_b4a1d5e7,ood_positives_2026-09-11__PXL_20260911_055950561,dataset/ood_positives/PXL_20260911_055950561.jpg,4e5ced3a1398d51c203ebaeceb90b5fc6080511ba70bb196437ec2ab6644f1cd,outputs/ml2_p1/defects/final/final_b4a1d5e7.png,ff96e19df3e3574f40bac29fe1d06ea95e5e99135ca74fff2d97fdec17c7c2bd,dilate,0.12,0.9243,0.1043,1,0
final_858c7370,2026-08-09__pixel_cam__class_001__PXL_20260809_131123399,dataset/2026-08-09__pixel_cam/class_001__Ethiopia_Sidamo/PXL_20260809_131123399.jpg,23158c43eb2586974cda565dd7deb6b0bf01e59f24e20f7fb9fd518be4ff984a,outputs/ml2_p1/defects/final/final_858c7370.png,e314382fa464303882ab0aea1dadc6d15f7beb927e7d2c3194508669cbcb02a2,erode,0.14,0.8588,0.0,1,0
final_4e9791ac,2026-08-27__oneplus_flash__class_004__PXL_20260827_183648295,dataset/2026-08-27__oneplus_flash/class_004__CostaRica_LaPastora/PXL_20260827_183648295.jpg,b619d186c60298da45f00b7b38cf4484ca4025413190520d96cef3f7d0eb5273,outputs/ml2_p1/defects/final/final_4e9791ac.png,622a3300ab89eb2352b90ac319ec305ac7a9e8db4c4ae56098092c30cd7546d9,dilate,0.1,0.944,0.0653,1,0
final_4f7e9c0e,2026-08-30__pixel__class_010__PXL_20260830_124333854,dataset/2026-08-30__pixel/class_010__Indonesia_Java/PXL_20260830_124333854.jpg,277a49cfb553a6d264795821fe4481e2247b89e4394d06f756c08d0a7414b9b6,outputs/ml2_p1/defects/final/final_4f7e9c0e.png,e804df46db2adda1d4584f819071af32415a596ff921325a202309b9e98a87ea,erode,0.14,0.8626,0.0,1,0
final_65a26eea,2026-08-30__sony__class_010__PIC_20260830_200654,dataset/2026-08-30__sony/class_010__Indonesia_Java/PIC_20260830_200654.JPG,76a9e8a3b9899f4fcbd1d8ab974e1d83652635a341b730cddb26f81f296d860e,data/seg_masks/base_points/2026-08-30__sony__class_010__PIC_20260830_200654.png,579640744ecb8aeffeab5bf0798b60c9b004f7267821dcd14660e3ccf2d540dc,clean,0.0,1.0,0.0,,0
final_bb74e432,2026-08-25__iphone__class_004__IMG_6277D,dataset/2026-08-25__iphone/class_004__CostaRica_LaPastora/IMG_6277D.HEIC,841f0da955dcb0353ca0973ba3fc130322ccc43409ef7138475c689a0463cdc8,outputs/ml2_p1/defects/final/final_bb74e432.png,f6dfd6966485f8b9aa9721aec7745769cbb0630f9113b7b631f0dae3770f65ba,dilate,0.08,0.9211,0.087,1,0
final_975bf35e,2026-08-27__oneplus_flash__class_004__PXL_20260827_183648295,dataset/2026-08-27__oneplus_flash/class_004__CostaRica_LaPastora/PXL_20260827_183648295.jpg,b619d186c60298da45f00b7b38cf4484ca4025413190520d96cef3f7d0eb5273,outputs/ml2_p1/defects/final/final_975bf35e.png,c5726b449b0b2a28a1cf78ab8c4d7c549c713483e1d8e7b7ada99543258746a5,add_band,0.6,0.9328,0.0481,0,0
final_32cf704e,2026-08-27__oneplus_flash__class_008__PXL_20260827_185807199,dataset/2026-08-27__oneplus_flash/class_008__Ethiopia_Kochere/PXL_20260827_185807199.jpg,bb89038f121853f1a24700fcb9ad2ba19fd3dcf171723d6024e661eebef4e487,outputs/ml2_p1/defects/final/final_32cf704e.png,d18ac3054c1b1039d629898445c5a4264c94b625c82bf6c3ebf485bc88c65589,dilate,0.08,0.9646,0.0373,0,0
final_05cad89f,2026-08-25__iphone__class_002__IMG_6282,dataset/2026-08-25__iphone/class_002__Kenya_AA/IMG_6282.HEIC,5ce2f0ceb34a7ee213fdaf5a61e9d6b4efdf7fbd68f4a88ccd0f53cd191e8bc4,outputs/ml2_p1/defects/final/final_05cad89f.png,47b42123fc22859b06eb36bc61e1b39ba4eff3c2aaef96b337fa0afdd39c6d8d,shift,0.02,0.9754,0.0135,0,0
final_7e477ee2,2026-08-30__oneplus__class_010__PXL_20260830_175659210,dataset/2026-08-30__oneplus/class_010__Indonesia_Java/PXL_20260830_175659210.jpg,ee4bb10564dd72752339c18c311ba6435075cca8ff6e6fd137f4950efbe5637b,outputs/ml2_p1/defects/final/final_7e477ee2.png,f69bf639f35e4e629f7dbbf33afbbab90a8ce41ef4f232ca38fb9f48b5eb0456,drop_corner,0.94,0.8705,0.0,1,0
final_83d3f102,2026-08-25__iphone__class_004__IMG_6277D,dataset/2026-08-25__iphone/class_004__CostaRica_LaPastora/IMG_6277D.HEIC,841f0da955dcb0353ca0973ba3fc130322ccc43409ef7138475c689a0463cdc8,outputs/ml2_p1/defects/final/final_83d3f102.png,d32c2b2f4d42e625c2033164bc4874601349c81c5242c276f3b4ba3aaf7e738d,drop_corner,0.96,0.8442,0.0,1,0
final_90eeda34,2026-08-09__pixel_cam__class_001__PXL_20260809_131123399,dataset/2026-08-09__pixel_cam/class_001__Ethiopia_Sidamo/PXL_20260809_131123399.jpg,23158c43eb2586974cda565dd7deb6b0bf01e59f24e20f7fb9fd518be4ff984a,outputs/ml2_p1/defects/final/final_90eeda34.png,09f5d8135256c28cd636297d2f5f026d645b3474b75f0e764c8575cc2ecf786f,erode,0.04,0.9601,0.0,0,0
final_88be6654,2026-08-25__oneplus__class_009__PXL_20260825_193927646-2,dataset/2026-08-25__oneplus/class_009__Vietnam_Robusta/PXL_20260825_193927646-2.jpg,a98dadf4f360917bb6ebb3bc825421bd7e5824886a34a74111f7fabecdc5136c,outputs/ml2_p1/defects/final/final_88be6654.png,a920af104b06205baa500531d6ea3086a9b5d2f4682334a738fad9784461979c,dilate,0.08,0.9211,0.089,1,0
final_6b1b834a,2026-08-25__oneplus__class_009__PXL_20260825_193927646-2,dataset/2026-08-25__oneplus/class_009__Vietnam_Robusta/PXL_20260825_193927646-2.jpg,a98dadf4f360917bb6ebb3bc825421bd7e5824886a34a74111f7fabecdc5136c,outputs/ml2_p1/defects/final/final_6b1b834a.png,6af93194c94860fa3ad31340a0fbe234a52897b971668ca17ddcf793ba953303,drop_corner,0.88,0.9114,0.0,0,0
final_07191599,2026-08-27__oneplus_flash__class_004__PXL_20260827_183648295,dataset/2026-08-27__oneplus_flash/class_004__CostaRica_LaPastora/PXL_20260827_183648295.jpg,b619d186c60298da45f00b7b38cf4484ca4025413190520d96cef3f7d0eb5273,outputs/ml2_p1/defects/final/final_07191599.png,e9b3ccbddc1d2019432647208dcb22cb95885bf7c2a89fe82342cd25e04b88ad,dilate,0.14,0.9348,0.0758,1,0
final_e27024c9,2026-08-25__oneplus__class_005__PXL_20260825_194049726,dataset/2026-08-25__oneplus/class_005__Guatemala_Tata/PXL_20260825_194049726.jpg,a76753cafff61666aff019fa07dc57ba5eec1067381d6ac81e4f3fb1017c195b,outputs/ml2_p1/defects/final/final_e27024c9.png,75f8fa2c1ae50b64bf338230a64f7aec810aefcc79816774f798a168fe94ebe0,dilate,0.06,0.9414,0.0632,1,0
final_e1d246d4,2026-08-09__pixel_cam__class_003__PXL_20260809_132636038,dataset/2026-08-09__pixel_cam/class_003__Colombia_PinkBourbon/PXL_20260809_132636038.jpg,f846572786629690bde7f8a57468d2bd0beb92f3951c541e489faea7376b1063,outputs/ml2_p1/defects/final/final_e1d246d4.png,c00109d468816274049ed19761785245a0b259306db39ecdadf7713a1455fd82,erode,0.02,0.9804,0.0,0,0
final_fe47a739,2026-08-25__oneplus__class_009__PXL_20260825_193927646-2,dataset/2026-08-25__oneplus/class_009__Vietnam_Robusta/PXL_20260825_193927646-2.jpg,a98dadf4f360917bb6ebb3bc825421bd7e5824886a34a74111f7fabecdc5136c,outputs/ml2_p1/defects/final/final_fe47a739.png,3e2040b1347e92f69e2eddf2b5bd2cb659a901ad8d771c18b0f9007bce830622,drop_corner,0.96,0.8482,0.0,1,0
final_9107516b,2026-08-07__box_pictures_all_classes__class_004__PXL_20260807_074317801,dataset/2026-08-07__box_pictures_all_classes/class_004__CostaRica_LaPastora/PXL_20260807_074317801.jpg,78c2c492481c359594494ca26bb3c66866ceebd26d75c5ff2dd015bfc3e74ec7,outputs/ml2_p1/defects/final/final_9107516b.png,22021fcdee1d3bbb9cdb1b2f0d6df5bd84fd5d3ef6febc1de6a6f0dac77a7efc,add_band,0.18,0.8719,0.0831,1,0
final_188e52c9,2026-08-30__sony__class_010__PIC_20260830_200454,dataset/2026-08-30__sony/class_010__Indonesia_Java/PIC_20260830_200454.JPG,ecfa4e8e11104eb2fa3dedf59369cd95c6dfa87e0f2aac84e6b6fda34b64562c,outputs/ml2_p1/defects/final/final_188e52c9.png,369cc85bc62c04130f588add2940c77d45831c5d5a904ecf36d1976a391b423a,drop_corner,0.98,0.828,0.0,1,0
final_0388eccf,2026-08-25__iphone__class_004__IMG_6277D,dataset/2026-08-25__iphone/class_004__CostaRica_LaPastora/IMG_6277D.HEIC,841f0da955dcb0353ca0973ba3fc130322ccc43409ef7138475c689a0463cdc8,outputs/ml2_p1/defects/final/final_0388eccf.png,88dc9cfdd6ade7da555cb0b381742c95a76c6a9daf7bccc1f07ec4ad467e7b1d,dilate,0.12,0.8864,0.13,1,0
final_1a1796b6,2026-08-09__pixel_cam__class_001__PXL_20260809_131123399,dataset/2026-08-09__pixel_cam/class_001__Ethiopia_Sidamo/PXL_20260809_131123399.jpg,23158c43eb2586974cda565dd7deb6b0bf01e59f24e20f7fb9fd518be4ff984a,outputs/ml2_p1/defects/final/final_1a1796b6.png,c440eeb0a45365216b8627c838975028a246bc2c8fb3e1dc442444d07dbec21e,shift,0.14,0.899,0.0029,1,0
final_d5de60e5,2026-08-27__oneplus_flash__class_008__PXL_20260827_185807199,dataset/2026-08-27__oneplus_flash/class_008__Ethiopia_Kochere/PXL_20260827_185807199.jpg,bb89038f121853f1a24700fcb9ad2ba19fd3dcf171723d6024e661eebef4e487,outputs/ml2_p1/defects/final/final_d5de60e5.png,0ad8727a7862321ba9aafd69138d4f7b4c1398662101234e234c1c2e44a20192,shift,0.14,0.8579,0.0491,1,0
final_4b4d8503,2026-08-27__oneplus_flash__class_004__PXL_20260827_183458045,dataset/2026-08-27__oneplus_flash/class_004__CostaRica_LaPastora/PXL_20260827_183458045.jpg,bf85e5f7c10041fa7f9c5049d435a3c05e6d5f740ca71431e0e0b8aad020ada4,outputs/ml2_p1/defects/final/final_4b4d8503.png,c7d0ab09f4c346c38c29ba99d7bbb2232f71f39968396d747f2c932f81d5d259,dilate,0.06,0.9655,0.0389,0,0
final_b53fda6e,ood_positives_2026-09-30__PXL_20260915_114946300,dataset/ood_positives/PXL_20260915_114946300.jpg,48184b71dd7efe244fb4af86dfff979c63f458db06a000ec1ca80ccdc954c066,outputs/ml2_p1/defects/final/final_b53fda6e.png,4c859103b5fb74033696e482eeaf8ae7de20fb0697d4c98b9d98db8d07a540f2,shift,0.18,0.8835,0.0033,1,0
final_b5bd227c,2026-08-27__oneplus_flash__class_004__PXL_20260827_183458045,dataset/2026-08-27__oneplus_flash/class_004__CostaRica_LaPastora/PXL_20260827_183458045.jpg,bf85e5f7c10041fa7f9c5049d435a3c05e6d5f740ca71431e0e0b8aad020ada4,outputs/ml2_p1/defects/final/final_b5bd227c.png,71e6cd71fc28d159a660539260dd7464e91531c3baa59e44d93cf3ad6e18b85e,dilate,0.1,0.9506,0.0562,1,0
final_d532b44a,ood_positives_2026-09-30__PXL_20260915_114946300,dataset/ood_positives/PXL_20260915_114946300.jpg,48184b71dd7efe244fb4af86dfff979c63f458db06a000ec1ca80ccdc954c066,outputs/ml2_p1/defects/final/final_d532b44a.png,8c779792a985df37fad5386a24c21dbf8672c92816fd13d0b1ff4c6d8e414693,shift,0.12,0.9215,0.0033,0,0
final_b4411d7a,2026-08-09__pixel_cam__class_001__PXL_20260809_131123399,dataset/2026-08-09__pixel_cam/class_001__Ethiopia_Sidamo/PXL_20260809_131123399.jpg,23158c43eb2586974cda565dd7deb6b0bf01e59f24e20f7fb9fd518be4ff984a,outputs/ml2_p1/defects/final/final_b4411d7a.png,2aa9af464d4fb55316669b91c4bc4b665a195f2520eaa8305ae282106ffed2cf,drop_corner,0.92,0.8865,0.0,1,0
final_a18a33d0,2026-08-27__oneplus_flash__class_004__PXL_20260827_183648295,dataset/2026-08-27__oneplus_flash/class_004__CostaRica_LaPastora/PXL_20260827_183648295.jpg,b619d186c60298da45f00b7b38cf4484ca4025413190520d96cef3f7d0eb5273,outputs/ml2_p1/defects/final/final_a18a33d0.png,3c344e81ae674218e9a75b11b2be08d05001237f07fc994320cf4bb30d56a13f,add_band,0.64,0.9291,0.0507,1,0
final_20c065b0,2026-08-27__oneplus_flash__class_004__PXL_20260827_183648295,dataset/2026-08-27__oneplus_flash/class_004__CostaRica_LaPastora/PXL_20260827_183648295.jpg,b619d186c60298da45f00b7b38cf4484ca4025413190520d96cef3f7d0eb5273,outputs/ml2_p1/defects/final/final_20c065b0.png,99563edc8743b4787c8d5635ee0068cdf22ba0a84a49c4199453a55ab57b5d43,shift,0.18,0.8483,0.0307,1,0
final_ec5e9f4e,2026-08-27__oneplus_flash__class_008__PXL_20260827_185807199,dataset/2026-08-27__oneplus_flash/class_008__Ethiopia_Kochere/PXL_20260827_185807199.jpg,bb89038f121853f1a24700fcb9ad2ba19fd3dcf171723d6024e661eebef4e487,outputs/ml2_p1/defects/final/final_ec5e9f4e.png,6312c38a5a4bbb190201adfa6753baef340633cf0a4eff656bf752452e821f0c,shift,0.16,0.8402,0.0549,1,0
final_2aff8ec5,ood_positives_2026-09-11__PIC_20260911_130253,dataset/ood_positives/PIC_20260911_130253.JPG,16616e07042d26516d1d1248aa95f4020b0a7eeae698d05bdb0c875a97ab31ee,outputs/ml2_p1/defects/final/final_2aff8ec5.png,3e4abff5f5240c9fdafd62bcd8fb549a20f364dd01877a338d3510933717a3af,add_band,0.06,0.9631,0.0512,1,0
final_c16ca576,2026-08-27__oneplus_flash__class_004__PXL_20260827_183648295,dataset/2026-08-27__oneplus_flash/class_004__CostaRica_LaPastora/PXL_20260827_183648295.jpg,b619d186c60298da45f00b7b38cf4484ca4025413190520d96cef3f7d0eb5273,outputs/ml2_p1/defects/final/final_c16ca576.png,933d8983edfe0a0b6720bfe2af67679dfa7037a2ea63b301f47dc86fb54af975,drop_corner,0.8,0.9315,0.0,0,0
final_15a60b88,2026-08-09__sony_cam__class_006__PIC_20260809_210244,dataset/2026-08-09__sony_cam/class_006__Brazil_Cerrado/PIC_20260809_210244.JPG,5b6caec85e0808655b16404e077234a8b1075c461b307d03217c42781d411202,outputs/ml2_p1/defects/final/final_15a60b88.png,c2673cf8d3ee696ff6c721a05824b073fa29a77b3dd5f766c0c8b1d539f34a52,shift,0.12,0.9219,0.0003,0,0
final_a343c069,2026-08-07__box_pictures_all_classes__class_004__PXL_20260807_074317801,dataset/2026-08-07__box_pictures_all_classes/class_004__CostaRica_LaPastora/PXL_20260807_074317801.jpg,78c2c492481c359594494ca26bb3c66866ceebd26d75c5ff2dd015bfc3e74ec7,outputs/ml2_p1/defects/final/final_a343c069.png,95871d27b8f6507b460155f87bf07501f778981e9ab1edb1e1c488641513ef85,shift,0.08,0.8895,0.0548,1,0
final_06fda39f,2026-08-27__oneplus_flash__class_004__PXL_20260827_183648295,dataset/2026-08-27__oneplus_flash/class_004__CostaRica_LaPastora/PXL_20260827_183648295.jpg,b619d186c60298da45f00b7b38cf4484ca4025413190520d96cef3f7d0eb5273,outputs/ml2_p1/defects/final/final_06fda39f.png,4c57304a786fff583a4e321884c3438b4b3f7c2733699b05999b52af7684df38,shift,0.04,0.9498,0.0252,0,0
final_12cd7255,2026-08-27__oneplus_flash__class_004__PXL_20260827_183648295,dataset/2026-08-27__oneplus_flash/class_004__CostaRica_LaPastora/PXL_20260827_183648295.jpg,b619d186c60298da45f00b7b38cf4484ca4025413190520d96cef3f7d0eb5273,outputs/ml2_p1/defects/final/final_12cd7255.png,45fc385a6e593944ce1cb8bf592666016f99da524e1a0f1d1950920e4f153079,dilate,0.08,0.9498,0.0584,1,0
final_6b1620c6,2026-08-27__oneplus_flash__class_004__PXL_20260827_183458045,dataset/2026-08-27__oneplus_flash/class_004__CostaRica_LaPastora/PXL_20260827_183458045.jpg,bf85e5f7c10041fa7f9c5049d435a3c05e6d5f740ca71431e0e0b8aad020ada4,outputs/ml2_p1/defects/final/final_6b1620c6.png,e2fafcbb53909ce81d1ba46abd421ef7a18cf55817966de7037fd6a63b976321,add_band,1.0,0.9073,0.051,1,0
final_5a91a0af,2026-08-30__sony__class_010__PIC_20260830_200654,dataset/2026-08-30__sony/class_010__Indonesia_Java/PIC_20260830_200654.JPG,76a9e8a3b9899f4fcbd1d8ab974e1d83652635a341b730cddb26f81f296d860e,outputs/ml2_p1/defects/final/final_5a91a0af.png,1375f7f625f84de1a4c480f888893339a232a7beab9b0d14727cf0f1526655f4,drop_corner,0.96,0.8504,0.0,1,0
final_bc11fc6f,2026-08-25__iphone__class_002__IMG_6282,dataset/2026-08-25__iphone/class_002__Kenya_AA/IMG_6282.HEIC,5ce2f0ceb34a7ee213fdaf5a61e9d6b4efdf7fbd68f4a88ccd0f53cd191e8bc4,outputs/ml2_p1/defects/final/final_bc11fc6f.png,d5d378dc4ec51e0b134ebfc667d66408c03c559eaa822467b574cc94af7b92fa,dilate,0.06,0.9408,0.0645,1,0
final_b5acf32e,2026-08-25__iphone__class_004__IMG_6277D,dataset/2026-08-25__iphone/class_004__CostaRica_LaPastora/IMG_6277D.HEIC,841f0da955dcb0353ca0973ba3fc130322ccc43409ef7138475c689a0463cdc8,outputs/ml2_p1/defects/final/final_b5acf32e.png,9a276687982c38971f5cdd6f7dd15031ab847f4645b1d7bfa2a55bf71b45f4b3,erode,0.16,0.8319,0.0,1,0
final_f6156953,2026-08-07__box_pictures_all_classes__class_004__PXL_20260807_074517496,dataset/2026-08-07__box_pictures_all_classes/class_004__CostaRica_LaPastora/PXL_20260807_074517496.jpg,37a50feb1fc5bb97a92ee0f40f3d777f45a5437bdd9d431791d17bf8391c61ec,outputs/ml2_p1/defects/final/final_f6156953.png,84dc8569272fdf9f821c2914086bd19e81317f633171ef5b0bebfb6f20713fcb,add_band,0.16,0.8986,0.0459,1,0
final_2048eaaa,2026-08-27__oneplus_flash__class_008__PXL_20260827_185807199,dataset/2026-08-27__oneplus_flash/class_008__Ethiopia_Kochere/PXL_20260827_185807199.jpg,bb89038f121853f1a24700fcb9ad2ba19fd3dcf171723d6024e661eebef4e487,outputs/ml2_p1/defects/final/final_2048eaaa.png,46ef6fd56d3aab17d5fc11bcdd67a20495dfaec584cde4b67bbaaa537b07367a,add_band,0.88,0.9179,0.0513,1,0
final_713608e5,2026-08-07__box_pictures_all_classes__class_006__PXL_20260807_070951591,dataset/2026-08-07__box_pictures_all_classes/class_006__Brazil_Cerrado/PXL_20260807_070951591.jpg,c1032e061a1590c662c297e2c90c4dcda848584bc841f806024dfc8965124591,outputs/ml2_p1/defects/final/final_713608e5.png,b75bea8c1379f2a0d7070d753d844d3932e08210a872ccea455ed29aeb92e4a5,dilate,0.12,0.8902,0.1221,1,0
final_6195d504,2026-08-25__iphone__class_002__IMG_6282,dataset/2026-08-25__iphone/class_002__Kenya_AA/IMG_6282.HEIC,5ce2f0ceb34a7ee213fdaf5a61e9d6b4efdf7fbd68f4a88ccd0f53cd191e8bc4,outputs/ml2_p1/defects/final/final_6195d504.png,c1c078b0c84c47aa704c48b2788ad73629bd1bb8189811461a066cdda8c84183,add_band,0.28,0.8867,0.0528,1,0
final_5259a4cd,2026-08-27__oneplus_flash__class_008__PXL_20260827_185807199,dataset/2026-08-27__oneplus_flash/class_008__Ethiopia_Kochere/PXL_20260827_185807199.jpg,bb89038f121853f1a24700fcb9ad2ba19fd3dcf171723d6024e661eebef4e487,outputs/ml2_p1/defects/final/final_5259a4cd.png,7aaa8a707c321c43e90087781ef81dbe146f5a75a72ddd38274a29789788c7dc,erode,0.08,0.9161,0.0,0,0
final_c8674ac4,ood_positives_2026-09-11__PIC_20260911_130253,dataset/ood_positives/PIC_20260911_130253.JPG,16616e07042d26516d1d1248aa95f4020b0a7eeae698d05bdb0c875a97ab31ee,outputs/ml2_p1/defects/final/final_c8674ac4.png,5e56bfe5b33c52e50132167fb1b1a2358dbe5a23e78defff487dd617a7cd7589,shift,0.14,0.8389,0.0827,1,0
final_8a1ec100,2026-08-09__sony_cam__class_007__PIC_20260809_205545,dataset/2026-08-09__sony_cam/class_007__Brazil_MonteCristo/PIC_20260809_205545.JPG,912651f43d58ac4c7b6c6ed0ee8bd154f4aa758599bc493e2e2b93dbb3edb0d9,outputs/ml2_p1/defects/final/final_8a1ec100.png,33b968227d4f4a0aa2f012868de6c5af65c02fcdd34af6c7013151c4aca8fafe,shift,0.16,0.8806,0.0058,1,0
final_13ac5f32,2026-08-30__pixel__class_010__PXL_20260830_124333854,dataset/2026-08-30__pixel/class_010__Indonesia_Java/PXL_20260830_124333854.jpg,277a49cfb553a6d264795821fe4481e2247b89e4394d06f756c08d0a7414b9b6,outputs/ml2_p1/defects/final/final_13ac5f32.png,78cc4137696e3bfda93cf97949faaff6afc50375d81dccd538f6c5df9821f032,drop_corner,0.96,0.8529,0.0,1,0
final_7386ec57,2026-08-30__oneplus__class_010__PXL_20260830_175207319,dataset/2026-08-30__oneplus/class_010__Indonesia_Java/PXL_20260830_175207319.jpg,f65e5341f43d5f0973a99adc3da0aaddb9c835134f139b16efcff99a87f994ac,outputs/ml2_p1/defects/final/final_7386ec57.png,68e539c24fbc722160632c9c9963c70ad15c6d0c4f194657b1b45ce977d94582,erode,0.12,0.8814,0.0,1,0
final_d80e73ec,ood_positives_2026-09-11__PXL_20260911_055950561,dataset/ood_positives/PXL_20260911_055950561.jpg,4e5ced3a1398d51c203ebaeceb90b5fc6080511ba70bb196437ec2ab6644f1cd,outputs/ml2_p1/defects/final/final_d80e73ec.png,b3e71988b6c47d98d1f63e560ada0437c545c70241826afc2a8e1882f5f023ab,erode,0.12,0.8539,0.0,1,0
final_3a5c3213,2026-08-07__box_pictures_all_classes__class_004__PXL_20260807_074317801,dataset/2026-08-07__box_pictures_all_classes/class_004__CostaRica_LaPastora/PXL_20260807_074317801.jpg,78c2c492481c359594494ca26bb3c66866ceebd26d75c5ff2dd015bfc3e74ec7,outputs/ml2_p1/defects/final/final_3a5c3213.png,3f960180cb41feccdc1d799389915565cb3076f4cacd5fc1e827789c66453214,shift,0.14,0.8171,0.0945,1,0
final_5905705c,2026-08-27__oneplus_flash__class_004__PXL_20260827_183458045,dataset/2026-08-27__oneplus_flash/class_004__CostaRica_LaPastora/PXL_20260827_183458045.jpg,bf85e5f7c10041fa7f9c5049d435a3c05e6d5f740ca71431e0e0b8aad020ada4,outputs/ml2_p1/defects/final/final_5905705c.png,2b6ba230c9ad5f56e26393e190981dbef97256376fc05bb2a3313893c9a5981e,add_band,0.98,0.909,0.0502,1,0
final_0d5eda73,2026-08-09__pixel_cam__class_003__PXL_20260809_132246013,dataset/2026-08-09__pixel_cam/class_003__Colombia_PinkBourbon/PXL_20260809_132246013.jpg,b1c28414a5be9658937d2ed2f6becb9601f5d6b729187cebf1f7cb761b0a3893,outputs/ml2_p1/defects/final/final_0d5eda73.png,b7349e3a9b52d5c6e0af1385797554274209e9f7f83e72930c99bee6bec1b6f1,erode,0.12,0.8809,0.0,1,0
final_d4ab70e1,2026-08-27__oneplus_flash__class_004__PXL_20260827_183648295,dataset/2026-08-27__oneplus_flash/class_004__CostaRica_LaPastora/PXL_20260827_183648295.jpg,b619d186c60298da45f00b7b38cf4484ca4025413190520d96cef3f7d0eb5273,outputs/ml2_p1/defects/final/final_d4ab70e1.png,3aec542515fbd0927a438296047b796bc881f8b4a05c2ba67123b02ac270b515,add_band,0.68,0.9253,0.0533,1,0
final_f8104694,2026-08-25__oneplus__class_009__PXL_20260825_193927646-2,dataset/2026-08-25__oneplus/class_009__Vietnam_Robusta/PXL_20260825_193927646-2.jpg,a98dadf4f360917bb6ebb3bc825421bd7e5824886a34a74111f7fabecdc5136c,outputs/ml2_p1/defects/final/final_f8104694.png,cb1cf198df070cad4c50fd9d3ea341adcbda5d50788c66d1109523827ca745d7,dilate,0.06,0.9394,0.0671,1,0
final_cc9afb9c,2026-08-30__oneplus__class_010__PXL_20260830_175659210,dataset/2026-08-30__oneplus/class_010__Indonesia_Java/PXL_20260830_175659210.jpg,ee4bb10564dd72752339c18c311ba6435075cca8ff6e6fd137f4950efbe5637b,outputs/ml2_p1/defects/final/final_cc9afb9c.png,84cc75c06438503cab25d773fcae13020e6c686202dae9eebd295ca2a6f02fb8,erode,0.02,0.9806,0.0,0,0
final_18cd2db0,2026-08-25__iphone__class_004__IMG_6277D,dataset/2026-08-25__iphone/class_004__CostaRica_LaPastora/IMG_6277D.HEIC,841f0da955dcb0353ca0973ba3fc130322ccc43409ef7138475c689a0463cdc8,outputs/ml2_p1/defects/final/final_18cd2db0.png,2179cc1b4ab976e0435a940fe90475f519799e3910179d21c25c811e200b6e38,add_band,0.16,0.9304,0.0408,0,0
final_fd176d82,2026-08-07__box_pictures_all_classes__class_004__PXL_20260807_074517496,dataset/2026-08-07__box_pictures_all_classes/class_004__CostaRica_LaPastora/PXL_20260807_074517496.jpg,37a50feb1fc5bb97a92ee0f40f3d777f45a5437bdd9d431791d17bf8391c61ec,data/seg_masks/base_points/2026-08-07__box_pictures_all_classes__class_004__PXL_20260807_074517496.png,fc59704090e52daa8eaff09cb7df44dd1e31f891c07ed89c7663f59fa4200a82,clean,0.0,1.0,0.0,,1
final_e6808611,2026-08-09__sony_cam__class_007__PIC_20260809_205545,dataset/2026-08-09__sony_cam/class_007__Brazil_MonteCristo/PIC_20260809_205545.JPG,912651f43d58ac4c7b6c6ed0ee8bd154f4aa758599bc493e2e2b93dbb3edb0d9,data/seg_masks/base_points/2026-08-09__sony_cam__class_007__PIC_20260809_205545.png,161206e37fbfebdaff7a3f7b68ecbd34a15aa8997b04676894152f0742cf1794,clean,0.0,1.0,0.0,,0
final_4e4be65d,2026-08-09__sony_cam__class_007__PIC_20260809_205545,dataset/2026-08-09__sony_cam/class_007__Brazil_MonteCristo/PIC_20260809_205545.JPG,912651f43d58ac4c7b6c6ed0ee8bd154f4aa758599bc493e2e2b93dbb3edb0d9,outputs/ml2_p1/defects/final/final_4e4be65d.png,60b3cec5e064820c010feeb9df69b20bac9c07d2530df8b1ab05d650d1929c5a,drop_corner,0.92,0.8827,0.0,1,0
final_1b4a257f,2026-08-09__sony_cam__class_004__PIC_20260809_204750,dataset/2026-08-09__sony_cam/class_004__CostaRica_LaPastora/PIC_20260809_204750.JPG,1db0784c83af035eb4e0da23f5035e74dbd53f13dc0d451e962429506b1712e6,outputs/ml2_p1/defects/final/final_1b4a257f.png,015247fe06d4756c6841113fc20595949a6fca94b14db3dbb1c728e2bd28ed6a,erode,0.1,0.8977,0.0,1,0
final_2b05ef1b,2026-08-09__sony_cam__class_006__PIC_20260809_210244,dataset/2026-08-09__sony_cam/class_006__Brazil_Cerrado/PIC_20260809_210244.JPG,5b6caec85e0808655b16404e077234a8b1075c461b307d03217c42781d411202,outputs/ml2_p1/defects/final/final_2b05ef1b.png,86379e99352360a0b4d3726377bf198aeed5907f7ea50c0a9ae3c465070999b3,drop_corner,0.92,0.8783,0.0,1,0
final_dc553a0d,2026-08-07__box_pictures_all_classes__class_006__PXL_20260807_070951591,dataset/2026-08-07__box_pictures_all_classes/class_006__Brazil_Cerrado/PXL_20260807_070951591.jpg,c1032e061a1590c662c297e2c90c4dcda848584bc841f806024dfc8965124591,outputs/ml2_p1/defects/final/final_dc553a0d.png,c9a2783e09cf8efac386b0ffb4a9b7e78cab56b6869ac60ab311eafe51ac92f5,add_band,0.18,0.8826,0.0585,1,0
final_af981fdb,ood_positives_2026-09-11__PIC_20260911_130253,dataset/ood_positives/PIC_20260911_130253.JPG,16616e07042d26516d1d1248aa95f4020b0a7eeae698d05bdb0c875a97ab31ee,outputs/ml2_p1/defects/final/final_af981fdb.png,987a3de3e55035a6e55f90ec75c25f082e20d2eb0f53821325dfd9eceb50af15,erode,0.16,0.8388,0.0,1,0
final_6bee8757,2026-08-07__box_pictures_all_classes__class_004__PXL_20260807_074317801,dataset/2026-08-07__box_pictures_all_classes/class_004__CostaRica_LaPastora/PXL_20260807_074317801.jpg,78c2c492481c359594494ca26bb3c66866ceebd26d75c5ff2dd015bfc3e74ec7,outputs/ml2_p1/defects/final/final_6bee8757.png,bbb89c7b178c003ae7270b1af9476a62dbdcf2c7c28a3e3190fd42febc644326,shift,0.02,0.9702,0.0149,0,0
final_bccc1642,2026-08-09__pixel_cam__class_001__PXL_20260809_131123399,dataset/2026-08-09__pixel_cam/class_001__Ethiopia_Sidamo/PXL_20260809_131123399.jpg,23158c43eb2586974cda565dd7deb6b0bf01e59f24e20f7fb9fd518be4ff984a,outputs/ml2_p1/defects/final/final_bccc1642.png,42cfc52bde80016c8d243fbe72e42322c8f5068e32f09953db9d54a9b24fc610,drop_corner,0.84,0.9272,0.0,0,0
final_6adfc288,2026-08-07__box_pictures_all_classes__class_004__PXL_20260807_074517496,dataset/2026-08-07__box_pictures_all_classes/class_004__CostaRica_LaPastora/PXL_20260807_074517496.jpg,37a50feb1fc5bb97a92ee0f40f3d777f45a5437bdd9d431791d17bf8391c61ec,outputs/ml2_p1/defects/final/final_6adfc288.png,04da65bbdd6af8539a204261d69d4dbea2ef6d4a3abc8b9616f35994112c6dfc,dilate,0.12,0.8872,0.1257,1,0
final_573a0b9d,2026-08-25__iphone__class_002__IMG_6282,dataset/2026-08-25__iphone/class_002__Kenya_AA/IMG_6282.HEIC,5ce2f0ceb34a7ee213fdaf5a61e9d6b4efdf7fbd68f4a88ccd0f53cd191e8bc4,data/seg_masks/base_points/2026-08-25__iphone__class_002__IMG_6282.png,2e022c36be68ee9391a0820bfec84196b990eb8b62afd93f38c9c49624e977ba,clean,0.0,1.0,0.0,,1
final_8f073509,ood_positives_2026-09-30__PXL_20260915_114946300,dataset/ood_positives/PXL_20260915_114946300.jpg,48184b71dd7efe244fb4af86dfff979c63f458db06a000ec1ca80ccdc954c066,data/seg_masks/base_points/ood_positives_2026-09-30__PXL_20260915_114946300.png,d2af4e3175045b7fa17f2f968ec6844165dd7e836dea8f9778fc6d87c5d7a025,clean,0.0,1.0,0.0,,0
final_d60e199d,2026-08-25__oneplus__class_005__PXL_20260825_194049726,dataset/2026-08-25__oneplus/class_005__Guatemala_Tata/PXL_20260825_194049726.jpg,a76753cafff61666aff019fa07dc57ba5eec1067381d6ac81e4f3fb1017c195b,outputs/ml2_p1/defects/final/final_d60e199d.png,80f8a1c2fadf377a41a2e758865479f68723408080b783216c3f60c354a08b6f,erode,0.02,0.9793,0.0,0,0
final_cbbd49fd,2026-08-25__oneplus__class_009__PXL_20260825_193927646-2,dataset/2026-08-25__oneplus/class_009__Vietnam_Robusta/PXL_20260825_193927646-2.jpg,a98dadf4f360917bb6ebb3bc825421bd7e5824886a34a74111f7fabecdc5136c,outputs/ml2_p1/defects/final/final_cbbd49fd.png,e7f06f38c2a462732618cb7001de28006607445f23846dd80b9068c66a9dcfc9,add_band,0.28,0.9047,0.0508,1,0
final_a70a1fcd,2026-08-25__oneplus__class_009__PXL_20260825_193927646-2,dataset/2026-08-25__oneplus/class_009__Vietnam_Robusta/PXL_20260825_193927646-2.jpg,a98dadf4f360917bb6ebb3bc825421bd7e5824886a34a74111f7fabecdc5136c,outputs/ml2_p1/defects/final/final_a70a1fcd.png,fb13373f69b2bb532f54cf33cc5fe62ed84c1fd054bad3425a8ede59e9f33adf,add_band,0.3,0.8979,0.0541,1,0
final_050c8490,ood_positives_2026-09-11__PIC_20260911_130253,dataset/ood_positives/PIC_20260911_130253.JPG,16616e07042d26516d1d1248aa95f4020b0a7eeae698d05bdb0c875a97ab31ee,outputs/ml2_p1/defects/final/final_050c8490.png,6d83a7f59a4de586e9ce14f082f6205596b1b628f6eb8b01ea782ecd54decfd6,add_band,0.08,0.9587,0.0535,1,0
final_6de4f305,2026-08-30__sony__class_010__PIC_20260830_200654,dataset/2026-08-30__sony/class_010__Indonesia_Java/PIC_20260830_200654.JPG,76a9e8a3b9899f4fcbd1d8ab974e1d83652635a341b730cddb26f81f296d860e,outputs/ml2_p1/defects/final/final_6de4f305.png,bca3796e1395eb7e85a7de72911065ba650f02a5067bba3551e9d48c20d81aa1,shift,0.16,0.8838,0.002,1,0
final_532c2aaa,2026-08-09__sony_cam__class_004__PIC_20260809_204750,dataset/2026-08-09__sony_cam/class_004__CostaRica_LaPastora/PIC_20260809_204750.JPG,1db0784c83af035eb4e0da23f5035e74dbd53f13dc0d451e962429506b1712e6,outputs/ml2_p1/defects/final/final_532c2aaa.png,af3953f6bf776e80c121b2d8a7f273e0043b9a29c762a052195df3c41b18d70b,drop_corner,0.94,0.8599,0.0,1,0
final_a05e70a7,2026-08-27__oneplus_flash__class_004__PXL_20260827_183458045,dataset/2026-08-27__oneplus_flash/class_004__CostaRica_LaPastora/PXL_20260827_183458045.jpg,bf85e5f7c10041fa7f9c5049d435a3c05e6d5f740ca71431e0e0b8aad020ada4,data/seg_masks/base_points/2026-08-27__oneplus_flash__class_004__PXL_20260827_183458045.png,0607b64f3a4d858976214a96b11deaf0b3947eb50de11d45db33cedaa7839814,clean,0.0,1.0,0.0,,1
final_2e69dfaf,2026-08-30__oneplus__class_010__PXL_20260830_175207319,dataset/2026-08-30__oneplus/class_010__Indonesia_Java/PXL_20260830_175207319.jpg,f65e5341f43d5f0973a99adc3da0aaddb9c835134f139b16efcff99a87f994ac,data/seg_masks/base_points/2026-08-30__oneplus__class_010__PXL_20260830_175207319.png,df37011ecdccf453ea3bdee24a1ef70d622fc62558b3cf985803b32f68371a18,clean,0.0,1.0,0.0,,0
final_0af5fed1,2026-08-07__box_pictures_all_classes__class_004__PXL_20260807_074517496,dataset/2026-08-07__box_pictures_all_classes/class_004__CostaRica_LaPastora/PXL_20260807_074517496.jpg,37a50feb1fc5bb97a92ee0f40f3d777f45a5437bdd9d431791d17bf8391c61ec,outputs/ml2_p1/defects/final/final_0af5fed1.png,a76ccb1745c6c8dc4c9c879c8050ffb7c4454ed15f19f9f9ee0b5aaefd5b3e39,drop_corner,0.92,0.8629,0.0,1,0
final_5a206ca2,2026-08-07__box_pictures_all_classes__class_004__PXL_20260807_074317801,dataset/2026-08-07__box_pictures_all_classes/class_004__CostaRica_LaPastora/PXL_20260807_074317801.jpg,78c2c492481c359594494ca26bb3c66866ceebd26d75c5ff2dd015bfc3e74ec7,outputs/ml2_p1/defects/final/final_5a206ca2.png,4077250c02d7bd7f2cdd870da2ea4e7dc5a272285a6cd8119b9486fe0c3b3dc9,erode,0.1,0.8982,0.0,1,0
final_ff272a31,2026-08-30__sony__class_010__PIC_20260830_200454,dataset/2026-08-30__sony/class_010__Indonesia_Java/PIC_20260830_200454.JPG,ecfa4e8e11104eb2fa3dedf59369cd95c6dfa87e0f2aac84e6b6fda34b64562c,outputs/ml2_p1/defects/final/final_ff272a31.png,f4813f73d8ccf20fafe87318cce4a7e3a4b01fd43c7015dc62fd08c5743b3f4f,erode,0.06,0.9404,0.0,0,0
final_ff22c8d4,ood_positives_2026-09-11__PIC_20260911_130253,dataset/ood_positives/PIC_20260911_130253.JPG,16616e07042d26516d1d1248aa95f4020b0a7eeae698d05bdb0c875a97ab31ee,outputs/ml2_p1/defects/final/final_ff22c8d4.png,2758641e49f16090e433ca14ad44537fce6c45e07df6923f6ebf306683be93d5,add_band,0.12,0.9493,0.0579,1,0
final_1e9f3055,2026-08-25__oneplus__class_009__PXL_20260825_193927646-2,dataset/2026-08-25__oneplus/class_009__Vietnam_Robusta/PXL_20260825_193927646-2.jpg,a98dadf4f360917bb6ebb3bc825421bd7e5824886a34a74111f7fabecdc5136c,outputs/ml2_p1/defects/final/final_1e9f3055.png,fe920d9f70abbba041649d51c0365e8bc23c691654ebfd1094062eba8a18fe67,shift,0.04,0.9437,0.0288,0,0
final_0ffdddbc,2026-08-30__pixel__class_010__PXL_20260830_124715018,dataset/2026-08-30__pixel/class_010__Indonesia_Java/PXL_20260830_124715018.jpg,62544e0d6c2062edeb86b2361dd0ccc00f8f4d073ffc21c28ce64b8ff9dd3922,outputs/ml2_p1/defects/final/final_0ffdddbc.png,76daf7abdc28ecf6dfed1c074593e2e4b9855011caf34ab74ec28307e6ea6e9f,shift,0.22,0.8915,0.0016,1,0
final_2e51e2de,2026-08-27__oneplus_flash__class_008__PXL_20260827_185807199,dataset/2026-08-27__oneplus_flash/class_008__Ethiopia_Kochere/PXL_20260827_185807199.jpg,bb89038f121853f1a24700fcb9ad2ba19fd3dcf171723d6024e661eebef4e487,data/seg_masks/base_points/2026-08-27__oneplus_flash__class_008__PXL_20260827_185807199.png,f76e33250a5fd293a32ca1779832c08587a07ac52ca392214808569f84a235ac,clean,0.0,1.0,0.0,,1
final_c33d8693,2026-08-07__box_pictures_all_classes__class_006__PXL_20260807_070951591,dataset/2026-08-07__box_pictures_all_classes/class_006__Brazil_Cerrado/PXL_20260807_070951591.jpg,c1032e061a1590c662c297e2c90c4dcda848584bc841f806024dfc8965124591,outputs/ml2_p1/defects/final/final_c33d8693.png,0316e533daab7d208962dcb57eae06e58dba28b5b8850cbbb9c81cb453f299ac,add_band,0.22,0.86,0.0702,1,0
final_4ff65a8a,2026-08-09__sony_cam__class_006__PIC_20260809_210244,dataset/2026-08-09__sony_cam/class_006__Brazil_Cerrado/PIC_20260809_210244.JPG,5b6caec85e0808655b16404e077234a8b1075c461b307d03217c42781d411202,outputs/ml2_p1/defects/final/final_4ff65a8a.png,264ef9d29a8445a662f3677e89f1dc249128abccccd1ebc46b551f38a845e29f,shift,0.18,0.8842,0.0003,1,0
final_0cfd7f6d,ood_positives_2026-09-11__PXL_20260911_055950561,dataset/ood_positives/PXL_20260911_055950561.jpg,4e5ced3a1398d51c203ebaeceb90b5fc6080511ba70bb196437ec2ab6644f1cd,outputs/ml2_p1/defects/final/final_0cfd7f6d.png,eee18bfa90a79671f7719ea32d5fe052776da5682b394dfa455754268137f4a8,drop_corner,0.68,0.9157,0.0,0,0
final_f84b24de,2026-08-27__oneplus_flash__class_004__PXL_20260827_183458045,dataset/2026-08-27__oneplus_flash/class_004__CostaRica_LaPastora/PXL_20260827_183458045.jpg,bf85e5f7c10041fa7f9c5049d435a3c05e6d5f740ca71431e0e0b8aad020ada4,outputs/ml2_p1/defects/final/final_f84b24de.png,141cbae6580241d682bfa79a60c9922958630027d5f094bf8632197869947f7c,dilate,0.12,0.9451,0.0631,1,0
final_ebf8928f,2026-08-25__oneplus__class_005__PXL_20260825_194049726,dataset/2026-08-25__oneplus/class_005__Guatemala_Tata/PXL_20260825_194049726.jpg,a76753cafff61666aff019fa07dc57ba5eec1067381d6ac81e4f3fb1017c195b,outputs/ml2_p1/defects/final/final_ebf8928f.png,f90f80016e206835dd3f3272b068510c97f89ceb48e5f040d78818eab7a67918,add_band,0.54,0.9262,0.0481,0,0
final_549d3c32,2026-08-07__box_pictures_all_classes__class_004__PXL_20260807_074317801,dataset/2026-08-07__box_pictures_all_classes/class_004__CostaRica_LaPastora/PXL_20260807_074317801.jpg,78c2c492481c359594494ca26bb3c66866ceebd26d75c5ff2dd015bfc3e74ec7,outputs/ml2_p1/defects/final/final_549d3c32.png,270c3431eda700bf5c83b879dd752ec4b02b87b5e650885172918c92fba1f077,add_band,0.14,0.8972,0.0658,1,0
final_414cb2a5,2026-08-09__pixel_cam__class_003__PXL_20260809_132246013,dataset/2026-08-09__pixel_cam/class_003__Colombia_PinkBourbon/PXL_20260809_132246013.jpg,b1c28414a5be9658937d2ed2f6becb9601f5d6b729187cebf1f7cb761b0a3893,outputs/ml2_p1/defects/final/final_414cb2a5.png,5ac2062f3582076f1f5acc7af02015ee65af126d81bbeff7d137d8e92442d09d,erode,0.02,0.9804,0.0,0,0
final_4e704a49,ood_positives_2026-09-11__PXL_20260911_055950561,dataset/ood_positives/PXL_20260911_055950561.jpg,4e5ced3a1398d51c203ebaeceb90b5fc6080511ba70bb196437ec2ab6644f1cd,outputs/ml2_p1/defects/final/final_4e704a49.png,23d7a54c31b3da0718338641c0162c8e6c054814e091dd4169de3d99a91cb9f1,dilate,0.08,0.9461,0.0736,1,0
final_4e9916fc,2026-08-07__box_pictures_all_classes__class_004__PXL_20260807_074317801,dataset/2026-08-07__box_pictures_all_classes/class_004__CostaRica_LaPastora/PXL_20260807_074317801.jpg,78c2c492481c359594494ca26bb3c66866ceebd26d75c5ff2dd015bfc3e74ec7,outputs/ml2_p1/defects/final/final_4e9916fc.png,c9451d3b77813263a53e2f2b9f8166a04771a0c02cf553bcec11acc556aadc07,erode,0.06,0.939,0.0,0,0
final_1e3c8234,2026-08-25__oneplus__class_005__PXL_20260825_194049726,dataset/2026-08-25__oneplus/class_005__Guatemala_Tata/PXL_20260825_194049726.jpg,a76753cafff61666aff019fa07dc57ba5eec1067381d6ac81e4f3fb1017c195b,outputs/ml2_p1/defects/final/final_1e3c8234.png,57b6f74799e27597e6274f6e1a45e574d12cd43af88a0d7505aae72a7fd5f87d,shift,0.08,0.8931,0.0539,1,0
final_3f31e9c9,ood_positives_2026-09-11__PXL_20260911_055950561,dataset/ood_positives/PXL_20260911_055950561.jpg,4e5ced3a1398d51c203ebaeceb90b5fc6080511ba70bb196437ec2ab6644f1cd,outputs/ml2_p1/defects/final/final_3f31e9c9.png,6d675d7bf5d6df679ae76fa3cb31f840033ebadfbb5bca9e3b8a3d56a17e81fc,erode,0.02,0.9764,0.0,0,0
final_f529d09f,ood_positives_2026-09-11__PXL_20260911_055950561,dataset/ood_positives/PXL_20260911_055950561.jpg,4e5ced3a1398d51c203ebaeceb90b5fc6080511ba70bb196437ec2ab6644f1cd,outputs/ml2_p1/defects/final/final_f529d09f.png,5fcfa48e20194df2fbdb200fadc86cb642339f7351d3246dc1931322b6e2a431,erode,0.14,0.8321,0.0,1,0
final_b429b614,2026-08-07__box_pictures_all_classes__class_004__PXL_20260807_074517496,dataset/2026-08-07__box_pictures_all_classes/class_004__CostaRica_LaPastora/PXL_20260807_074517496.jpg,37a50feb1fc5bb97a92ee0f40f3d777f45a5437bdd9d431791d17bf8391c61ec,outputs/ml2_p1/defects/final/final_b429b614.png,a330b921ccd0a4dfebe55314af03ad927866f92ce16301a810ba553abfbb4de4,shift,0.06,0.9384,0.0305,0,0
final_52bf00a1,ood_positives_2026-09-30__PXL_20260915_114946300,dataset/ood_positives/PXL_20260915_114946300.jpg,48184b71dd7efe244fb4af86dfff979c63f458db06a000ec1ca80ccdc954c066,outputs/ml2_p1/defects/final/final_52bf00a1.png,341e6669be2ff51b3a1c3dd19b6105ddc544d5ad23f8877c0b07affe0058a9d4,erode,0.16,0.8322,0.0,1,0
final_c6591f01,2026-08-25__iphone__class_004__IMG_6277D,dataset/2026-08-25__iphone/class_004__CostaRica_LaPastora/IMG_6277D.HEIC,841f0da955dcb0353ca0973ba3fc130322ccc43409ef7138475c689a0463cdc8,outputs/ml2_p1/defects/final/final_c6591f01.png,446eef74133eda8c9a7b1a5dacfc89a77c5b09113f723c8d10de1fb1fde745cd,dilate,0.06,0.9398,0.065,1,0
final_33990e49,2026-08-30__sony__class_010__PIC_20260830_200454,dataset/2026-08-30__sony/class_010__Indonesia_Java/PIC_20260830_200454.JPG,ecfa4e8e11104eb2fa3dedf59369cd95c6dfa87e0f2aac84e6b6fda34b64562c,data/seg_masks/base_points/2026-08-30__sony__class_010__PIC_20260830_200454.png,515fa108fad3c72914ccc13efc5dce23b27b2dbffa3816ddf85fc11103cd0461,clean,0.0,1.0,0.0,,1
final_47f42635,2026-08-09__pixel_cam__class_003__PXL_20260809_132636038,dataset/2026-08-09__pixel_cam/class_003__Colombia_PinkBourbon/PXL_20260809_132636038.jpg,f846572786629690bde7f8a57468d2bd0beb92f3951c541e489faea7376b1063,outputs/ml2_p1/defects/final/final_47f42635.png,8bc6f4f0830686e7b0e8fdc2770d130e9a1f7d0d4c562f7f261ff00f8690ab0f,drop_corner,0.92,0.8867,0.0,1,0
final_5e1aeb78,2026-08-07__box_pictures_all_classes__class_004__PXL_20260807_074317801,dataset/2026-08-07__box_pictures_all_classes/class_004__CostaRica_LaPastora/PXL_20260807_074317801.jpg,78c2c492481c359594494ca26bb3c66866ceebd26d75c5ff2dd015bfc3e74ec7,outputs/ml2_p1/defects/final/final_5e1aeb78.png,5a375885f646eb9006c8c724e56fa7524d929dc3558b19e50e523e6a16fe4950,dilate,0.08,0.9222,0.0848,1,0
final_d91993ed,2026-08-27__oneplus_flash__class_004__PXL_20260827_183458045,dataset/2026-08-27__oneplus_flash/class_004__CostaRica_LaPastora/PXL_20260827_183458045.jpg,bf85e5f7c10041fa7f9c5049d435a3c05e6d5f740ca71431e0e0b8aad020ada4,outputs/ml2_p1/defects/final/final_d91993ed.png,82503b9e19b1e300444e20413d65e8c23373b19ab266695150f2054fde89b95b,drop_corner,0.92,0.8834,0.0,1,0
final_1f2348cb,2026-08-09__pixel_cam__class_003__PXL_20260809_132246013,dataset/2026-08-09__pixel_cam/class_003__Colombia_PinkBourbon/PXL_20260809_132246013.jpg,b1c28414a5be9658937d2ed2f6becb9601f5d6b729187cebf1f7cb761b0a3893,outputs/ml2_p1/defects/final/final_1f2348cb.png,0fb869ea951006b4ab723a521efa18b8aad3c8d0e7ca505a381613a47187197c,drop_corner,0.98,0.8278,0.0,1,0
final_46924ace,2026-08-30__sony__class_010__PIC_20260830_200454,dataset/2026-08-30__sony/class_010__Indonesia_Java/PIC_20260830_200454.JPG,ecfa4e8e11104eb2fa3dedf59369cd95c6dfa87e0f2aac84e6b6fda34b64562c,outputs/ml2_p1/defects/final/final_46924ace.png,3e5eae209fd8aee5c50b24eb251642f770127d7a60e694681c5a66cdbc09823b,erode,0.12,0.8819,0.0,1,0
final_57a9f4d5,2026-08-27__oneplus_flash__class_008__PXL_20260827_185807199,dataset/2026-08-27__oneplus_flash/class_008__Ethiopia_Kochere/PXL_20260827_185807199.jpg,bb89038f121853f1a24700fcb9ad2ba19fd3dcf171723d6024e661eebef4e487,outputs/ml2_p1/defects/final/final_57a9f4d5.png,4ed12082a7987642214ead05f41d689d2ac22b9bb69038e0d9c5cd4ba3d947fd,erode,0.14,0.8547,0.0,1,0
final_94aea356,2026-08-25__iphone__class_002__IMG_6282,dataset/2026-08-25__iphone/class_002__Kenya_AA/IMG_6282.HEIC,5ce2f0ceb34a7ee213fdaf5a61e9d6b4efdf7fbd68f4a88ccd0f53cd191e8bc4,outputs/ml2_p1/defects/final/final_94aea356.png,767e37083bed86f3f3882f550da843fe5ca31e8051b987b881aa8bef91369acf,add_band,0.26,0.8945,0.0493,1,0
final_91a6a759,2026-08-07__box_pictures_all_classes__class_006__PXL_20260807_070951591,dataset/2026-08-07__box_pictures_all_classes/class_006__Brazil_Cerrado/PXL_20260807_070951591.jpg,c1032e061a1590c662c297e2c90c4dcda848584bc841f806024dfc8965124591,data/seg_masks/base_points/2026-08-07__box_pictures_all_classes__class_006__PXL_20260807_070951591.png,22b45ce1296ebe4232eef2ea06f75481cc90d8c0f9e4ef6ebb2647a9ee0c78f0,clean,0.0,1.0,0.0,,1
final_1e8f62ee,ood_positives_2026-09-11__PIC_20260911_130253,dataset/ood_positives/PIC_20260911_130253.JPG,16616e07042d26516d1d1248aa95f4020b0a7eeae698d05bdb0c875a97ab31ee,outputs/ml2_p1/defects/final/final_1e8f62ee.png,4614affe1210449c8fc076313329dd221020d36632f1329ead6ba4831af4bc4f,shift,0.02,0.975,0.0132,0,0
final_391838c7,2026-08-30__oneplus__class_010__PXL_20260830_175207319,dataset/2026-08-30__oneplus/class_010__Indonesia_Java/PXL_20260830_175207319.jpg,f65e5341f43d5f0973a99adc3da0aaddb9c835134f139b16efcff99a87f994ac,outputs/ml2_p1/defects/final/final_391838c7.png,e118f7bfc38cf95b11e9aa6f496fe02258ab7f4ac1d80aaf0e326f7e9424e364,shift,0.22,0.8469,0.0,1,0
final_48498adb,2026-08-25__iphone__class_002__IMG_6282,dataset/2026-08-25__iphone/class_002__Kenya_AA/IMG_6282.HEIC,5ce2f0ceb34a7ee213fdaf5a61e9d6b4efdf7fbd68f4a88ccd0f53cd191e8bc4,outputs/ml2_p1/defects/final/final_48498adb.png,bd3edec06afca9f588799a102a3ee4535fd450b4943d69bcdc5a44bd6d1d83a9,erode,0.12,0.8757,0.0,1,0
final_967fff6a,2026-08-09__pixel_cam__class_003__PXL_20260809_132636038,dataset/2026-08-09__pixel_cam/class_003__Colombia_PinkBourbon/PXL_20260809_132636038.jpg,f846572786629690bde7f8a57468d2bd0beb92f3951c541e489faea7376b1063,data/seg_masks/base_points/2026-08-09__pixel_cam__class_003__PXL_20260809_132636038.png,b5175bd6d21018a8aadf1f4bbfba4d1c795860a43365baeba0e17b9d82331949,clean,0.0,1.0,0.0,,1
final_579e6cdb,2026-08-09__sony_cam__class_007__PIC_20260809_205545,dataset/2026-08-09__sony_cam/class_007__Brazil_MonteCristo/PIC_20260809_205545.JPG,912651f43d58ac4c7b6c6ed0ee8bd154f4aa758599bc493e2e2b93dbb3edb0d9,outputs/ml2_p1/defects/final/final_579e6cdb.png,81705d7fb5cf8f5c84254fa122f267a6baa9f23f6b6ff39d1ac86271db474e2c,shift,0.2,0.8532,0.0056,1,0
final_c1d66b66,2026-08-07__box_pictures_all_classes__class_006__PXL_20260807_070951591,dataset/2026-08-07__box_pictures_all_classes/class_006__Brazil_Cerrado/PXL_20260807_070951591.jpg,c1032e061a1590c662c297e2c90c4dcda848584bc841f806024dfc8965124591,outputs/ml2_p1/defects/final/final_c1d66b66.png,cb8b7f637b7ede1436a4d2af741d2aab8349e1f3c5a8cb26db6e22c60198f99e,add_band,0.16,0.8963,0.0524,1,0
final_8c890e95,2026-08-25__iphone__class_002__IMG_6282,dataset/2026-08-25__iphone/class_002__Kenya_AA/IMG_6282.HEIC,5ce2f0ceb34a7ee213fdaf5a61e9d6b4efdf7fbd68f4a88ccd0f53cd191e8bc4,outputs/ml2_p1/defects/final/final_8c890e95.png,9128748d10a46ab42b068ee80b4c53fb3074fd1ebb9616230f95a7339054bc56,dilate,0.12,0.8874,0.1289,1,0
final_1b594fde,ood_positives_2026-09-11__PIC_20260911_130253,dataset/ood_positives/PIC_20260911_130253.JPG,16616e07042d26516d1d1248aa95f4020b0a7eeae698d05bdb0c875a97ab31ee,outputs/ml2_p1/defects/final/final_1b594fde.png,a1d7314576b4dcc7dba05d71e0de3ae0af1de8a0f302e05be0770299b9762f08,erode,0.12,0.8766,0.0,1,0
final_644af59a,2026-08-09__pixel_cam__class_003__PXL_20260809_132636038,dataset/2026-08-09__pixel_cam/class_003__Colombia_PinkBourbon/PXL_20260809_132636038.jpg,f846572786629690bde7f8a57468d2bd0beb92f3951c541e489faea7376b1063,outputs/ml2_p1/defects/final/final_644af59a.png,74c43e98a5f0dc9e0b9376081f4e1e372cbe2cf3473838d0412c2c2f5573469d,erode,0.16,0.8363,0.0,1,0
final_494a522d,2026-08-07__box_pictures_all_classes__class_004__PXL_20260807_074517496,dataset/2026-08-07__box_pictures_all_classes/class_004__CostaRica_LaPastora/PXL_20260807_074517496.jpg,37a50feb1fc5bb97a92ee0f40f3d777f45a5437bdd9d431791d17bf8391c61ec,outputs/ml2_p1/defects/final/final_494a522d.png,a1ec74444c94edec7d0ed911393cefb3c7745c4f00dd9acd52b95cb4c92ab2c5,erode,0.16,0.8441,0.0,1,0
final_5c8819fa,2026-08-09__sony_cam__class_006__PIC_20260809_210244,dataset/2026-08-09__sony_cam/class_006__Brazil_Cerrado/PIC_20260809_210244.JPG,5b6caec85e0808655b16404e077234a8b1075c461b307d03217c42781d411202,outputs/ml2_p1/defects/final/final_5c8819fa.png,d147a49ffa86c09bd3a2726b2cd085c8d18e9272c10be3ce12babae169c88db0,drop_corner,0.94,0.8647,0.0,1,0
final_56d33c69,2026-08-27__oneplus_flash__class_004__PXL_20260827_183458045,dataset/2026-08-27__oneplus_flash/class_004__CostaRica_LaPastora/PXL_20260827_183458045.jpg,bf85e5f7c10041fa7f9c5049d435a3c05e6d5f740ca71431e0e0b8aad020ada4,outputs/ml2_p1/defects/final/final_56d33c69.png,4a7a163ab8e0d80f1fad1183048ab3cb550c69d50d3be1690d375efd48162756,dilate,0.16,0.9354,0.0742,1,0
final_29ffe9e3,2026-08-07__box_pictures_all_classes__class_006__PXL_20260807_070951591,dataset/2026-08-07__box_pictures_all_classes/class_006__Brazil_Cerrado/PXL_20260807_070951591.jpg,c1032e061a1590c662c297e2c90c4dcda848584bc841f806024dfc8965124591,outputs/ml2_p1/defects/final/final_29ffe9e3.png,3882ba61103596abf94692612f1c17019a9c256350b63656faef24992e70b06d,drop_corner,0.96,0.8384,0.0,1,0
final_347bb70d,2026-08-09__sony_cam__class_006__PIC_20260809_210244,dataset/2026-08-09__sony_cam/class_006__Brazil_Cerrado/PIC_20260809_210244.JPG,5b6caec85e0808655b16404e077234a8b1075c461b307d03217c42781d411202,data/seg_masks/base_points/2026-08-09__sony_cam__class_006__PIC_20260809_210244.png,3920cd5c74fa64b5c29bac0f930b68091bf86ee4f3a83f650c2e3c14d0fa5d81,clean,0.0,1.0,0.0,,0
final_678e738a,2026-08-30__oneplus__class_010__PXL_20260830_175207319,dataset/2026-08-30__oneplus/class_010__Indonesia_Java/PXL_20260830_175207319.jpg,f65e5341f43d5f0973a99adc3da0aaddb9c835134f139b16efcff99a87f994ac,outputs/ml2_p1/defects/final/final_678e738a.png,de79988afa590d4b01828ce31251ff612c14cac07aa8740649c0a39c9e8200a4,erode,0.14,0.8621,0.0,1,0
final_bf738792,2026-08-25__oneplus__class_009__PXL_20260825_193927646-2,dataset/2026-08-25__oneplus/class_009__Vietnam_Robusta/PXL_20260825_193927646-2.jpg,a98dadf4f360917bb6ebb3bc825421bd7e5824886a34a74111f7fabecdc5136c,outputs/ml2_p1/defects/final/final_bf738792.png,377c458abeaaf5675f9e50b75342637b7b34f349d09d7a97293dc115bbff43ca,erode,0.02,0.9783,0.0,0,0
final_788ebf55,2026-08-30__oneplus__class_010__PXL_20260830_175207319,dataset/2026-08-30__oneplus/class_010__Indonesia_Java/PXL_20260830_175207319.jpg,f65e5341f43d5f0973a99adc3da0aaddb9c835134f139b16efcff99a87f994ac,outputs/ml2_p1/defects/final/final_788ebf55.png,cda24d3c3ccf64912d25cb1ba9e37af1b98d5453867b7fd2525a6ce9947f37e1,shift,0.12,0.9149,0.0,0,0
final_706f3582,2026-08-25__iphone__class_002__IMG_6282,dataset/2026-08-25__iphone/class_002__Kenya_AA/IMG_6282.HEIC,5ce2f0ceb34a7ee213fdaf5a61e9d6b4efdf7fbd68f4a88ccd0f53cd191e8bc4,outputs/ml2_p1/defects/final/final_706f3582.png,71f26dfe2f2a2b97386ccfe5e53b4459e63340882f223f973df8bce4eb8f5385,add_band,0.22,0.91,0.0425,0,0
final_6af5fbb1,2026-08-07__box_pictures_all_classes__class_004__PXL_20260807_074517496,dataset/2026-08-07__box_pictures_all_classes/class_004__CostaRica_LaPastora/PXL_20260807_074517496.jpg,37a50feb1fc5bb97a92ee0f40f3d777f45a5437bdd9d431791d17bf8391c61ec,data/seg_masks/base_points/2026-08-07__box_pictures_all_classes__class_004__PXL_20260807_074517496.png,fc59704090e52daa8eaff09cb7df44dd1e31f891c07ed89c7663f59fa4200a82,clean,0.0,1.0,0.0,,0
final_23739db5,2026-08-30__oneplus__class_010__PXL_20260830_175207319,dataset/2026-08-30__oneplus/class_010__Indonesia_Java/PXL_20260830_175207319.jpg,f65e5341f43d5f0973a99adc3da0aaddb9c835134f139b16efcff99a87f994ac,outputs/ml2_p1/defects/final/final_23739db5.png,7bdae7b369032dd82577b77f5b714ae995db0e93a0c9576b1b81e96eb0334041,drop_corner,0.86,0.9195,0.0,0,0
final_4954d361,2026-08-07__box_pictures_all_classes__class_004__PXL_20260807_074517496,dataset/2026-08-07__box_pictures_all_classes/class_004__CostaRica_LaPastora/PXL_20260807_074517496.jpg,37a50feb1fc5bb97a92ee0f40f3d777f45a5437bdd9d431791d17bf8391c61ec,outputs/ml2_p1/defects/final/final_4954d361.png,44728f5b1ac5e6cba6c208d9c24c685f3c9b901c45c599d5566e8177d619397e,erode,0.14,0.864,0.0,1,0
final_3e2ec6d7,ood_positives_2026-09-30__PXL_20260915_114946300,dataset/ood_positives/PXL_20260915_114946300.jpg,48184b71dd7efe244fb4af86dfff979c63f458db06a000ec1ca80ccdc954c066,outputs/ml2_p1/defects/final/final_3e2ec6d7.png,2dd95c5665dd781780a17b7083db3b6e8050fbeae681c86d3c3033027e3f0723,drop_corner,0.9,0.8996,0.0,1,0
final_786d67fa,2026-08-25__oneplus__class_005__PXL_20260825_194049726,dataset/2026-08-25__oneplus/class_005__Guatemala_Tata/PXL_20260825_194049726.jpg,a76753cafff61666aff019fa07dc57ba5eec1067381d6ac81e4f3fb1017c195b,outputs/ml2_p1/defects/final/final_786d67fa.png,2b56cd97c5e5e84d74588ac3be2054594b948c8ae53729abca12d1ac9008d811,drop_corner,0.88,0.917,0.0,0,0
final_1c3921f7,2026-08-25__iphone__class_004__IMG_6277D,dataset/2026-08-25__iphone/class_004__CostaRica_LaPastora/IMG_6277D.HEIC,841f0da955dcb0353ca0973ba3fc130322ccc43409ef7138475c689a0463cdc8,outputs/ml2_p1/defects/final/final_1c3921f7.png,a3c897a08a5213acc3391bad26b5f19f5e758bb8e2c7810a0fa96383c6e84976,shift,0.14,0.8354,0.0896,1,0
final_180d6e26,2026-08-25__oneplus__class_005__PXL_20260825_194049726,dataset/2026-08-25__oneplus/class_005__Guatemala_Tata/PXL_20260825_194049726.jpg,a76753cafff61666aff019fa07dc57ba5eec1067381d6ac81e4f3fb1017c195b,outputs/ml2_p1/defects/final/final_180d6e26.png,dca505ef1c5b46db5299ad143b0a3ef47ae6e1c150126560d823249d10916458,add_band,0.62,0.9166,0.0541,1,0
final_28d54e0e,2026-08-25__oneplus__class_009__PXL_20260825_193927646-2,dataset/2026-08-25__oneplus/class_009__Vietnam_Robusta/PXL_20260825_193927646-2.jpg,a98dadf4f360917bb6ebb3bc825421bd7e5824886a34a74111f7fabecdc5136c,outputs/ml2_p1/defects/final/final_28d54e0e.png,60b042b71c9c63c9c0093ea3cbe17948e058ba669ccc11ac6a61c96e7a606ee4,shift,0.08,0.8928,0.0554,1,0
final_4480d486,2026-08-30__pixel__class_010__PXL_20260830_124333854,dataset/2026-08-30__pixel/class_010__Indonesia_Java/PXL_20260830_124333854.jpg,277a49cfb553a6d264795821fe4481e2247b89e4394d06f756c08d0a7414b9b6,outputs/ml2_p1/defects/final/final_4480d486.png,3cd548e63d7dbe1bf661eb965f1ab067d7627493abf2cd8803ba12deeacd748d,erode,0.16,0.8432,0.0,1,0
final_93db25d8,2026-08-25__oneplus__class_005__PXL_20260825_194049726,dataset/2026-08-25__oneplus/class_005__Guatemala_Tata/PXL_20260825_194049726.jpg,a76753cafff61666aff019fa07dc57ba5eec1067381d6ac81e4f3fb1017c195b,outputs/ml2_p1/defects/final/final_93db25d8.png,9aeb267746bd64198fed999bf1aba72a7b6500434d3412d6bb870b95006026b4,add_band,0.58,0.921,0.0512,1,0
final_4da582df,2026-08-25__oneplus__class_009__PXL_20260825_193927646-2,dataset/2026-08-25__oneplus/class_009__Vietnam_Robusta/PXL_20260825_193927646-2.jpg,a98dadf4f360917bb6ebb3bc825421bd7e5824886a34a74111f7fabecdc5136c,outputs/ml2_p1/defects/final/final_4da582df.png,cfbea29dda6303d704cef8dc675888df2b00201d34649c1a32d2f7e5cb3cacbc,drop_corner,0.94,0.869,0.0,1,0
final_2d3d7606,2026-08-27__oneplus_flash__class_008__PXL_20260827_185807199,dataset/2026-08-27__oneplus_flash/class_008__Ethiopia_Kochere/PXL_20260827_185807199.jpg,bb89038f121853f1a24700fcb9ad2ba19fd3dcf171723d6024e661eebef4e487,outputs/ml2_p1/defects/final/final_2d3d7606.png,053aa0aced256786aa10d9e2a0352ab7cb8773ba0acd1bc68a97129821bbfaf9,add_band,0.86,0.9196,0.0503,1,0
final_515d6c95,2026-08-25__oneplus__class_009__PXL_20260825_193927646-2,dataset/2026-08-25__oneplus/class_009__Vietnam_Robusta/PXL_20260825_193927646-2.jpg,a98dadf4f360917bb6ebb3bc825421bd7e5824886a34a74111f7fabecdc5136c,outputs/ml2_p1/defects/final/final_515d6c95.png,aa98a48404dfbeb8731baf0dd4bb942db5732ea793d9b936b59b30cbfcff2822,add_band,0.32,0.892,0.0571,1,0
final_a2554304,2026-08-30__pixel__class_010__PXL_20260830_124715018,dataset/2026-08-30__pixel/class_010__Indonesia_Java/PXL_20260830_124715018.jpg,62544e0d6c2062edeb86b2361dd0ccc00f8f4d073ffc21c28ce64b8ff9dd3922,outputs/ml2_p1/defects/final/final_a2554304.png,3ea55ccb58b70e95d08094cf851877c6efd90a37db9b801c5ec246e03dbaae5e,drop_corner,0.88,0.9089,0.0,0,0
final_73b8be1c,2026-08-07__box_pictures_all_classes__class_006__PXL_20260807_070951591,dataset/2026-08-07__box_pictures_all_classes/class_006__Brazil_Cerrado/PXL_20260807_070951591.jpg,c1032e061a1590c662c297e2c90c4dcda848584bc841f806024dfc8965124591,outputs/ml2_p1/defects/final/final_73b8be1c.png,1f653cde02124161656d990dbe8ffc23e98324508595a6934a6624fce3e0056d,erode,0.16,0.8436,0.0,1,0
final_b88f6ff5,2026-08-07__box_pictures_all_classes__class_006__PXL_20260807_070951591,dataset/2026-08-07__box_pictures_all_classes/class_006__Brazil_Cerrado/PXL_20260807_070951591.jpg,c1032e061a1590c662c297e2c90c4dcda848584bc841f806024dfc8965124591,outputs/ml2_p1/defects/final/final_b88f6ff5.png,4780a6ba3eed5ec2c62b123c447e6564da4a64cc2b1fd70171ffc9a24cc3229d,shift,0.04,0.9428,0.0282,0,0
final_daac246f,2026-08-09__pixel_cam__class_001__PXL_20260809_131123399,dataset/2026-08-09__pixel_cam/class_001__Ethiopia_Sidamo/PXL_20260809_131123399.jpg,23158c43eb2586974cda565dd7deb6b0bf01e59f24e20f7fb9fd518be4ff984a,outputs/ml2_p1/defects/final/final_daac246f.png,539f330deca95157e342694d0e272546e706e836a0d8808da63bcc7c27fe34f7,shift,0.1,0.9268,0.0029,0,0
final_c5f4ed2c,2026-08-09__sony_cam__class_007__PIC_20260809_205545,dataset/2026-08-09__sony_cam/class_007__Brazil_MonteCristo/PIC_20260809_205545.JPG,912651f43d58ac4c7b6c6ed0ee8bd154f4aa758599bc493e2e2b93dbb3edb0d9,outputs/ml2_p1/defects/final/final_c5f4ed2c.png,530b9a3fd3e20fd68e203a7d8e5feee93772f666444bf9369cd592f9e39f8fd7,shift,0.12,0.9084,0.0061,0,0
final_8425120c,2026-08-07__box_pictures_all_classes__class_004__PXL_20260807_074317801,dataset/2026-08-07__box_pictures_all_classes/class_004__CostaRica_LaPastora/PXL_20260807_074317801.jpg,78c2c492481c359594494ca26bb3c66866ceebd26d75c5ff2dd015bfc3e74ec7,outputs/ml2_p1/defects/final/final_8425120c.png,f42082c1a09f770e3d9a395bcc5e8c830792b2820516f999803d081a29769244,dilate,0.12,0.8872,0.1259,1,0
final_1955fe5f,2026-08-07__box_pictures_all_classes__class_004__PXL_20260807_074317801,dataset/2026-08-07__box_pictures_all_classes/class_004__CostaRica_LaPastora/PXL_20260807_074317801.jpg,78c2c492481c359594494ca26bb3c66866ceebd26d75c5ff2dd015bfc3e74ec7,outputs/ml2_p1/defects/final/final_1955fe5f.png,6128c2b4a7baa633a03230dd103d20e77b904b515c5ed49e7228fa56fb7ccac0,add_band,0.04,0.9684,0.0225,0,0
final_9004949d,2026-08-09__pixel_cam__class_003__PXL_20260809_132636038,dataset/2026-08-09__pixel_cam/class_003__Colombia_PinkBourbon/PXL_20260809_132636038.jpg,f846572786629690bde7f8a57468d2bd0beb92f3951c541e489faea7376b1063,outputs/ml2_p1/defects/final/final_9004949d.png,878f10d8348428a431b8e607f694192a58f9d9fea84147a82ba39b9ec5d575c6,shift,0.2,0.8575,0.0025,1,0
final_5efe32b6,2026-08-25__iphone__class_002__IMG_6282,dataset/2026-08-25__iphone/class_002__Kenya_AA/IMG_6282.HEIC,5ce2f0ceb34a7ee213fdaf5a61e9d6b4efdf7fbd68f4a88ccd0f53cd191e8bc4,outputs/ml2_p1/defects/final/final_5efe32b6.png,b2ee61c9599c6a271d1aadc00a5265e089ed76dc6fc82a060a11992e69939eee,add_band,0.3,0.8793,0.0562,1,0
final_1a05e0d5,2026-08-07__box_pictures_all_classes__class_004__PXL_20260807_074517496,dataset/2026-08-07__box_pictures_all_classes/class_004__CostaRica_LaPastora/PXL_20260807_074517496.jpg,37a50feb1fc5bb97a92ee0f40f3d777f45a5437bdd9d431791d17bf8391c61ec,outputs/ml2_p1/defects/final/final_1a05e0d5.png,3773e42b5d19fca8948802cfcda3afd32d56b9f1422ae83a95887a20a07a9e2c,shift,0.18,0.8278,0.0908,1,0
final_26976560,2026-08-30__pixel__class_010__PXL_20260830_124715018,dataset/2026-08-30__pixel/class_010__Indonesia_Java/PXL_20260830_124715018.jpg,62544e0d6c2062edeb86b2361dd0ccc00f8f4d073ffc21c28ce64b8ff9dd3922,outputs/ml2_p1/defects/final/final_26976560.png,958a32b74daa346bf6dcd09c45e2e97fb941cfc19d6d60c219998c797985afe8,erode,0.04,0.9573,0.0,0,0
final_1bafe1b6,2026-08-09__sony_cam__class_004__PIC_20260809_204750,dataset/2026-08-09__sony_cam/class_004__CostaRica_LaPastora/PIC_20260809_204750.JPG,1db0784c83af035eb4e0da23f5035e74dbd53f13dc0d451e962429506b1712e6,outputs/ml2_p1/defects/final/final_1bafe1b6.png,00a975e084d8c7a397c50a1342457446c431a29b23b0448b1aa7151540d63d21,drop_corner,0.88,0.9002,0.0,0,0
final_613775ee,2026-08-27__oneplus_flash__class_008__PXL_20260827_185807199,dataset/2026-08-27__oneplus_flash/class_008__Ethiopia_Kochere/PXL_20260827_185807199.jpg,bb89038f121853f1a24700fcb9ad2ba19fd3dcf171723d6024e661eebef4e487,outputs/ml2_p1/defects/final/final_613775ee.png,f9e90351b6ab933728c8cbe7ceec63ebcb3600e1ca1f134d37151d414df151a3,dilate,0.14,0.9516,0.0515,1,0
final_e7f43adb,2026-08-25__oneplus__class_005__PXL_20260825_194049726,dataset/2026-08-25__oneplus/class_005__Guatemala_Tata/PXL_20260825_194049726.jpg,a76753cafff61666aff019fa07dc57ba5eec1067381d6ac81e4f3fb1017c195b,outputs/ml2_p1/defects/final/final_e7f43adb.png,6d4e09dc798d8fa842ccd2b273e6f5f83c0c865226dc761b88174322af81744e,dilate,0.08,0.9227,0.0843,1,0
final_d6109392,2026-08-09__pixel_cam__class_003__PXL_20260809_132246013,dataset/2026-08-09__pixel_cam/class_003__Colombia_PinkBourbon/PXL_20260809_132246013.jpg,b1c28414a5be9658937d2ed2f6becb9601f5d6b729187cebf1f7cb761b0a3893,outputs/ml2_p1/defects/final/final_d6109392.png,025b197c542feb21ba8e3e92db580cbbacce11e11648723d496128f1a1572ca1,shift,0.16,0.8938,0.0027,1,0
final_ca834ac9,2026-08-27__oneplus_flash__class_004__PXL_20260827_183458045,dataset/2026-08-27__oneplus_flash/class_004__CostaRica_LaPastora/PXL_20260827_183458045.jpg,bf85e5f7c10041fa7f9c5049d435a3c05e6d5f740ca71431e0e0b8aad020ada4,outputs/ml2_p1/defects/final/final_ca834ac9.png,6b04342456f195be28172456fff9e77570a9a55b3c54ba6f29875f3aaaec4b42,shift,0.14,0.8569,0.0545,1,0
final_55a58600,ood_positives_2026-09-11__PIC_20260911_130253,dataset/ood_positives/PIC_20260911_130253.JPG,16616e07042d26516d1d1248aa95f4020b0a7eeae698d05bdb0c875a97ab31ee,data/seg_masks/base_points/ood_positives_2026-09-11__PIC_20260911_130253.png,cbba7669899ea013cf60c47d82df284a8654925fc7c98ff6b7d9aac1c5f44afd,clean,0.0,1.0,0.0,,1
final_220e7751,2026-08-09__sony_cam__class_006__PIC_20260809_210244,dataset/2026-08-09__sony_cam/class_006__Brazil_Cerrado/PIC_20260809_210244.JPG,5b6caec85e0808655b16404e077234a8b1075c461b307d03217c42781d411202,outputs/ml2_p1/defects/final/final_220e7751.png,e20faea240286d95a8b011781e91c0aafd7d13e204004e59a8fd5fa44754a616,drop_corner,0.84,0.9141,0.0,0,0
final_2421135a,2026-08-30__oneplus__class_010__PXL_20260830_175207319,dataset/2026-08-30__oneplus/class_010__Indonesia_Java/PXL_20260830_175207319.jpg,f65e5341f43d5f0973a99adc3da0aaddb9c835134f139b16efcff99a87f994ac,outputs/ml2_p1/defects/final/final_2421135a.png,71cb56a8f805753e66218fb1105b7efee2817fc7087dbf830586ba73d78cbdc8,drop_corner,0.9,0.8997,0.0,1,0
final_5a21dcf9,2026-08-09__pixel_cam__class_003__PXL_20260809_132246013,dataset/2026-08-09__pixel_cam/class_003__Colombia_PinkBourbon/PXL_20260809_132246013.jpg,b1c28414a5be9658937d2ed2f6becb9601f5d6b729187cebf1f7cb761b0a3893,data/seg_masks/base_points/2026-08-09__pixel_cam__class_003__PXL_20260809_132246013.png,9881d66a4b3ba273d6f2a407e655d4818098d4d8491a1a3a0cc44dd71997bf69,clean,0.0,1.0,0.0,,1
final_4286bcfe,2026-08-07__box_pictures_all_classes__class_006__PXL_20260807_070951591,dataset/2026-08-07__box_pictures_all_classes/class_006__Brazil_Cerrado/PXL_20260807_070951591.jpg,c1032e061a1590c662c297e2c90c4dcda848584bc841f806024dfc8965124591,outputs/ml2_p1/defects/final/final_4286bcfe.png,8eae4eeac75e768c8118d88ce919b303bc9aefb3d2bb6ed2951aa0ea0437fc84,erode,0.18,0.8253,0.0,1,0
final_8abb6208,2026-08-27__oneplus_flash__class_008__PXL_20260827_185807199,dataset/2026-08-27__oneplus_flash/class_008__Ethiopia_Kochere/PXL_20260827_185807199.jpg,bb89038f121853f1a24700fcb9ad2ba19fd3dcf171723d6024e661eebef4e487,outputs/ml2_p1/defects/final/final_8abb6208.png,b9ffd167aaa2017774fa1ec2a529d439cf954c0d7d1c05ccb17171e71b5dfd75,dilate,0.16,0.9474,0.0561,1,0
final_d9de27d8,2026-08-07__box_pictures_all_classes__class_004__PXL_20260807_074517496,dataset/2026-08-07__box_pictures_all_classes/class_004__CostaRica_LaPastora/PXL_20260807_074517496.jpg,37a50feb1fc5bb97a92ee0f40f3d777f45a5437bdd9d431791d17bf8391c61ec,outputs/ml2_p1/defects/final/final_d9de27d8.png,2871b3ef5a19fea079e9d59a1297ac86e0c086fe63c39e8cbfe9fc88cafea67a,dilate,0.06,0.9406,0.0629,1,0
final_48e0fc56,2026-08-07__box_pictures_all_classes__class_004__PXL_20260807_074317801,dataset/2026-08-07__box_pictures_all_classes/class_004__CostaRica_LaPastora/PXL_20260807_074317801.jpg,78c2c492481c359594494ca26bb3c66866ceebd26d75c5ff2dd015bfc3e74ec7,outputs/ml2_p1/defects/final/final_48e0fc56.png,0555fc58713c49ead7551511b9ae7f93421d9e8d8e35880caf496cd9c0059d2f,drop_corner,0.88,0.8973,0.0,1,0
final_7c6d3907,2026-08-27__oneplus_flash__class_008__PXL_20260827_185807199,dataset/2026-08-27__oneplus_flash/class_008__Ethiopia_Kochere/PXL_20260827_185807199.jpg,bb89038f121853f1a24700fcb9ad2ba19fd3dcf171723d6024e661eebef4e487,outputs/ml2_p1/defects/final/final_7c6d3907.png,66bf0a790ab2612fef550f17ce2d8808c2ddc4fa890b6f592f2b8cd0baf5ee83,dilate,0.2,0.9392,0.0654,1,0
final_c50776e5,2026-08-25__oneplus__class_009__PXL_20260825_193927646-2,dataset/2026-08-25__oneplus/class_009__Vietnam_Robusta/PXL_20260825_193927646-2.jpg,a98dadf4f360917bb6ebb3bc825421bd7e5824886a34a74111f7fabecdc5136c,outputs/ml2_p1/defects/final/final_c50776e5.png,55ce3111ab1c6abdd15bfc173a1ef9e86b776c52591abf3149a59592cdb6b6ff,erode,0.16,0.8304,0.0,1,0
final_ca2e804e,2026-08-09__sony_cam__class_007__PIC_20260809_205545,dataset/2026-08-09__sony_cam/class_007__Brazil_MonteCristo/PIC_20260809_205545.JPG,912651f43d58ac4c7b6c6ed0ee8bd154f4aa758599bc493e2e2b93dbb3edb0d9,outputs/ml2_p1/defects/final/final_ca2e804e.png,6eaaadd76d989c14b2a040b6229c8176dcc5352a5300505058e70df038394ef4,erode,0.06,0.9402,0.0,0,0
final_b5338a98,2026-08-25__iphone__class_002__IMG_6282,dataset/2026-08-25__iphone/class_002__Kenya_AA/IMG_6282.HEIC,5ce2f0ceb34a7ee213fdaf5a61e9d6b4efdf7fbd68f4a88ccd0f53cd191e8bc4,outputs/ml2_p1/defects/final/final_b5338a98.png,5c7322a53768fd96e74886ec012cf293f5932c17f5e696bed0b594cb7b53a8e9,drop_corner,0.94,0.8751,0.0,1,0
final_5f1d0b4c,2026-08-25__oneplus__class_009__PXL_20260825_193927646-2,dataset/2026-08-25__oneplus/class_009__Vietnam_Robusta/PXL_20260825_193927646-2.jpg,a98dadf4f360917bb6ebb3bc825421bd7e5824886a34a74111f7fabecdc5136c,outputs/ml2_p1/defects/final/final_5f1d0b4c.png,cd9394b402de570c9aef9a144571a17cd50b0812799e38858590c93f894dc007,dilate,0.04,0.9587,0.0449,0,0
final_03cc4895,2026-08-25__oneplus__class_005__PXL_20260825_194049726,dataset/2026-08-25__oneplus/class_005__Guatemala_Tata/PXL_20260825_194049726.jpg,a76753cafff61666aff019fa07dc57ba5eec1067381d6ac81e4f3fb1017c195b,outputs/ml2_p1/defects/final/final_03cc4895.png,2ff30e8e6951bf760b65089f762650a69c6a6191529ddf47a9cf561fde96fdd2,erode,0.16,0.8378,0.0,1,0
final_8b00f2f3,2026-08-07__box_pictures_all_classes__class_006__PXL_20260807_070951591,dataset/2026-08-07__box_pictures_all_classes/class_006__Brazil_Cerrado/PXL_20260807_070951591.jpg,c1032e061a1590c662c297e2c90c4dcda848584bc841f806024dfc8965124591,outputs/ml2_p1/defects/final/final_8b00f2f3.png,3060868a7c722c2296d67961068c69ae96fca9a1f5c97cdee9ac1e57210bc959,dilate,0.1,0.9072,0.1017,1,0
final_6974197a,2026-08-30__sony__class_010__PIC_20260830_200454,dataset/2026-08-30__sony/class_010__Indonesia_Java/PIC_20260830_200454.JPG,ecfa4e8e11104eb2fa3dedf59369cd95c6dfa87e0f2aac84e6b6fda34b64562c,outputs/ml2_p1/defects/final/final_6974197a.png,ed8a552fa05fecb8b212db8c5e6f2ae7c707e0e07d0ec726ba378894bea9ac7f,shift,0.12,0.9291,0.0,0,0
final_6c427775,2026-08-07__box_pictures_all_classes__class_004__PXL_20260807_074517496,dataset/2026-08-07__box_pictures_all_classes/class_004__CostaRica_LaPastora/PXL_20260807_074517496.jpg,37a50feb1fc5bb97a92ee0f40f3d777f45a5437bdd9d431791d17bf8391c61ec,outputs/ml2_p1/defects/final/final_6c427775.png,80d332e17facab87c0be85cef836e7c5ab24c13b8753b71d1af63bf8a6209e54,add_band,0.2,0.8734,0.0567,1,0
final_545dbeac,2026-08-09__pixel_cam__class_003__PXL_20260809_132246013,dataset/2026-08-09__pixel_cam/class_003__Colombia_PinkBourbon/PXL_20260809_132246013.jpg,b1c28414a5be9658937d2ed2f6becb9601f5d6b729187cebf1f7cb761b0a3893,outputs/ml2_p1/defects/final/final_545dbeac.png,dddf159653cd5327c27db238666b9e42aa97a64c7873e58f8dff2a6b07a7ea12,drop_corner,0.84,0.9274,0.0,0,0
final_bc6b062b,2026-08-30__sony__class_010__PIC_20260830_200454,dataset/2026-08-30__sony/class_010__Indonesia_Java/PIC_20260830_200454.JPG,ecfa4e8e11104eb2fa3dedf59369cd95c6dfa87e0f2aac84e6b6fda34b64562c,outputs/ml2_p1/defects/final/final_bc6b062b.png,380ced57dddb0e54fbdb6bfc225c3a8324f9f98dd91634a85f94d91522b89c06,drop_corner,0.86,0.92,0.0,0,0
final_84070943,ood_positives_2026-09-11__PXL_20260911_055950561,dataset/ood_positives/PXL_20260911_055950561.jpg,4e5ced3a1398d51c203ebaeceb90b5fc6080511ba70bb196437ec2ab6644f1cd,outputs/ml2_p1/defects/final/final_84070943.png,5be7a8c2002f01d00d1785d6b8859e474b6bee371dcae64edccae075350ad157,add_band,0.96,0.923,0.0414,0,0
final_634b2f10,ood_positives_2026-09-11__PIC_20260911_130253,dataset/ood_positives/PIC_20260911_130253.JPG,16616e07042d26516d1d1248aa95f4020b0a7eeae698d05bdb0c875a97ab31ee,outputs/ml2_p1/defects/final/final_634b2f10.png,dddf318c3d6fe11243a07bb6d70281a122def87e0e6f00173c550bfbf6e48dee,drop_corner,0.62,0.8966,0.0,1,0
final_43f6d16f,2026-08-30__pixel__class_010__PXL_20260830_124333854,dataset/2026-08-30__pixel/class_010__Indonesia_Java/PXL_20260830_124333854.jpg,277a49cfb553a6d264795821fe4481e2247b89e4394d06f756c08d0a7414b9b6,outputs/ml2_p1/defects/final/final_43f6d16f.png,ee5a47c5d62951b191919339979cdd68d2d1b164df87fa0e43282956a49d2317,shift,0.12,0.9134,0.0001,0,0
final_783f637e,2026-08-09__pixel_cam__class_001__PXL_20260809_131123399,dataset/2026-08-09__pixel_cam/class_001__Ethiopia_Sidamo/PXL_20260809_131123399.jpg,23158c43eb2586974cda565dd7deb6b0bf01e59f24e20f7fb9fd518be4ff984a,outputs/ml2_p1/defects/final/final_783f637e.png,021062c0511fef2028b929736bfd0f63b4f3b63ff08ad4edd57c8aa2a817698b,shift,0.2,0.8581,0.0029,1,0
final_5b9d3aee,2026-08-25__oneplus__class_009__PXL_20260825_193927646-2,dataset/2026-08-25__oneplus/class_009__Vietnam_Robusta/PXL_20260825_193927646-2.jpg,a98dadf4f360917bb6ebb3bc825421bd7e5824886a34a74111f7fabecdc5136c,outputs/ml2_p1/defects/final/final_5b9d3aee.png,2eb446b01635df1761df1002a64a0462e97bfebdd95cf1277b94db77eb0c52f0,add_band,0.22,0.9235,0.0414,0,0
final_526190a8,ood_positives_2026-09-11__PIC_20260911_130253,dataset/ood_positives/PIC_20260911_130253.JPG,16616e07042d26516d1d1248aa95f4020b0a7eeae698d05bdb0c875a97ab31ee,outputs/ml2_p1/defects/final/final_526190a8.png,5180b5f53c4263cd253c610043b760286e36aa17e505843cd74c848fe0bf688c,drop_corner,0.68,0.8583,0.0,1,0
final_62cec5ba,2026-08-30__oneplus__class_010__PXL_20260830_175659210,dataset/2026-08-30__oneplus/class_010__Indonesia_Java/PXL_20260830_175659210.jpg,ee4bb10564dd72752339c18c311ba6435075cca8ff6e6fd137f4950efbe5637b,outputs/ml2_p1/defects/final/final_62cec5ba.png,da79b53af0e23b3187641b2cee5b5b2483c26007cefe51cd76351e401ce39ea9,erode,0.12,0.8834,0.0,1,0
final_b24c60ba,2026-08-09__pixel_cam__class_003__PXL_20260809_132636038,dataset/2026-08-09__pixel_cam/class_003__Colombia_PinkBourbon/PXL_20260809_132636038.jpg,f846572786629690bde7f8a57468d2bd0beb92f3951c541e489faea7376b1063,data/seg_masks/base_points/2026-08-09__pixel_cam__class_003__PXL_20260809_132636038.png,b5175bd6d21018a8aadf1f4bbfba4d1c795860a43365baeba0e17b9d82331949,clean,0.0,1.0,0.0,,0
final_1b531aab,2026-08-27__oneplus_flash__class_004__PXL_20260827_183458045,dataset/2026-08-27__oneplus_flash/class_004__CostaRica_LaPastora/PXL_20260827_183458045.jpg,bf85e5f7c10041fa7f9c5049d435a3c05e6d5f740ca71431e0e0b8aad020ada4,outputs/ml2_p1/defects/final/final_1b531aab.png,eae4c15180052aade63fe5e31ab7cea2292aa5e02b28b167e622b32624ff6116,drop_corner,0.84,0.9304,0.0,0,0
final_d71c2b8d,2026-08-25__iphone__class_002__IMG_6282,dataset/2026-08-25__iphone/class_002__Kenya_AA/IMG_6282.HEIC,5ce2f0ceb34a7ee213fdaf5a61e9d6b4efdf7fbd68f4a88ccd0f53cd191e8bc4,outputs/ml2_p1/defects/final/final_d71c2b8d.png,0f47a4e0e4b69eb82fa2e62fac10eb535e1a0a7c96fc1d963592c09feb9305a0,dilate,0.08,0.9227,0.0858,1,0
final_204b560b,2026-08-25__oneplus__class_009__PXL_20260825_193927646-2,dataset/2026-08-25__oneplus/class_009__Vietnam_Robusta/PXL_20260825_193927646-2.jpg,a98dadf4f360917bb6ebb3bc825421bd7e5824886a34a74111f7fabecdc5136c,outputs/ml2_p1/defects/final/final_204b560b.png,b9734ae43af4a4afb9125b8e48b8e01a38f56b143e1630d4533631c694e204ce,dilate,0.1,0.9029,0.1108,1,0
final_7dd28854,ood_positives_2026-09-11__PIC_20260911_130253,dataset/ood_positives/PIC_20260911_130253.JPG,16616e07042d26516d1d1248aa95f4020b0a7eeae698d05bdb0c875a97ab31ee,outputs/ml2_p1/defects/final/final_7dd28854.png,2132a6c59c1bfddcf7397a4409de9a2961b2f2329e14fb6df55acd2d242e01d7,dilate,0.08,0.9252,0.0824,1,0
final_8744b6b4,2026-08-25__oneplus__class_005__PXL_20260825_194049726,dataset/2026-08-25__oneplus/class_005__Guatemala_Tata/PXL_20260825_194049726.jpg,a76753cafff61666aff019fa07dc57ba5eec1067381d6ac81e4f3fb1017c195b,data/seg_masks/base_points/2026-08-25__oneplus__class_005__PXL_20260825_194049726.png,96cc1245b3a538f6ac6c5a10fad866503793ec1a7a9aeeb399239c2deede1a76,clean,0.0,1.0,0.0,,1
final_e5bd4a44,2026-08-25__iphone__class_002__IMG_6282,dataset/2026-08-25__iphone/class_002__Kenya_AA/IMG_6282.HEIC,5ce2f0ceb34a7ee213fdaf5a61e9d6b4efdf7fbd68f4a88ccd0f53cd191e8bc4,outputs/ml2_p1/defects/final/final_e5bd4a44.png,fb3df5058185ffccc5249197bfd72eac522a280ef86cfb1650c88983d4bcae2e,erode,0.08,0.917,0.0,0,0
final_287718c3,2026-08-09__sony_cam__class_004__PIC_20260809_204750,dataset/2026-08-09__sony_cam/class_004__CostaRica_LaPastora/PIC_20260809_204750.JPG,1db0784c83af035eb4e0da23f5035e74dbd53f13dc0d451e962429506b1712e6,outputs/ml2_p1/defects/final/final_287718c3.png,01473d24ccbb45aac96a6d89e2d74ccdd6969197264a943e8d5ed146235d61d2,shift,0.1,0.9391,0.0125,0,0
final_bd7093b3,2026-08-25__iphone__class_004__IMG_6277D,dataset/2026-08-25__iphone/class_004__CostaRica_LaPastora/IMG_6277D.HEIC,841f0da955dcb0353ca0973ba3fc130322ccc43409ef7138475c689a0463cdc8,outputs/ml2_p1/defects/final/final_bd7093b3.png,e56c0d102ce12c7399b8dd364d9abfb95a68ec0666f3c28c519b30fb88f57883,add_band,0.24,0.8968,0.0585,1,0
final_1e1ff316,2026-08-09__pixel_cam__class_003__PXL_20260809_132246013,dataset/2026-08-09__pixel_cam/class_003__Colombia_PinkBourbon/PXL_20260809_132246013.jpg,b1c28414a5be9658937d2ed2f6becb9601f5d6b729187cebf1f7cb761b0a3893,outputs/ml2_p1/defects/final/final_1e1ff316.png,0d0e3fb43ac7bf7df547aef2aed24753cffb8a7a76556034d69aabf42c5fa80a,drop_corner,0.92,0.8878,0.0,1,0
final_b9c0a8fc,2026-08-25__oneplus__class_005__PXL_20260825_194049726,dataset/2026-08-25__oneplus/class_005__Guatemala_Tata/PXL_20260825_194049726.jpg,a76753cafff61666aff019fa07dc57ba5eec1067381d6ac81e4f3fb1017c195b,outputs/ml2_p1/defects/final/final_b9c0a8fc.png,73f5f8a1650f72050a2f0238431084999a3c9554452d2f6ea98789a237d89f7c,shift,0.06,0.9183,0.0406,0,0
final_9ae92fa2,2026-08-27__oneplus_flash__class_008__PXL_20260827_185807199,dataset/2026-08-27__oneplus_flash/class_008__Ethiopia_Kochere/PXL_20260827_185807199.jpg,bb89038f121853f1a24700fcb9ad2ba19fd3dcf171723d6024e661eebef4e487,outputs/ml2_p1/defects/final/final_9ae92fa2.png,b8ffc381015d7592815d6583268d6ed097db116ccf2f3cd04e8f9d99a56c6fb7,add_band,0.92,0.915,0.0533,1,0
final_39a32110,2026-08-07__box_pictures_all_classes__class_004__PXL_20260807_074317801,dataset/2026-08-07__box_pictures_all_classes/class_004__CostaRica_LaPastora/PXL_20260807_074317801.jpg,78c2c492481c359594494ca26bb3c66866ceebd26d75c5ff2dd015bfc3e74ec7,outputs/ml2_p1/defects/final/final_39a32110.png,e3953ada1a1aa62faf11a946ef8153c5a3ab5ee938e05ffc4161ad4786f6d246,drop_corner,0.84,0.9143,0.0,0,0
final_e6f3c817,2026-08-27__oneplus_flash__class_004__PXL_20260827_183648295,dataset/2026-08-27__oneplus_flash/class_004__CostaRica_LaPastora/PXL_20260827_183648295.jpg,b619d186c60298da45f00b7b38cf4484ca4025413190520d96cef3f7d0eb5273,data/seg_masks/base_points/2026-08-27__oneplus_flash__class_004__PXL_20260827_183648295.png,933b5a724282dfd685a34ed81f3053e0d3fed59f209aeec33358496127cb1d20,clean,0.0,1.0,0.0,,1
final_245dccd1,2026-08-07__box_pictures_all_classes__class_006__PXL_20260807_070951591,dataset/2026-08-07__box_pictures_all_classes/class_006__Brazil_Cerrado/PXL_20260807_070951591.jpg,c1032e061a1590c662c297e2c90c4dcda848584bc841f806024dfc8965124591,outputs/ml2_p1/defects/final/final_245dccd1.png,787f3e6239ff084076ae5c7a7b47a1e601712398bc82a668dd93973f973740c8,dilate,0.04,0.9612,0.0403,0,0
final_5b1cc06b,2026-08-09__pixel_cam__class_003__PXL_20260809_132246013,dataset/2026-08-09__pixel_cam/class_003__Colombia_PinkBourbon/PXL_20260809_132246013.jpg,b1c28414a5be9658937d2ed2f6becb9601f5d6b729187cebf1f7cb761b0a3893,data/seg_masks/base_points/2026-08-09__pixel_cam__class_003__PXL_20260809_132246013.png,9881d66a4b3ba273d6f2a407e655d4818098d4d8491a1a3a0cc44dd71997bf69,clean,0.0,1.0,0.0,,0
final_ac494ef0,2026-08-25__oneplus__class_005__PXL_20260825_194049726,dataset/2026-08-25__oneplus/class_005__Guatemala_Tata/PXL_20260825_194049726.jpg,a76753cafff61666aff019fa07dc57ba5eec1067381d6ac81e4f3fb1017c195b,outputs/ml2_p1/defects/final/final_ac494ef0.png,4cdeda5695142a3db50f8d9afab600263c445c0d39e54199c4006d6667d91e59,dilate,0.02,0.9796,0.0211,0,0
final_d065c917,2026-08-30__sony__class_010__PIC_20260830_200654,dataset/2026-08-30__sony/class_010__Indonesia_Java/PIC_20260830_200654.JPG,76a9e8a3b9899f4fcbd1d8ab974e1d83652635a341b730cddb26f81f296d860e,outputs/ml2_p1/defects/final/final_d065c917.png,b7ba88bd3f9e84881c561ccd3ff8ee34e3d6772c520c776ae8da8e7565ee5503,erode,0.12,0.8822,0.0,1,0
final_1408a6e4,ood_positives_2026-09-11__PIC_20260911_130253,dataset/ood_positives/PIC_20260911_130253.JPG,16616e07042d26516d1d1248aa95f4020b0a7eeae698d05bdb0c875a97ab31ee,outputs/ml2_p1/defects/final/final_1408a6e4.png,3553d6a4d71da8d8ff9dccd98beee0cc90704413a51a4ac905e5aba6addded28,erode,0.06,0.9377,0.0,0,0
final_486f3f80,2026-08-27__oneplus_flash__class_004__PXL_20260827_183458045,dataset/2026-08-27__oneplus_flash/class_004__CostaRica_LaPastora/PXL_20260827_183458045.jpg,bf85e5f7c10041fa7f9c5049d435a3c05e6d5f740ca71431e0e0b8aad020ada4,outputs/ml2_p1/defects/final/final_486f3f80.png,76445d78bab01ee653ec3fdf997f4aa0481ad77a6befd71ff202eae8b70d8e63,drop_corner,0.96,0.8476,0.0,1,0
final_920bf6ac,ood_positives_2026-09-30__PXL_20260915_114946300,dataset/ood_positives/PXL_20260915_114946300.jpg,48184b71dd7efe244fb4af86dfff979c63f458db06a000ec1ca80ccdc954c066,outputs/ml2_p1/defects/final/final_920bf6ac.png,558544dd00bac3a74f8ed455c20924f7e07fac8a8430f1784c808f9f24d9c7c6,shift,0.16,0.8963,0.0033,1,0
final_66513c34,ood_positives_2026-09-11__PXL_20260911_055950561,dataset/ood_positives/PXL_20260911_055950561.jpg,4e5ced3a1398d51c203ebaeceb90b5fc6080511ba70bb196437ec2ab6644f1cd,outputs/ml2_p1/defects/final/final_66513c34.png,29ea68457c723bd0a43266eca0137a9f9f9560ec719e74e2cb6bf551563c428a,shift,0.12,0.9009,0.0639,1,0
final_b9d3f356,2026-08-30__sony__class_010__PIC_20260830_200654,dataset/2026-08-30__sony/class_010__Indonesia_Java/PIC_20260830_200654.JPG,76a9e8a3b9899f4fcbd1d8ab974e1d83652635a341b730cddb26f81f296d860e,outputs/ml2_p1/defects/final/final_b9d3f356.png,4070cd44efcf6b9afde795695986605bb315fe3479a9ee52c7d5ae15c16968c5,erode,0.14,0.8631,0.0,1,0
final_b3a00020,2026-08-09__sony_cam__class_004__PIC_20260809_204750,dataset/2026-08-09__sony_cam/class_004__CostaRica_LaPastora/PIC_20260809_204750.JPG,1db0784c83af035eb4e0da23f5035e74dbd53f13dc0d451e962429506b1712e6,data/seg_masks/base_points/2026-08-09__sony_cam__class_004__PIC_20260809_204750.png,953a2cc27c5fe5a68dc8420ddcd0cc90e8d96934c2f427add62e0f85dde37ed4,clean,0.0,1.0,0.0,,1
final_48166f95,2026-08-07__box_pictures_all_classes__class_004__PXL_20260807_074517496,dataset/2026-08-07__box_pictures_all_classes/class_004__CostaRica_LaPastora/PXL_20260807_074517496.jpg,37a50feb1fc5bb97a92ee0f40f3d777f45a5437bdd9d431791d17bf8391c61ec,outputs/ml2_p1/defects/final/final_48166f95.png,b44760ccee0392144c231486424618866a6090e043a9facb59ea06f9844ae6e0,dilate,0.08,0.9216,0.0844,1,0
final_8fe5c680,2026-08-30__pixel__class_010__PXL_20260830_124333854,dataset/2026-08-30__pixel/class_010__Indonesia_Java/PXL_20260830_124333854.jpg,277a49cfb553a6d264795821fe4481e2247b89e4394d06f756c08d0a7414b9b6,outputs/ml2_p1/defects/final/final_8fe5c680.png,930f14cb84921f5f3f61ab284ad316351fe75d0d0f69699c62c7a40409d2409c,shift,0.22,0.8446,0.0001,1,0
final_e8bddb38,2026-08-07__box_pictures_all_classes__class_004__PXL_20260807_074317801,dataset/2026-08-07__box_pictures_all_classes/class_004__CostaRica_LaPastora/PXL_20260807_074317801.jpg,78c2c492481c359594494ca26bb3c66866ceebd26d75c5ff2dd015bfc3e74ec7,outputs/ml2_p1/defects/final/final_e8bddb38.png,34a61d3a60cff4c586334394d3880ad12ff4d4fc452494e5beac7172c4aaf64b,dilate,0.1,0.9042,0.1053,1,0
final_a774e799,2026-08-30__pixel__class_010__PXL_20260830_124333854,dataset/2026-08-30__pixel/class_010__Indonesia_Java/PXL_20260830_124333854.jpg,277a49cfb553a6d264795821fe4481e2247b89e4394d06f756c08d0a7414b9b6,outputs/ml2_p1/defects/final/final_a774e799.png,da8d761bde8a7b4840f7004dff08edba79de20c5a64e33b3f5ec1c77af9b5570,erode,0.08,0.9211,0.0,0,0
final_26f5c362,2026-08-25__iphone__class_004__IMG_6277D,dataset/2026-08-25__iphone/class_004__CostaRica_LaPastora/IMG_6277D.HEIC,841f0da955dcb0353ca0973ba3fc130322ccc43409ef7138475c689a0463cdc8,outputs/ml2_p1/defects/final/final_26f5c362.png,897c586f7a29a14845301859632695dc3b611f7c95901590e4a30ba1e410f8f0,add_band,0.26,0.8891,0.0628,1,0
final_04036f47,2026-08-27__oneplus_flash__class_004__PXL_20260827_183458045,dataset/2026-08-27__oneplus_flash/class_004__CostaRica_LaPastora/PXL_20260827_183458045.jpg,bf85e5f7c10041fa7f9c5049d435a3c05e6d5f740ca71431e0e0b8aad020ada4,outputs/ml2_p1/defects/final/final_04036f47.png,83fbd86b3433f8801174ae05f852b523c04a9971203a42f5613e9de0572566cd,erode,0.16,0.8234,0.0,1,0
final_f7959e7f,2026-08-30__oneplus__class_010__PXL_20260830_175659210,dataset/2026-08-30__oneplus/class_010__Indonesia_Java/PXL_20260830_175659210.jpg,ee4bb10564dd72752339c18c311ba6435075cca8ff6e6fd137f4950efbe5637b,outputs/ml2_p1/defects/final/final_f7959e7f.png,fa4baf4a3eff386d38c4da78886a34466c19d207baf82e7db7d275ccc0624097,shift,0.2,0.8884,0.0017,1,0
final_63489c70,2026-08-09__pixel_cam__class_003__PXL_20260809_132246013,dataset/2026-08-09__pixel_cam/class_003__Colombia_PinkBourbon/PXL_20260809_132246013.jpg,b1c28414a5be9658937d2ed2f6becb9601f5d6b729187cebf1f7cb761b0a3893,outputs/ml2_p1/defects/final/final_63489c70.png,d30b0906508b2cf385cf9acdc3d13e1b3154ed9c8091c7e06f4720c922874858,shift,0.14,0.9063,0.0028,0,0
final_01e24f63,2026-08-25__iphone__class_004__IMG_6277D,dataset/2026-08-25__iphone/class_004__CostaRica_LaPastora/IMG_6277D.HEIC,841f0da955dcb0353ca0973ba3fc130322ccc43409ef7138475c689a0463cdc8,outputs/ml2_p1/defects/final/final_01e24f63.png,546e73863ce3a63d56fd64b439451039cbc86cc3aafc18151fbb4e0dd93d413d,erode,0.1,0.8941,0.0,1,0
