set,path,model,output,n_points,replay_iou,replay_empty,click0,click1,click2,click3
A,dataset/2026-08-07__box_pictures_all_classes/class_003__Colombia_PinkBourbon/PXL_20260807_075017433.jpg,pretrained_l0,single,13,1.0,0,0.0,0.0,0.5341557378685351,0.78320016390084
A,dataset/2026-08-07__box_pictures_all_classes/class_003__Colombia_PinkBourbon/PXL_20260807_075017433.jpg,pretrained_l0,multi3,13,0.9266238668079477,0,0.0,0.0,0.0,0.0
A,dataset/2026-08-07__box_pictures_all_classes/class_003__Colombia_PinkBourbon/PXL_20260807_075017433.jpg,ft_s123,single,13,0.0,1,0.9580245440854123,0.9006935828637199,0.023057145846724168,0.08111481487017744
A,dataset/2026-08-07__box_pictures_all_classes/class_003__Colombia_PinkBourbon/PXL_20260807_075017433.jpg,ft_s123,multi3,13,0.0,1,0.9501949477898448,0.8942884049088925,0.15491262948624046,0.00021674464491248
A,dataset/2026-08-07__box_pictures_all_classes/class_003__Colombia_PinkBourbon/PXL_20260807_075044607.jpg,pretrained_l0,single,13,1.0,0,0.0,0.0,0.5483294354168609,0.8015500109614689
A,dataset/2026-08-07__box_pictures_all_classes/class_003__Colombia_PinkBourbon/PXL_20260807_075044607.jpg,pretrained_l0,multi3,13,0.9607272210780484,0,0.0,0.0,0.0,0.0
A,dataset/2026-08-07__box_pictures_all_classes/class_003__Colombia_PinkBourbon/PXL_20260807_075044607.jpg,ft_s123,single,13,0.0,1,0.9702428432154568,0.9141497021037537,0.6529494382022472,0.003392962743938498
A,dataset/2026-08-07__box_pictures_all_classes/class_003__Colombia_PinkBourbon/PXL_20260807_075044607.jpg,ft_s123,multi3,13,0.0,1,0.9713196788513099,0.8439828503843879,0.00674896510940272,0.0009905381431105855
A,dataset/2026-08-07__box_pictures_all_classes/class_003__Colombia_PinkBourbon/PXL_20260807_075133627.jpg,pretrained_l0,single,13,1.0,0,0.0,0.0,0.4216609589041096,0.7503137381697419
A,dataset/2026-08-07__box_pictures_all_classes/class_003__Colombia_PinkBourbon/PXL_20260807_075133627.jpg,pretrained_l0,multi3,13,0.9339677342337733,0,0.0,0.0,0.0,0.0
A,dataset/2026-08-07__box_pictures_all_classes/class_003__Colombia_PinkBourbon/PXL_20260807_075133627.jpg,ft_s123,single,13,0.0,1,0.9391689661717256,0.8898148486287113,0.07491509330606581,0.0028046598254391412
A,dataset/2026-08-07__box_pictures_all_classes/class_003__Colombia_PinkBourbon/PXL_20260807_075133627.jpg,ft_s123,multi3,13,0.0,1,0.9368567048689685,0.8733812949640288,0.026140306029288244,0.00010225322280246868
A,dataset/2026-08-07__box_pictures_all_classes/class_003__Colombia_PinkBourbon/PXL_20260807_075630054.jpg,pretrained_l0,single,13,1.0,0,0.0,0.0,0.0,0.7999061128932274
A,dataset/2026-08-07__box_pictures_all_classes/class_003__Colombia_PinkBourbon/PXL_20260807_075630054.jpg,pretrained_l0,multi3,13,0.9556576572689949,0,0.0,0.0,0.0,0.0
A,dataset/2026-08-07__box_pictures_all_classes/class_003__Colombia_PinkBourbon/PXL_20260807_075630054.jpg,ft_s123,single,13,0.0,1,0.977115004532418,0.9778657186934067,0.9730558172221475,0.9294054802353402
A,dataset/2026-08-07__box_pictures_all_classes/class_003__Colombia_PinkBourbon/PXL_20260807_075630054.jpg,ft_s123,multi3,13,0.0,1,0.9723575656124828,0.9651816641425123,0.9399311091724075,0.9141373862011888
A,dataset/2026-08-07__box_pictures_all_classes/class_004__CostaRica_LaPastora/PXL_20260807_074317801.jpg,pretrained_l0,single,13,1.0,0,0.0,0.0,0.46005922289027124,0.7880382490942567
A,dataset/2026-08-07__box_pictures_all_classes/class_004__CostaRica_LaPastora/PXL_20260807_074317801.jpg,pretrained_l0,multi3,13,0.9254645388092182,0,0.0,0.0,0.0,0.0
A,dataset/2026-08-07__box_pictures_all_classes/class_004__CostaRica_LaPastora/PXL_20260807_074317801.jpg,ft_s123,single,13,0.0,1,0.9316570877618506,0.6629007702627334,0.023017440195354306,0.3200057279811881
A,dataset/2026-08-07__box_pictures_all_classes/class_004__CostaRica_LaPastora/PXL_20260807_074317801.jpg,ft_s123,multi3,13,0.0,1,0.9205983195810256,0.024419288222969203,4.522090411660964e-05,0.0
A,dataset/2026-08-07__box_pictures_all_classes/class_004__CostaRica_LaPastora/PXL_20260807_074517496.jpg,pretrained_l0,single,13,1.0,0,0.0,0.0,0.0,0.7994517990089293
A,dataset/2026-08-07__box_pictures_all_classes/class_004__CostaRica_LaPastora/PXL_20260807_074517496.jpg,pretrained_l0,multi3,13,0.9539556837738059,0,0.0,0.0,0.0,0.0
A,dataset/2026-08-07__box_pictures_all_classes/class_004__CostaRica_LaPastora/PXL_20260807_074517496.jpg,ft_s123,single,13,0.0,1,0.9592623974313236,0.8701080126862546,0.7123608626329618,0.12072669566063582
A,dataset/2026-08-07__box_pictures_all_classes/class_004__CostaRica_LaPastora/PXL_20260807_074517496.jpg,ft_s123,multi3,13,0.0,1,0.9476814380897017,0.8470393628885579,0.014686618110501455,7.48553420514855e-06
A,dataset/2026-08-07__box_pictures_all_classes/class_005__Guatemala_Tata/PXL_20260807_072648312.jpg,pretrained_l0,single,13,1.0,0,0.0,0.0,0.561761793546608,0.7776068474929154
A,dataset/2026-08-07__box_pictures_all_classes/class_005__Guatemala_Tata/PXL_20260807_072648312.jpg,pretrained_l0,multi3,13,0.8876565460511114,0,0.0,0.0,0.0,0.0
A,dataset/2026-08-07__box_pictures_all_classes/class_005__Guatemala_Tata/PXL_20260807_072648312.jpg,ft_s123,single,13,0.0,1,0.9422979722899447,0.8849323218801131,0.032694710537276135,0.42602784554054857
A,dataset/2026-08-07__box_pictures_all_classes/class_005__Guatemala_Tata/PXL_20260807_072648312.jpg,ft_s123,multi3,13,0.0,1,0.9319106220024538,0.878897185696436,0.11583715118700541,0.0
A,dataset/2026-08-07__box_pictures_all_classes/class_005__Guatemala_Tata/PXL_20260807_073241357.jpg,pretrained_l0,single,13,1.0,0,0.0,0.0,0.0,0.7595813132051701
A,dataset/2026-08-07__box_pictures_all_classes/class_005__Guatemala_Tata/PXL_20260807_073241357.jpg,pretrained_l0,multi3,13,0.96226441982258,0,0.0,0.0,0.0,0.0
A,dataset/2026-08-07__box_pictures_all_classes/class_005__Guatemala_Tata/PXL_20260807_073241357.jpg,ft_s123,single,13,0.0,1,0.9671670552584932,0.9590245557612729,0.8761264429947648,0.709897888914394
A,dataset/2026-08-07__box_pictures_all_classes/class_005__Guatemala_Tata/PXL_20260807_073241357.jpg,ft_s123,multi3,13,0.0,1,0.9449013643612308,0.6485275714740576,0.2499241016223741,0.026027589985856987
A,dataset/2026-08-07__box_pictures_all_classes/class_006__Brazil_Cerrado/PXL_20260807_070951591.jpg,pretrained_l0,single,13,1.0,0,0.0,0.0,0.5356549918584975,0.7505466176807752
A,dataset/2026-08-07__box_pictures_all_classes/class_006__Brazil_Cerrado/PXL_20260807_070951591.jpg,pretrained_l0,multi3,13,0.9372503561353035,0,0.0,0.0,0.0,0.0
A,dataset/2026-08-07__box_pictures_all_classes/class_006__Brazil_Cerrado/PXL_20260807_070951591.jpg,ft_s123,single,13,0.0,1,0.9533771267454749,0.8963962957168294,0.7459655187828756,0.19104740049769778
A,dataset/2026-08-07__box_pictures_all_classes/class_006__Brazil_Cerrado/PXL_20260807_070951591.jpg,ft_s123,multi3,13,0.0,1,0.9386210595316131,0.8798968841735088,0.6554560491141278,0.2229358208288009
A,dataset/2026-08-07__box_pictures_all_classes/class_006__Brazil_Cerrado/PXL_20260807_071336299.jpg,pretrained_l0,single,13,1.0,0,0.0,0.0,0.5224120026658814,0.7541181669193036
A,dataset/2026-08-07__box_pictures_all_classes/class_006__Brazil_Cerrado/PXL_20260807_071336299.jpg,pretrained_l0,multi3,13,0.9240269486727847,0,0.0,0.0,0.0,0.0
A,dataset/2026-08-07__box_pictures_all_classes/class_006__Brazil_Cerrado/PXL_20260807_071336299.jpg,ft_s123,single,13,0.0,1,0.9535952216861935,0.9068018482396482,0.8576641794365905,0.5184168755841034
A,dataset/2026-08-07__box_pictures_all_classes/class_006__Brazil_Cerrado/PXL_20260807_071336299.jpg,ft_s123,multi3,13,0.0,1,0.9392238150683407,0.8508032813635756,0.6681476316921571,0.0445253741970895
A,dataset/2026-08-07__box_pictures_all_classes/class_007__Brazil_MonteCristo/PXL_20260807_070108266.jpg,pretrained_l0,single,13,1.0,0,0.0,0.0,0.0,0.7622597119746566
A,dataset/2026-08-07__box_pictures_all_classes/class_007__Brazil_MonteCristo/PXL_20260807_070108266.jpg,pretrained_l0,multi3,13,0.9364630804781903,0,0.0,0.0,0.0,0.0
A,dataset/2026-08-07__box_pictures_all_classes/class_007__Brazil_MonteCristo/PXL_20260807_070108266.jpg,ft_s123,single,13,0.0,1,0.9563890133422434,0.9058100473354711,0.7504507395183962,0.0001298740985209632
A,dataset/2026-08-07__box_pictures_all_classes/class_007__Brazil_MonteCristo/PXL_20260807_070108266.jpg,ft_s123,multi3,13,0.0,1,0.9507021850840944,0.8975522552255225,0.5612470969319154,0.0014744530008556412
A,dataset/2026-08-25__iphone/class_001__Ethiopia_Sidamo/IMG_6306.HEIC,pretrained_l0,single,15,0.9999970893595718,0,0.0,0.5447784742384433,0.7521162543666569,0.8949543262633787
A,dataset/2026-08-25__iphone/class_001__Ethiopia_Sidamo/IMG_6306.HEIC,pretrained_l0,multi3,15,0.9973090343294068,0,0.0,0.0,0.6590460478990227,0.9023349880492738
A,dataset/2026-08-25__iphone/class_001__Ethiopia_Sidamo/IMG_6306.HEIC,ft_s123,single,15,0.12188306793143695,0,0.9933472126914712,0.9792764211077801,0.9646037017524967,0.3467853431790597
A,dataset/2026-08-25__iphone/class_001__Ethiopia_Sidamo/IMG_6306.HEIC,ft_s123,multi3,15,0.644331382234033,0,0.9951681719632236,0.9946849826760109,0.9831183837889914,0.6822482950923692
A,dataset/2026-08-25__iphone/class_002__Kenya_AA/IMG_6282.HEIC,pretrained_l0,single,15,1.0,0,0.0,0.545048814951249,0.8922718837479948,0.782195697743045
A,dataset/2026-08-25__iphone/class_002__Kenya_AA/IMG_6282.HEIC,pretrained_l0,multi3,15,0.9969361687184874,0,0.0,0.6331039532295021,0.8494372944248134,0.9559516124505318
A,dataset/2026-08-25__iphone/class_002__Kenya_AA/IMG_6282.HEIC,ft_s123,single,15,0.6106406647627043,0,0.9954900534859716,0.9883567733473396,0.9657786752921977,0.00013795411117927285
A,dataset/2026-08-25__iphone/class_002__Kenya_AA/IMG_6282.HEIC,ft_s123,multi3,15,0.8890115147654927,0,0.9952747345873648,0.9965896183885434,0.9963124076636259,0.990736366437301
A,dataset/2026-08-25__iphone/class_002__Kenya_AA/IMG_6284.HEIC,pretrained_l0,single,15,1.0,0,0.0,0.02370263688673327,0.9450791225943577,0.9864815660345735
A,dataset/2026-08-25__iphone/class_002__Kenya_AA/IMG_6284.HEIC,pretrained_l0,multi3,15,0.9975289746705299,0,0.0,0.7599955493741307,0.9452886864799768,0.9734866119243127
A,dataset/2026-08-25__iphone/class_002__Kenya_AA/IMG_6284.HEIC,ft_s123,single,15,0.40329206058281536,0,0.9954261869088866,0.9691903650720687,0.7602130294628296,0.26197412377140616
A,dataset/2026-08-25__iphone/class_002__Kenya_AA/IMG_6284.HEIC,ft_s123,multi3,15,0.823255228385971,0,0.9946224969558556,0.9964018901758751,0.9896802185158837,0.969828722002635
A,dataset/2026-08-25__iphone/class_002__Kenya_AA/IMG_6286.HEIC,pretrained_l0,single,15,1.0,0,0.0,0.7394224442443552,0.9042904202893169,0.8912322872041406
A,dataset/2026-08-25__iphone/class_002__Kenya_AA/IMG_6286.HEIC,pretrained_l0,multi3,15,0.9976113326080807,0,0.0,0.8286251395984893,0.9410956792671984,0.9839480205151847
A,dataset/2026-08-25__iphone/class_002__Kenya_AA/IMG_6286.HEIC,ft_s123,single,15,0.38976039571542165,0,0.9943791010067369,0.9801323728892839,0.9557714345853408,0.6765605266850648
A,dataset/2026-08-25__iphone/class_002__Kenya_AA/IMG_6286.HEIC,ft_s123,multi3,15,0.6988370597315122,0,0.9949592549476135,0.9960449176024501,0.9961111873432578,0.9947783501690388
A,dataset/2026-08-25__iphone/class_002__Kenya_AA/IMG_6288.HEIC,pretrained_l0,single,15,1.0,0,0.0,0.506862393345334,0.798406389556042,0.9136487446224344
A,dataset/2026-08-25__iphone/class_002__Kenya_AA/IMG_6288.HEIC,pretrained_l0,multi3,15,0.9976917030362757,0,0.0,0.0,0.7778923706314015,0.978213043990901
A,dataset/2026-08-25__iphone/class_002__Kenya_AA/IMG_6288.HEIC,ft_s123,single,15,0.33750378486114335,0,0.9937045734422346,0.970138547965582,0.4393261036361124,0.09548139024196654
A,dataset/2026-08-25__iphone/class_002__Kenya_AA/IMG_6288.HEIC,ft_s123,multi3,15,0.6031495924108757,0,0.9955992827592672,0.9959359501038035,0.9908406550283805,0.5273318419265605
A,dataset/2026-08-25__iphone/class_004__CostaRica_LaPastora/IMG_6277D.HEIC,pretrained_l0,single,15,1.0,0,0.0,0.346068249895599,0.7255685530322443,0.8390319419721806
A,dataset/2026-08-25__iphone/class_004__CostaRica_LaPastora/IMG_6277D.HEIC,pretrained_l0,multi3,15,0.9945385661023386,0,0.0,0.8488218346452642,0.9447497515700487,0.9814601717147627
A,dataset/2026-08-25__iphone/class_004__CostaRica_LaPastora/IMG_6277D.HEIC,ft_s123,single,15,0.4385796370601142,0,0.9954732248963559,0.9885660429962847,0.9708278278156934,0.8228122386141854
A,dataset/2026-08-25__iphone/class_004__CostaRica_LaPastora/IMG_6277D.HEIC,ft_s123,multi3,15,0.7269919871989139,0,0.9914476748553828,0.9962401807617037,0.9925102257233752,0.9898374414834791
A,dataset/2026-08-25__iphone/class_007__Brazil_MonteCristo/IMG_6298.HEIC,pretrained_l0,single,15,1.0,0,0.0,0.22411931979069954,0.9431244575396281,0.9874877418737592
A,dataset/2026-08-25__iphone/class_007__Brazil_MonteCristo/IMG_6298.HEIC,pretrained_l0,multi3,15,0.9959179612718837,0,0.0,0.8919969864145624,0.9422270016173245,0.9817776257676922
A,dataset/2026-08-25__iphone/class_007__Brazil_MonteCristo/IMG_6298.HEIC,ft_s123,single,15,0.3493040798658409,0,0.9950034458993797,0.9906443899633767,0.977342487150148,0.875939144069695
A,dataset/2026-08-25__iphone/class_007__Brazil_MonteCristo/IMG_6298.HEIC,ft_s123,multi3,15,0.6368350315116511,0,0.9931890555791107,0.996252114037207,0.9962650795522934,0.9927135184204554
A,dataset/2026-08-25__oneplus/class_002__Kenya_AA/PXL_20260825_195410120.jpg,pretrained_l0,single,15,1.0,0,0.0,0.49058091100461326,0.6357431133020938,0.9501187717181537
A,dataset/2026-08-25__oneplus/class_002__Kenya_AA/PXL_20260825_195410120.jpg,pretrained_l0,multi3,15,0.9965123085181558,0,0.0,0.6297174285905924,0.9012600317065009,0.9664484018426023
A,dataset/2026-08-25__oneplus/class_002__Kenya_AA/PXL_20260825_195410120.jpg,ft_s123,single,15,0.36982799547164297,0,0.9945023033767656,0.983749585370975,0.9435872621699595,0.3073591887910991
A,dataset/2026-08-25__oneplus/class_002__Kenya_AA/PXL_20260825_195410120.jpg,ft_s123,multi3,15,0.5287769784172662,0,0.994608772556835,0.9957048585183431,0.9953379103261943,0.9928710245469117
A,dataset/2026-08-25__oneplus/class_005__Guatemala_Tata/PXL_20260825_194049726.jpg,pretrained_l0,single,15,1.0,0,0.0,0.5351759623768131,0.7083449903829341,0.8568801902690805
A,dataset/2026-08-25__oneplus/class_005__Guatemala_Tata/PXL_20260825_194049726.jpg,pretrained_l0,multi3,15,0.9965010561399086,0,0.0,0.6430345593778518,0.8843318399842843,0.9504714698420613
A,dataset/2026-08-25__oneplus/class_005__Guatemala_Tata/PXL_20260825_194049726.jpg,ft_s123,single,15,0.20577981538157764,0,0.9921784160058723,0.9770707868496397,0.9710455681362417,0.9053306101293316
A,dataset/2026-08-25__oneplus/class_005__Guatemala_Tata/PXL_20260825_194049726.jpg,ft_s123,multi3,15,0.6933001777075724,0,0.9960598193853195,0.9962149326910935,0.9964110889649458,0.995230078563412
A,dataset/2026-08-25__oneplus/class_007__Brazil_MonteCristo/PXL_20260825_195108562.jpg,pretrained_l0,single,15,1.0,0,0.0,0.5510400853048245,0.7181990307674969,0.8028658271819366
A,dataset/2026-08-25__oneplus/class_007__Brazil_MonteCristo/PXL_20260825_195108562.jpg,pretrained_l0,multi3,15,0.9943146043020424,0,0.0,0.7507903277928428,0.9519627056238494,0.969960302091402
A,dataset/2026-08-25__oneplus/class_007__Brazil_MonteCristo/PXL_20260825_195108562.jpg,ft_s123,single,15,0.25768047957382306,0,0.9928336751806388,0.9749296670804509,0.2734500246399142,0.0
A,dataset/2026-08-25__oneplus/class_007__Brazil_MonteCristo/PXL_20260825_195108562.jpg,ft_s123,multi3,15,0.7150939747612424,0,0.9945605096727923,0.9961630382015758,0.9939149274436149,0.9807995808095615
A,dataset/2026-08-25__oneplus/class_008__Ethiopia_Kochere/PXL_20260825_194503052.jpg,pretrained_l0,single,15,1.0,0,0.0,0.5351622141342115,0.716009025879924,0.7552790074135955
A,dataset/2026-08-25__oneplus/class_008__Ethiopia_Kochere/PXL_20260825_194503052.jpg,pretrained_l0,multi3,15,0.9972633033863165,0,0.0,0.6546694274026569,0.8904527739914815,0.9510845824819187
A,dataset/2026-08-25__oneplus/class_008__Ethiopia_Kochere/PXL_20260825_194503052.jpg,ft_s123,single,15,0.005343081248710423,0,0.9923478657165908,0.9040123922529941,0.6370338662043182,0.03219706885029826
A,dataset/2026-08-25__oneplus/class_008__Ethiopia_Kochere/PXL_20260825_194503052.jpg,ft_s123,multi3,15,0.35133145889214984,0,0.9953665372608906,0.9958164920716522,0.9896098617009155,0.9797578829695829
A,dataset/2026-08-25__oneplus/class_009__Vietnam_Robusta/PXL_20260825_193813455.jpg,pretrained_l0,single,15,1.0,0,0.0,0.527052558253749,0.7533118356622477,0.7985567605248979
A,dataset/2026-08-25__oneplus/class_009__Vietnam_Robusta/PXL_20260825_193813455.jpg,pretrained_l0,multi3,15,0.992885785724395,0,0.0,0.6691529476100545,0.9071464902626233,0.9524151499058562
A,dataset/2026-08-25__oneplus/class_009__Vietnam_Robusta/PXL_20260825_193813455.jpg,ft_s123,single,15,0.5082990180551156,0,0.9939546663209782,0.9778460563826418,0.9076243268926196,0.40062401013620524
A,dataset/2026-08-25__oneplus/class_009__Vietnam_Robusta/PXL_20260825_193813455.jpg,ft_s123,multi3,15,0.7129363319607223,0,0.9940213792451046,0.9915410379956818,0.9875096986683135,0.9662443381584366
A,dataset/2026-08-25__oneplus/class_009__Vietnam_Robusta/PXL_20260825_193927646-2.jpg,pretrained_l0,single,15,1.0,0,0.0,0.5934472721844913,0.8879809196121364,0.9624913209446451
A,dataset/2026-08-25__oneplus/class_009__Vietnam_Robusta/PXL_20260825_193927646-2.jpg,pretrained_l0,multi3,15,0.9948702870762514,0,0.0,0.6327321048830996,0.9212081190045878,0.9670746097979344
A,dataset/2026-08-25__oneplus/class_009__Vietnam_Robusta/PXL_20260825_193927646-2.jpg,ft_s123,single,15,0.45516395761939193,0,0.9939931736327641,0.9871512331609475,0.9546640676580627,0.014905523941270789
A,dataset/2026-08-25__oneplus/class_009__Vietnam_Robusta/PXL_20260825_193927646-2.jpg,ft_s123,multi3,15,0.7051026503599837,0,0.9943048827807192,0.9949118417880257,0.9956183133799835,0.9956479827175302
A,dataset/2026-08-27__oneplus_flash/class_003__Colombia_PinkBourbon/PXL_20260827_184532420.jpg,pretrained_l0,single,12,1.0,0,0.8789242245979751,0.9843054981045903,0.9940215190978059,0.9967354681697385
A,dataset/2026-08-27__oneplus_flash/class_003__Colombia_PinkBourbon/PXL_20260827_184532420.jpg,pretrained_l0,multi3,12,0.995581714632937,0,0.9793995929252437,0.9887638690654914,0.9932102700740152,0.9941708482317239
A,dataset/2026-08-27__oneplus_flash/class_003__Colombia_PinkBourbon/PXL_20260827_184532420.jpg,ft_s123,single,12,0.9875566262008784,0,0.9935326544873141,0.9902359794160002,0.9918463917155083,0.9936666465425295
A,dataset/2026-08-27__oneplus_flash/class_003__Colombia_PinkBourbon/PXL_20260827_184532420.jpg,ft_s123,multi3,12,0.9942960749749097,0,0.9948931292117319,0.9954108200015235,0.9954885726321117,0.9955733636972692
A,dataset/2026-08-27__oneplus_flash/class_004__CostaRica_LaPastora/PXL_20260827_183458045.jpg,pretrained_l0,single,12,1.0,0,7.097314505233302e-05,0.9802761142462283,0.9924075909514926,0.9955946685094197
A,dataset/2026-08-27__oneplus_flash/class_004__CostaRica_LaPastora/PXL_20260827_183458045.jpg,pretrained_l0,multi3,12,0.9893628459508782,0,0.9529650004968141,0.9680984612934916,0.9751341814786598,0.9797388874660804
A,dataset/2026-08-27__oneplus_flash/class_004__CostaRica_LaPastora/PXL_20260827_183458045.jpg,ft_s123,single,12,0.9809518075296971,0,0.9866374158230617,0.9843829381102709,0.9833659563033305,0.9846979901246097
A,dataset/2026-08-27__oneplus_flash/class_004__CostaRica_LaPastora/PXL_20260827_183458045.jpg,ft_s123,multi3,12,0.9917349434334074,0,0.9933208346536164,0.9919170249493715,0.9923987935430801,0.9926754754560961
A,dataset/2026-08-27__oneplus_flash/class_004__CostaRica_LaPastora/PXL_20260827_183648295.jpg,pretrained_l0,single,12,1.0,0,0.0,0.9748435199750843,0.984698224696943,0.9916565277946963
A,dataset/2026-08-27__oneplus_flash/class_004__CostaRica_LaPastora/PXL_20260827_183648295.jpg,pretrained_l0,multi3,12,0.9885887247124883,0,0.9407924123449678,0.9616228163749477,0.9718657282826192,0.9786279939263842
A,dataset/2026-08-27__oneplus_flash/class_004__CostaRica_LaPastora/PXL_20260827_183648295.jpg,ft_s123,single,12,0.9684621936720317,0,0.9872683184161646,0.9854189950741247,0.987124336629858,0.9894796420211383
A,dataset/2026-08-27__oneplus_flash/class_004__CostaRica_LaPastora/PXL_20260827_183648295.jpg,ft_s123,multi3,12,0.9878086278312751,0,0.9925868347731432,0.9913940870335511,0.9909361098356275,0.9927750657818964
A,dataset/2026-08-27__oneplus_flash/class_005__Guatemala_Tata/PXL_20260827_184838873.jpg,pretrained_l0,single,12,1.0,0,9.057080307837222e-06,0.9842899628145085,0.9960932057856924,0.9965586346118553
A,dataset/2026-08-27__oneplus_flash/class_005__Guatemala_Tata/PXL_20260827_184838873.jpg,pretrained_l0,multi3,12,0.9916758135896029,0,0.9592717508389463,0.9741467184124167,0.9885919388466233,0.9927511137801897
A,dataset/2026-08-27__oneplus_flash/class_005__Guatemala_Tata/PXL_20260827_184838873.jpg,ft_s123,single,12,0.9742995399436629,0,0.9921120405002523,0.9894452738330747,0.9892841487774957,0.9888782313445571
A,dataset/2026-08-27__oneplus_flash/class_005__Guatemala_Tata/PXL_20260827_184838873.jpg,ft_s123,multi3,12,0.9936887579716508,0,0.9950640658711638,0.9956768377477851,0.9953840437421703,0.9956429127554243
A,dataset/2026-08-27__oneplus_flash/class_006__Brazil_Cerrado/PXL_20260827_184207722.jpg,pretrained_l0,single,12,1.0,0,0.929984940017449,0.9925819597656541,0.9955860057732332,0.9964940417094481
A,dataset/2026-08-27__oneplus_flash/class_006__Brazil_Cerrado/PXL_20260827_184207722.jpg,pretrained_l0,multi3,12,0.9976933206836494,0,0.9915190557403624,0.9954580002768996,0.9963898457518114,0.9969084578085847
A,dataset/2026-08-27__oneplus_flash/class_006__Brazil_Cerrado/PXL_20260827_184207722.jpg,ft_s123,single,12,0.982139461217724,0,0.99370262423766,0.9892234620302294,0.9909564610289172,0.9932031767699055
A,dataset/2026-08-27__oneplus_flash/class_006__Brazil_Cerrado/PXL_20260827_184207722.jpg,ft_s123,multi3,12,0.9913185994536876,0,0.9963375211174107,0.9939473650607179,0.9939402538254719,0.9946001852905415
A,dataset/2026-08-27__oneplus_flash/class_008__Ethiopia_Kochere/PXL_20260827_185807199.jpg,pretrained_l0,single,12,1.0,0,0.8988967246843362,0.9887190024089556,0.9930713897357507,0.9963008719475401
A,dataset/2026-08-27__oneplus_flash/class_008__Ethiopia_Kochere/PXL_20260827_185807199.jpg,pretrained_l0,multi3,12,0.9965177348422197,0,0.986966601740144,0.9917094483578084,0.9950706877075275,0.9962199646416036
A,dataset/2026-08-27__oneplus_flash/class_008__Ethiopia_Kochere/PXL_20260827_185807199.jpg,ft_s123,single,12,0.8804524327864718,0,0.9833195750998905,0.9706509167468065,0.839468626520805,0.0
A,dataset/2026-08-27__oneplus_flash/class_008__Ethiopia_Kochere/PXL_20260827_185807199.jpg,ft_s123,multi3,12,0.9818470000329611,0,0.9925317657776116,0.9925891132283254,0.9920390855404413,0.9807962945447145
A,dataset/2026-08-27__oneplus_flash/class_008__Ethiopia_Kochere/PXL_20260827_185847122.jpg,pretrained_l0,single,12,1.0,0,0.8446743533651413,0.9912342673612293,0.9950846897557585,0.9964472270535812
A,dataset/2026-08-27__oneplus_flash/class_008__Ethiopia_Kochere/PXL_20260827_185847122.jpg,pretrained_l0,multi3,12,0.996310747177087,0,0.9884857624663301,0.9924027656262427,0.9947011910219213,0.994971568212792
A,dataset/2026-08-27__oneplus_flash/class_008__Ethiopia_Kochere/PXL_20260827_185847122.jpg,ft_s123,single,12,0.9245339725929371,0,0.9889929658597322,0.9820086586282156,0.9720905935811657,0.0
A,dataset/2026-08-27__oneplus_flash/class_008__Ethiopia_Kochere/PXL_20260827_185847122.jpg,ft_s123,multi3,12,0.9839424791552771,0,0.993450878008655,0.9879900336742741,0.9834915482738041,0.974130022541057
A,dataset/2026-08-27__oneplus_flash/class_009__Vietnam_Robusta/PXL_20260827_185019541.jpg,pretrained_l0,single,12,1.0,0,1.0360828814501016e-05,0.9583808565046557,0.9781484454159409,0.994483373420048
A,dataset/2026-08-27__oneplus_flash/class_009__Vietnam_Robusta/PXL_20260827_185019541.jpg,pretrained_l0,multi3,12,0.9889556426952549,0,0.9287379152394657,0.9585907003404287,0.9741007907939118,0.98860658260767
A,dataset/2026-08-27__oneplus_flash/class_009__Vietnam_Robusta/PXL_20260827_185019541.jpg,ft_s123,single,12,0.9782345564423444,0,0.9934362306123279,0.9903796665959111,0.9900204447830905,0.991364823138785
A,dataset/2026-08-27__oneplus_flash/class_009__Vietnam_Robusta/PXL_20260827_185019541.jpg,ft_s123,multi3,12,0.9900187782798864,0,0.992658788410836,0.9943518464838541,0.994736597831983,0.9948934106557401
A,dataset/ood_positives/PIC_20260911_130253.JPG,pretrained_l0,single,15,1.0,0,0.0,0.5268046344130674,0.9806301839051319,0.9881952776101011
A,dataset/ood_positives/PIC_20260911_130253.JPG,pretrained_l0,multi3,15,0.9991133808561194,0,0.0,0.516259800893988,0.5265775276879833,0.5826011453143413
A,dataset/ood_positives/PIC_20260911_130253.JPG,ft_s123,single,15,0.0,1,0.0,0.0,0.0,0.0
A,dataset/ood_positives/PIC_20260911_130253.JPG,ft_s123,multi3,15,0.0,1,0.0,0.0,0.0,0.0
A,dataset/ood_positives/PIC_20260911_131316.JPG,pretrained_l0,single,17,1.0,0,1.292004687393006e-06,0.0,0.0,0.0
A,dataset/ood_positives/PIC_20260911_131316.JPG,pretrained_l0,multi3,17,0.9984636847354251,0,0.0,1.292535735381744e-06,9.047399325064011e-06,0.0
A,dataset/ood_positives/PIC_20260911_131316.JPG,ft_s123,single,17,0.0,1,0.0,0.0,0.0,0.0
A,dataset/ood_positives/PIC_20260911_131316.JPG,ft_s123,multi3,17,0.0,1,0.0,0.0,0.0,0.0
A,dataset/ood_positives/PXL_20260911_055950561.jpg,pretrained_l0,single,15,1.0,0,0.0,0.9875972152269745,0.9946694173513688,0.9966352693144722
A,dataset/ood_positives/PXL_20260911_055950561.jpg,pretrained_l0,multi3,15,0.9982071194215109,0,0.9528782111500818,0.9785152794699334,0.9852505243063024,0.9890566667960006
A,dataset/ood_positives/PXL_20260911_055950561.jpg,ft_s123,single,15,0.0,1,0.40508991176826764,0.0,0.0,0.0
A,dataset/ood_positives/PXL_20260911_055950561.jpg,ft_s123,multi3,15,0.0,1,0.9247275698152984,0.0,0.0,0.0
A,dataset/ood_positives/PXL_20260911_110204912.jpg,pretrained_l0,single,13,1.0,0,0.0,0.853179840410227,0.8752177353308399,0.9691881564914488
A,dataset/ood_positives/PXL_20260911_110204912.jpg,pretrained_l0,multi3,13,0.9987175777241195,0,0.819709228955582,0.8802606411750601,0.9630213558836176,0.9830132295719844
A,dataset/ood_positives/PXL_20260911_110204912.jpg,ft_s123,single,13,0.0,1,0.0,0.0,0.0,0.0
A,dataset/ood_positives/PXL_20260911_110204912.jpg,ft_s123,multi3,13,0.0,1,0.0,0.0,0.0,0.0
A,dataset/ood_positives/PXL_20260911_111601235.jpg,pretrained_l0,single,15,1.0,0,0.0,0.0,0.0,0.0
A,dataset/ood_positives/PXL_20260911_111601235.jpg,pretrained_l0,multi3,15,0.9984683791132792,0,0.0,0.0,0.0,0.0
A,dataset/ood_positives/PXL_20260911_111601235.jpg,ft_s123,single,15,0.0,1,0.5764035037344567,0.0,0.0,0.0
A,dataset/ood_positives/PXL_20260911_111601235.jpg,ft_s123,multi3,15,0.0,1,0.0,0.0,0.0,0.0
A,dataset/ood_positives/PXL_20260911_111613659.jpg,pretrained_l0,single,15,1.0,0,0.0,0.5170967004540022,0.537899704321604,0.9553295368827659
A,dataset/ood_positives/PXL_20260911_111613659.jpg,pretrained_l0,multi3,15,0.9975678084454798,0,0.0,0.5199193761928258,0.520607428700586,0.5222183782400893
A,dataset/ood_positives/PXL_20260911_111613659.jpg,ft_s123,single,15,0.0,1,0.9942398940874779,0.3859240458418911,0.0,0.0
A,dataset/ood_positives/PXL_20260911_111613659.jpg,ft_s123,multi3,15,0.0,1,0.9918838531247305,0.951956740750636,0.45598655245156156,0.008808255547948637
B,dataset/2026-08-25__iphone/class_001__Ethiopia_Sidamo/IMG_6302D.HEIC,pretrained_l0,single,6,1.0,0,0.0,0.6650208343546252,0.6539159086818679,0.17169148873854084
B,dataset/2026-08-25__iphone/class_001__Ethiopia_Sidamo/IMG_6302D.HEIC,pretrained_l0,multi3,6,0.9971764404520024,0,0.0,0.6629853145151008,0.8586194546643058,0.9711979442904994
B,dataset/2026-08-25__iphone/class_001__Ethiopia_Sidamo/IMG_6302D.HEIC,ft_s123,single,6,0.0,1,0.9897794873437441,0.9520344009835512,0.7502236311877366,0.0
B,dataset/2026-08-25__iphone/class_001__Ethiopia_Sidamo/IMG_6302D.HEIC,ft_s123,multi3,6,0.0,1,0.9938174581269339,0.9927140043005998,0.9883552606668201,0.0239540325000947
B,dataset/2026-08-25__iphone/class_001__Ethiopia_Sidamo/IMG_6307.HEIC,pretrained_l0,single,6,1.0,0,0.0,8.485630998176422e-05,0.6579255633017899,0.03855211214537109
B,dataset/2026-08-25__iphone/class_001__Ethiopia_Sidamo/IMG_6307.HEIC,pretrained_l0,multi3,6,0.9947919356782535,0,0.0,0.805979783583937,0.9577345731191885,0.9780797260888451
B,dataset/2026-08-25__iphone/class_001__Ethiopia_Sidamo/IMG_6307.HEIC,ft_s123,single,6,0.0,1,0.9862670621783359,0.961315852150283,0.8133771797675106,0.0
B,dataset/2026-08-25__iphone/class_001__Ethiopia_Sidamo/IMG_6307.HEIC,ft_s123,multi3,6,0.010812392930623348,0,0.9927124856356013,0.9849554602441438,0.9827246852512825,0.9781126618308695
B,dataset/2026-08-25__iphone/class_001__Ethiopia_Sidamo/IMG_6308.HEIC,pretrained_l0,single,6,1.0,0,0.0,0.687052853025703,0.7355764001583648,0.7190824236513986
B,dataset/2026-08-25__iphone/class_001__Ethiopia_Sidamo/IMG_6308.HEIC,pretrained_l0,multi3,6,0.9956970765089993,0,0.0,0.0,0.8645623922806929,0.9551616586371104
B,dataset/2026-08-25__iphone/class_001__Ethiopia_Sidamo/IMG_6308.HEIC,ft_s123,single,6,0.4408680369654787,0,0.9867954546115566,0.772463278940385,0.0,0.0
B,dataset/2026-08-25__iphone/class_001__Ethiopia_Sidamo/IMG_6308.HEIC,ft_s123,multi3,6,0.1424061314276403,0,0.9940007204945847,0.9862011782675104,0.013160804488000187,0.0
B,dataset/2026-08-25__iphone/class_001__Ethiopia_Sidamo/IMG_6310.HEIC,pretrained_l0,single,6,1.0,0,0.0,0.6120149834906741,0.7911806413247335,0.7653578346554563
B,dataset/2026-08-25__iphone/class_001__Ethiopia_Sidamo/IMG_6310.HEIC,pretrained_l0,multi3,6,0.9975987085877764,0,0.0,0.6648456956606567,0.9204824126990853,0.9831464809467187
B,dataset/2026-08-25__iphone/class_001__Ethiopia_Sidamo/IMG_6310.HEIC,ft_s123,single,6,0.0,1,0.9910720447174108,0.9866516689728977,0.9808650020282925,0.8287761090971862
B,dataset/2026-08-25__iphone/class_001__Ethiopia_Sidamo/IMG_6310.HEIC,ft_s123,multi3,6,0.0,1,0.9942085606595185,0.9943513208489961,0.9925776657304906,0.9667128907710986
B,dataset/2026-08-25__iphone/class_002__Kenya_AA/IMG_6280D.HEIC,pretrained_l0,single,6,1.0,0,0.0,0.6235978954850899,0.8663666741835626,0.9725762238410672
B,dataset/2026-08-25__iphone/class_002__Kenya_AA/IMG_6280D.HEIC,pretrained_l0,multi3,6,0.9985883365358544,0,0.0,0.6571791490517007,0.86949065956775,0.9548489935252712
B,dataset/2026-08-25__iphone/class_002__Kenya_AA/IMG_6280D.HEIC,ft_s123,single,6,0.0,1,0.991312841001974,0.9712295176296664,0.9718314846454149,0.7873256434997891
B,dataset/2026-08-25__iphone/class_002__Kenya_AA/IMG_6280D.HEIC,ft_s123,multi3,6,0.2562343422182485,0,0.99671559400618,0.994310086985762,0.9685973873451189,0.0
B,dataset/2026-08-25__iphone/class_002__Kenya_AA/IMG_6281.HEIC,pretrained_l0,single,6,1.0,0,0.0,0.6900842025889155,0.7470566730825982,0.8329865224743562
B,dataset/2026-08-25__iphone/class_002__Kenya_AA/IMG_6281.HEIC,pretrained_l0,multi3,6,0.9984841922910351,0,0.0,0.7108305819361231,0.9512787075273491,0.9850128572541753
B,dataset/2026-08-25__iphone/class_002__Kenya_AA/IMG_6281.HEIC,ft_s123,single,6,0.0,1,0.9917378116619237,0.9465761528504237,0.9326535035055555,0.3148967076477927
B,dataset/2026-08-25__iphone/class_002__Kenya_AA/IMG_6281.HEIC,ft_s123,multi3,6,0.0,1,0.9962519572787398,0.9963669869685402,0.9929653125210411,0.9884180625512475
B,dataset/2026-08-25__iphone/class_002__Kenya_AA/IMG_6285.HEIC,pretrained_l0,single,5,1.0,0,0.0,0.6962108510222685,0.9131112310957388,0.932748283218975
B,dataset/2026-08-25__iphone/class_002__Kenya_AA/IMG_6285.HEIC,pretrained_l0,multi3,5,0.9955161011404001,0,0.0,0.7266431578522766,0.9259760800797331,0.9850205865878235
B,dataset/2026-08-25__iphone/class_002__Kenya_AA/IMG_6285.HEIC,ft_s123,single,5,0.0,1,0.9883521864117606,0.9811271695720892,0.9824999634807251,0.6941995196942872
B,dataset/2026-08-25__iphone/class_002__Kenya_AA/IMG_6285.HEIC,ft_s123,multi3,5,2.9215675963094757e-05,0,0.9940668493598442,0.9883061948246952,0.9918477229393747,0.9880990982306391
B,dataset/2026-08-25__iphone/class_002__Kenya_AA/IMG_6287.HEIC,pretrained_l0,single,6,1.0,0,0.0,0.6232965430163706,0.9258399208153644,0.9750825991189427
B,dataset/2026-08-25__iphone/class_002__Kenya_AA/IMG_6287.HEIC,pretrained_l0,multi3,6,0.9960225553408906,0,1.4637987920732367e-06,0.6647502611521646,0.9362469435986621,0.9831266021546737
B,dataset/2026-08-25__iphone/class_002__Kenya_AA/IMG_6287.HEIC,ft_s123,single,6,0.46991755883354336,0,0.9866607303424735,0.9774065225425519,0.9454223763891758,0.5475804550705828
B,dataset/2026-08-25__iphone/class_002__Kenya_AA/IMG_6287.HEIC,ft_s123,multi3,6,0.7881846938211321,0,0.9937227844308765,0.9853421759462692,0.9862794054312021,0.9832120335584728
B,dataset/2026-08-25__iphone/class_003__Colombia_PinkBourbon/IMG_6259D.HEIC,pretrained_l0,single,6,1.0,0,0.0,0.6475326497467783,0.5931528513584752,0.5381506201285954
B,dataset/2026-08-25__iphone/class_003__Colombia_PinkBourbon/IMG_6259D.HEIC,pretrained_l0,multi3,6,0.9961845167690488,0,0.0,0.7020438533932996,0.8645573352174819,0.9627989648209766
B,dataset/2026-08-25__iphone/class_003__Colombia_PinkBourbon/IMG_6259D.HEIC,ft_s123,single,6,0.2613600669318499,0,0.9875798094846693,0.9766355003008997,0.9665634311379883,0.9202512879977689
B,dataset/2026-08-25__iphone/class_003__Colombia_PinkBourbon/IMG_6259D.HEIC,ft_s123,multi3,6,0.38766751310014824,0,0.9938704130795819,0.9877412631548047,0.9870163037415824,0.9838748976218923
B,dataset/2026-08-25__iphone/class_003__Colombia_PinkBourbon/IMG_6260.HEIC,pretrained_l0,single,6,1.0,0,0.0,0.531611053900638,0.8148647899744832,0.9514530402512132
B,dataset/2026-08-25__iphone/class_003__Colombia_PinkBourbon/IMG_6260.HEIC,pretrained_l0,multi3,6,0.9957764495060244,0,0.0,0.6230349736525074,0.8364446026026916,0.9520107593138124
B,dataset/2026-08-25__iphone/class_003__Colombia_PinkBourbon/IMG_6260.HEIC,ft_s123,single,6,0.04231256328581424,0,0.9890478365278371,0.9800824783627042,0.9823129974100754,0.007643007489497876
B,dataset/2026-08-25__iphone/class_003__Colombia_PinkBourbon/IMG_6260.HEIC,ft_s123,multi3,6,1.4760539763418068e-05,0,0.9911562946373463,0.9908505541462381,0.9898652230770137,0.9883060927378714
B,dataset/2026-08-25__iphone/class_003__Colombia_PinkBourbon/IMG_6265.HEIC,pretrained_l0,single,6,1.0,0,0.0,0.6053411951312023,0.5832454630158627,0.13486743336754858
B,dataset/2026-08-25__iphone/class_003__Colombia_PinkBourbon/IMG_6265.HEIC,pretrained_l0,multi3,6,0.9967275990077236,0,1.5582707557768993e-06,0.7313331456097398,0.9374811802633797,0.9878250115216111
B,dataset/2026-08-25__iphone/class_003__Colombia_PinkBourbon/IMG_6265.HEIC,ft_s123,single,6,0.932562711007813,0,0.9795622196304925,0.9598537893991438,0.6746285234080939,0.0
B,dataset/2026-08-25__iphone/class_003__Colombia_PinkBourbon/IMG_6265.HEIC,ft_s123,multi3,6,0.9493551865683703,0,0.9863286353001272,0.9818662437219138,0.9678048723154811,0.8537893991437747
B,dataset/2026-08-25__iphone/class_003__Colombia_PinkBourbon/IMG_6266.HEIC,pretrained_l0,single,6,1.0,0,0.0,0.6423985965076797,0.7373934833804554,0.1770547577531218
B,dataset/2026-08-25__iphone/class_003__Colombia_PinkBourbon/IMG_6266.HEIC,pretrained_l0,multi3,6,0.995491120774384,0,1.4518672993288414e-05,0.0,0.7922201204581588,0.9375271806446286
B,dataset/2026-08-25__iphone/class_003__Colombia_PinkBourbon/IMG_6266.HEIC,ft_s123,single,6,0.9046925718035553,0,0.9892966987902398,0.97368737128578,0.9652143853193809,0.08868661893434267
B,dataset/2026-08-25__iphone/class_003__Colombia_PinkBourbon/IMG_6266.HEIC,ft_s123,multi3,6,0.9676869353269977,0,0.994256640119841,0.9831439443873202,0.9773405046900907,0.8382823394307276
B,dataset/2026-08-25__iphone/class_004__CostaRica_LaPastora/IMG_6268D.HEIC,pretrained_l0,single,6,1.0,0,0.0,6.81357878115296e-06,0.6805571832778048,0.7106594843560978
B,dataset/2026-08-25__iphone/class_004__CostaRica_LaPastora/IMG_6268D.HEIC,pretrained_l0,multi3,6,0.994472792928523,0,0.0,0.7922202846907637,0.9172420798888617,0.9722478402988559
B,dataset/2026-08-25__iphone/class_004__CostaRica_LaPastora/IMG_6268D.HEIC,ft_s123,single,6,0.733152316930217,0,0.9815890574781374,0.962793952297792,0.9464695820674146,0.6000305016626396
B,dataset/2026-08-25__iphone/class_004__CostaRica_LaPastora/IMG_6268D.HEIC,ft_s123,multi3,6,0.8877658429224181,0,0.9885493902766908,0.9789942350014352,0.9788866529319774,0.9772654556328025
B,dataset/2026-08-25__iphone/class_004__CostaRica_LaPastora/IMG_6270D.HEIC,pretrained_l0,single,5,1.0,0,0.0,0.6119345961539526,0.8348323443557698,0.9286708113414235
B,dataset/2026-08-25__iphone/class_004__CostaRica_LaPastora/IMG_6270D.HEIC,pretrained_l0,multi3,5,0.9951305113415366,0,0.0,0.6641356228230586,0.8030373526033412,0.945533034106178
B,dataset/2026-08-25__iphone/class_004__CostaRica_LaPastora/IMG_6270D.HEIC,ft_s123,single,5,0.004134636553082279,0,0.9863596893241353,0.9772583339867428,0.9476761894996517,0.0
B,dataset/2026-08-25__iphone/class_004__CostaRica_LaPastora/IMG_6270D.HEIC,ft_s123,multi3,5,0.3947356516651638,0,0.9919715104517869,0.9896481516062382,0.97590608499513,0.7628027467738676
B,dataset/2026-08-25__iphone/class_004__CostaRica_LaPastora/IMG_6271D.HEIC,pretrained_l0,single,6,1.0,0,0.0,0.7090676862066694,0.9485508669746839,0.9797676932192741
B,dataset/2026-08-25__iphone/class_004__CostaRica_LaPastora/IMG_6271D.HEIC,pretrained_l0,multi3,6,0.9966674052471151,0,0.0,0.8000690375967245,0.860999118136138,0.9727666422823702
B,dataset/2026-08-25__iphone/class_004__CostaRica_LaPastora/IMG_6271D.HEIC,ft_s123,single,6,0.13938598620011924,0,0.9859121599357764,0.9652606128153735,0.06373531553070819,0.5307351447549368
B,dataset/2026-08-25__iphone/class_004__CostaRica_LaPastora/IMG_6271D.HEIC,ft_s123,multi3,6,0.6869740031338852,0,0.9916822499813001,0.9884335430246449,0.958597361664135,0.016637155414940184
B,dataset/2026-08-25__iphone/class_004__CostaRica_LaPastora/IMG_6272.HEIC,pretrained_l0,single,5,1.0,0,0.0,0.7171067357691381,0.7260258287007517,0.6259349779780544
B,dataset/2026-08-25__iphone/class_004__CostaRica_LaPastora/IMG_6272.HEIC,pretrained_l0,multi3,5,0.9962061334176415,0,0.0,0.8543938111313961,0.9491700715738889,0.9879643778688791
B,dataset/2026-08-25__iphone/class_004__CostaRica_LaPastora/IMG_6272.HEIC,ft_s123,single,5,0.0,1,0.9883812107750332,0.9792488290922109,2.0890221883999582e-05,0.0448453377501231
B,dataset/2026-08-25__iphone/class_004__CostaRica_LaPastora/IMG_6272.HEIC,ft_s123,multi3,5,0.03406598325797932,0,0.9917394748283276,0.9870791791478517,0.9780508616163063,0.8278919441576192
B,dataset/2026-08-25__iphone/class_004__CostaRica_LaPastora/IMG_6274.HEIC,pretrained_l0,single,6,1.0,0,0.0,0.7340118577528023,0.9437331576036433,0.9379091276568787
B,dataset/2026-08-25__iphone/class_004__CostaRica_LaPastora/IMG_6274.HEIC,pretrained_l0,multi3,6,0.9963168615195737,0,0.0,0.8629401831473313,0.9280020578272581,0.9796634627143102
B,dataset/2026-08-25__iphone/class_004__CostaRica_LaPastora/IMG_6274.HEIC,ft_s123,single,6,0.0006595444165831866,0,0.9905816433773001,0.9747102835721063,0.9513710435112651,0.9099192991407257
B,dataset/2026-08-25__iphone/class_004__CostaRica_LaPastora/IMG_6274.HEIC,ft_s123,multi3,6,0.005201689927014566,0,0.9945125977734168,0.9948013978808325,0.9926605675703402,0.9855343427147528
B,dataset/2026-08-25__iphone/class_004__CostaRica_LaPastora/IMG_6276.HEIC,pretrained_l0,single,6,1.0,0,0.0,0.6022947164529129,0.5869805392952387,0.40078696524571994
B,dataset/2026-08-25__iphone/class_004__CostaRica_LaPastora/IMG_6276.HEIC,pretrained_l0,multi3,6,0.9963311015702405,0,0.0,0.7927676566128613,0.9360057527988495,0.9761745352441682
B,dataset/2026-08-25__iphone/class_004__CostaRica_LaPastora/IMG_6276.HEIC,ft_s123,single,6,0.37028651940787394,0,0.9893632701927907,0.9735553909792092,0.06375862162398128,0.010175849517851391
B,dataset/2026-08-25__iphone/class_004__CostaRica_LaPastora/IMG_6276.HEIC,ft_s123,multi3,6,0.10191203610319155,0,0.9911680534846808,0.9859040912442257,0.9795510441219412,0.9692798651252409
B,dataset/2026-08-25__iphone/class_005__Guatemala_Tata/IMG_6334D.HEIC,pretrained_l0,single,6,1.0,0,0.0,0.5351083613019915,0.7070534698521047,0.7379600539704738
B,dataset/2026-08-25__iphone/class_005__Guatemala_Tata/IMG_6334D.HEIC,pretrained_l0,multi3,6,0.9982635242470588,0,0.0,0.6315553068485306,0.887885990750173,0.9813523139963946
B,dataset/2026-08-25__iphone/class_005__Guatemala_Tata/IMG_6334D.HEIC,ft_s123,single,6,0.0,1,0.993790861284821,0.9743719665048802,0.9309764459418216,0.5500282980570643
B,dataset/2026-08-25__iphone/class_005__Guatemala_Tata/IMG_6334D.HEIC,ft_s123,multi3,6,0.0,1,0.9948884730936542,0.9887838838690565,0.9815138002044475,0.5966000847460138
B,dataset/2026-08-25__iphone/class_005__Guatemala_Tata/IMG_6339.HEIC,pretrained_l0,single,6,1.0,0,0.0,0.6084792993630573,0.8279388623915881,0.8196535284351406
B,dataset/2026-08-25__iphone/class_005__Guatemala_Tata/IMG_6339.HEIC,pretrained_l0,multi3,6,0.9970935705544574,0,0.0,0.6461360304394207,0.8897836579380854,0.9748604474869061
B,dataset/2026-08-25__iphone/class_005__Guatemala_Tata/IMG_6339.HEIC,ft_s123,single,6,0.0016862810880485931,0,0.9880090491081804,0.9765392097139208,0.9685757252038694,0.4690568891792549
B,dataset/2026-08-25__iphone/class_005__Guatemala_Tata/IMG_6339.HEIC,ft_s123,multi3,6,0.22897225140596997,0,0.9934239909734138,0.9882206538655025,0.9850302220600439,0.9759476870285844
B,dataset/2026-08-25__iphone/class_005__Guatemala_Tata/IMG_6341.HEIC,pretrained_l0,single,6,1.0,0,0.0,0.6665631984107276,0.8098779320773463,0.9423445422813393
B,dataset/2026-08-25__iphone/class_005__Guatemala_Tata/IMG_6341.HEIC,pretrained_l0,multi3,6,0.9953183492890224,0,0.0,0.7554276293624305,0.9581050706367995,0.9868555104389619
B,dataset/2026-08-25__iphone/class_005__Guatemala_Tata/IMG_6341.HEIC,ft_s123,single,6,0.0,1,0.9926700730317541,0.9884558897854098,0.9710643915405268,0.48786173227129065
B,dataset/2026-08-25__iphone/class_005__Guatemala_Tata/IMG_6341.HEIC,ft_s123,multi3,6,0.0002943511341438396,0,0.994845971563981,0.9951450260257468,0.9932932353159575,0.9904442601657913
B,dataset/2026-08-25__iphone/class_005__Guatemala_Tata/IMG_6343.HEIC,pretrained_l0,single,5,1.0,0,0.0,0.6910042382642483,0.7611459488828017,0.8713347366832248
B,dataset/2026-08-25__iphone/class_005__Guatemala_Tata/IMG_6343.HEIC,pretrained_l0,multi3,5,0.9968474872619059,0,0.0,0.7623955719358415,0.967348986211103,0.9915939869395626
B,dataset/2026-08-25__iphone/class_005__Guatemala_Tata/IMG_6343.HEIC,ft_s123,single,5,0.0,1,0.9902021379294107,0.9675645441431894,0.8991462804321587,0.49356177691424535
B,dataset/2026-08-25__iphone/class_005__Guatemala_Tata/IMG_6343.HEIC,ft_s123,multi3,5,0.0,1,0.9945086408151879,0.9910606042772566,0.9884359547916176,0.9741295055520883
B,dataset/2026-08-25__iphone/class_005__Guatemala_Tata/IMG_6348.HEIC,pretrained_l0,single,6,1.0,0,0.0,0.6472534519045025,0.8320776309550703,0.6970663349697636
B,dataset/2026-08-25__iphone/class_005__Guatemala_Tata/IMG_6348.HEIC,pretrained_l0,multi3,6,0.998130983712858,0,0.0,0.8375103975429806,0.9471826276900445,0.985364745492196
B,dataset/2026-08-25__iphone/class_005__Guatemala_Tata/IMG_6348.HEIC,ft_s123,single,6,0.0,1,0.9917669243602698,0.9687195157783393,0.2231474407944996,0.0
B,dataset/2026-08-25__iphone/class_005__Guatemala_Tata/IMG_6348.HEIC,ft_s123,multi3,6,0.0,1,0.995044157638525,0.9954804710627048,0.9819098518881978,0.9435505670799789
B,dataset/2026-08-25__iphone/class_005__Guatemala_Tata/IMG_6350.HEIC,pretrained_l0,single,5,1.0,0,0.0,0.5039185319132369,0.6355752088871407,0.7126556691393836
B,dataset/2026-08-25__iphone/class_005__Guatemala_Tata/IMG_6350.HEIC,pretrained_l0,multi3,5,0.9949751113285452,0,0.0,0.6872165403695129,0.9355797245397961,0.9697957191461262
B,dataset/2026-08-25__iphone/class_005__Guatemala_Tata/IMG_6350.HEIC,ft_s123,single,5,0.0,1,0.9848471900112865,0.9818628722325702,0.9770830815665446,0.0
B,dataset/2026-08-25__iphone/class_005__Guatemala_Tata/IMG_6350.HEIC,ft_s123,multi3,5,0.0,1,0.991391028545537,0.9858977721072901,0.97045672262096,0.1919060321577528
B,dataset/2026-08-25__iphone/class_005__Guatemala_Tata/IMG_6351.HEIC,pretrained_l0,single,6,1.0,0,0.0,0.3773756314434298,0.7590560101269539,0.8050088234704313
B,dataset/2026-08-25__iphone/class_005__Guatemala_Tata/IMG_6351.HEIC,pretrained_l0,multi3,6,0.9972080530587722,0,0.0,0.6746901015369692,0.9609229898074745,0.9907360354203538
B,dataset/2026-08-25__iphone/class_005__Guatemala_Tata/IMG_6351.HEIC,ft_s123,single,6,0.0,1,0.9875879786347072,0.95940957235243,0.46589278611729007,0.0
B,dataset/2026-08-25__iphone/class_005__Guatemala_Tata/IMG_6351.HEIC,ft_s123,multi3,6,0.0,1,0.9952701987222478,0.9919229693320181,0.9897390889465484,0.9858009361955347
B,dataset/2026-08-25__iphone/class_005__Guatemala_Tata/IMG_6352.HEIC,pretrained_l0,single,5,1.0,0,0.0,0.14824366037588402,0.9668237559973752,0.9928575179875007
B,dataset/2026-08-25__iphone/class_005__Guatemala_Tata/IMG_6352.HEIC,pretrained_l0,multi3,5,0.9963673525723666,0,1.6171992373288396e-06,0.6963269381058179,0.9029605394088474,0.9734156019909627
B,dataset/2026-08-25__iphone/class_005__Guatemala_Tata/IMG_6352.HEIC,ft_s123,single,5,0.0,1,0.9875752315324763,0.9334396888074085,0.3942879471630706,0.0
B,dataset/2026-08-25__iphone/class_005__Guatemala_Tata/IMG_6352.HEIC,ft_s123,multi3,5,0.0,1,0.9928562428760215,0.9926333878791078,0.9884543783510785,0.9417749560036314
B,dataset/2026-08-25__iphone/class_006__Brazil_Cerrado/IMG_6253.HEIC,pretrained_l0,single,6,1.0,0,0.0,0.6349562401391871,0.6585828883801227,0.911346308891883
B,dataset/2026-08-25__iphone/class_006__Brazil_Cerrado/IMG_6253.HEIC,pretrained_l0,multi3,6,0.9795653678495508,0,6.493160753778046e-06,1.0395591229759459e-05,6.499854403261367e-06,1.304080206148999e-06
B,dataset/2026-08-25__iphone/class_006__Brazil_Cerrado/IMG_6253.HEIC,ft_s123,single,6,0.9105031913314532,0,0.9604838949087131,0.9658453317500371,0.950577408341992,0.0008490426005640493
B,dataset/2026-08-25__iphone/class_006__Brazil_Cerrado/IMG_6253.HEIC,ft_s123,multi3,6,0.97822176042749,0,0.9889192646879852,0.9875947315457161,0.9887769852506849,0.9852051069690951
B,dataset/2026-08-25__iphone/class_006__Brazil_Cerrado/IMG_6254.HEIC,pretrained_l0,single,6,1.0,0,0.0,0.6542568343934554,0.6642087978634204,0.7421696415016591
B,dataset/2026-08-25__iphone/class_006__Brazil_Cerrado/IMG_6254.HEIC,pretrained_l0,multi3,6,0.6968254937894522,0,0.0019812346370090485,0.0022600318865243817,0.0019083101185934143,0.0014142366489325881
B,dataset/2026-08-25__iphone/class_006__Brazil_Cerrado/IMG_6254.HEIC,ft_s123,single,6,0.9383392117728536,0,0.937103132278039,0.9297597096528165,0.8947462238209759,0.0
B,dataset/2026-08-25__iphone/class_006__Brazil_Cerrado/IMG_6254.HEIC,ft_s123,multi3,6,0.9639169985769014,0,0.9717899941265681,0.9712994997428585,0.9706773574265034,0.9634615665590345
B,dataset/2026-08-25__iphone/class_006__Brazil_Cerrado/IMG_6323D.HEIC,pretrained_l0,single,6,1.0,0,0.0,0.5417698116754928,0.5829320442502557,0.3869331901802817
B,dataset/2026-08-25__iphone/class_006__Brazil_Cerrado/IMG_6323D.HEIC,pretrained_l0,multi3,6,0.9976455708228923,0,0.0,0.6792332332939238,0.8831721785204595,0.9558625288915615
B,dataset/2026-08-25__iphone/class_006__Brazil_Cerrado/IMG_6323D.HEIC,ft_s123,single,6,0.0,1,0.9913233846236217,0.9838410706369254,0.9405500776559218,0.014656439490862785
B,dataset/2026-08-25__iphone/class_006__Brazil_Cerrado/IMG_6323D.HEIC,ft_s123,multi3,6,0.020648739355783135,0,0.9950797209765819,0.9925227142993055,0.9888973157855603,0.9071758832245357
B,dataset/2026-08-25__iphone/class_006__Brazil_Cerrado/IMG_6328.HEIC,pretrained_l0,single,6,1.0,0,1.3391384987253075e-05,0.009250852162588091,0.9676013935005646,0.9960814933283796
B,dataset/2026-08-25__iphone/class_006__Brazil_Cerrado/IMG_6328.HEIC,pretrained_l0,multi3,6,0.995274137725958,0,1.765331536618125e-05,0.6749683725827617,0.9739127476247587,0.9947110988548455
B,dataset/2026-08-25__iphone/class_006__Brazil_Cerrado/IMG_6328.HEIC,ft_s123,single,6,0.8908249537973486,0,0.9843869589637481,0.9743421837665418,0.9624703502670295,0.7078246191009765
B,dataset/2026-08-25__iphone/class_006__Brazil_Cerrado/IMG_6328.HEIC,ft_s123,multi3,6,0.9614081654035553,0,0.9929631729692793,0.9872989731518041,0.9859951639232164,0.9795500843955532
B,dataset/2026-08-25__iphone/class_006__Brazil_Cerrado/IMG_6331D.HEIC,pretrained_l0,single,6,1.0,0,0.0,0.613024503248614,0.6773258397911937,0.8530225518866809
B,dataset/2026-08-25__iphone/class_006__Brazil_Cerrado/IMG_6331D.HEIC,pretrained_l0,multi3,6,0.9946623441718133,0,0.0,0.7652450585524234,0.8713771639758802,0.9593003004618788
B,dataset/2026-08-25__iphone/class_006__Brazil_Cerrado/IMG_6331D.HEIC,ft_s123,single,6,2.3454976706276257e-05,0,0.9868117249947259,0.9723776018762826,0.9639176617870828,0.3372034044898689
B,dataset/2026-08-25__iphone/class_006__Brazil_Cerrado/IMG_6331D.HEIC,ft_s123,multi3,6,0.0,1,0.9912191669031037,0.9891617015542706,0.9224519832648741,0.0
B,dataset/2026-08-25__iphone/class_006__Brazil_Cerrado/IMG_6332D.HEIC,pretrained_l0,single,6,1.0,0,0.0,0.5904592385346961,0.6698735437618242,0.5522631515470257
B,dataset/2026-08-25__iphone/class_006__Brazil_Cerrado/IMG_6332D.HEIC,pretrained_l0,multi3,6,0.9968359246944223,0,0.0,0.6220777964545725,0.8016275817910462,0.9238604075750778
B,dataset/2026-08-25__iphone/class_006__Brazil_Cerrado/IMG_6332D.HEIC,ft_s123,single,6,0.5102977245256005,0,0.9887907230335399,0.9871120262335087,0.0,0.29743114313543706
B,dataset/2026-08-25__iphone/class_006__Brazil_Cerrado/IMG_6332D.HEIC,ft_s123,multi3,6,0.26588959431072723,0,0.9913727072333608,0.991715744471802,0.9910763723080439,0.9668595167404035
B,dataset/2026-08-25__iphone/class_007__Brazil_MonteCristo/IMG_6290D.HEIC,pretrained_l0,single,6,1.0,0,0.0,0.5861873974751534,0.790002153994002,0.7795464765846859
B,dataset/2026-08-25__iphone/class_007__Brazil_MonteCristo/IMG_6290D.HEIC,pretrained_l0,multi3,6,0.9981627351385852,0,0.0,0.6441406002035175,0.9375463747217516,0.9868691994076242
B,dataset/2026-08-25__iphone/class_007__Brazil_MonteCristo/IMG_6290D.HEIC,ft_s123,single,6,0.0,1,0.989867770371963,0.989754875466943,0.9297111338734579,0.028265459399571764
B,dataset/2026-08-25__iphone/class_007__Brazil_MonteCristo/IMG_6290D.HEIC,ft_s123,multi3,6,0.7608112022600422,0,0.9958608802488244,0.9953094734332628,0.9942730094305837,0.9832890375369546
B,dataset/2026-08-25__iphone/class_007__Brazil_MonteCristo/IMG_6291D.HEIC,pretrained_l0,single,6,1.0,0,0.0,0.6987756609625982,0.7181948258547294,0.8008356843065206
B,dataset/2026-08-25__iphone/class_007__Brazil_MonteCristo/IMG_6291D.HEIC,pretrained_l0,multi3,6,0.9962252571115322,0,0.0,0.912267819749259,0.9757000916483612,0.9812661040588138
B,dataset/2026-08-25__iphone/class_007__Brazil_MonteCristo/IMG_6291D.HEIC,ft_s123,single,6,0.0,1,0.9915208048534234,0.9647272358789728,0.9653443954714372,0.188341956558022
B,dataset/2026-08-25__iphone/class_007__Brazil_MonteCristo/IMG_6291D.HEIC,ft_s123,multi3,6,0.00011027395627190577,0,0.9937275373003439,0.9870486621121972,0.9571600581769629,0.0013173267208697933
B,dataset/2026-08-25__iphone/class_007__Brazil_MonteCristo/IMG_6292D.HEIC,pretrained_l0,single,6,1.0,0,0.0,0.6895626968072904,0.666449323837992,0.501874064575891
B,dataset/2026-08-25__iphone/class_007__Brazil_MonteCristo/IMG_6292D.HEIC,pretrained_l0,multi3,6,0.9976362458304336,0,0.0,0.8459323748100488,0.9451063890190067,0.9731566847303352
B,dataset/2026-08-25__iphone/class_007__Brazil_MonteCristo/IMG_6292D.HEIC,ft_s123,single,6,0.0,1,0.9931094711759215,0.972090844391593,0.9234074754736359,0.0872441502906837
B,dataset/2026-08-25__iphone/class_007__Brazil_MonteCristo/IMG_6292D.HEIC,ft_s123,multi3,6,0.00012612309614183444,0,0.9943109458239413,0.9922008447583853,0.988798486850006,0.9216235045404315
B,dataset/2026-08-25__iphone/class_007__Brazil_MonteCristo/IMG_6294.HEIC,pretrained_l0,single,6,1.0,0,0.0,0.6204123680777897,0.8274543336555382,0.9332925951108395
B,dataset/2026-08-25__iphone/class_007__Brazil_MonteCristo/IMG_6294.HEIC,pretrained_l0,multi3,6,0.9958095781919624,0,0.0,0.697364230718795,0.9484846768254688,0.9876605879592602
B,dataset/2026-08-25__iphone/class_007__Brazil_MonteCristo/IMG_6294.HEIC,ft_s123,single,6,0.9107523415533946,0,0.9909213882201511,0.989841690228219,0.9107732349552583,0.7966833216927237
B,dataset/2026-08-25__iphone/class_007__Brazil_MonteCristo/IMG_6294.HEIC,ft_s123,multi3,6,0.9420492295018849,0,0.9927608186369529,0.9930874958694662,0.9905843710693698,0.9845687484336026
B,dataset/2026-08-25__iphone/class_007__Brazil_MonteCristo/IMG_6295.HEIC,pretrained_l0,single,6,1.0,0,0.0,0.6904777345212718,0.8535302973762433,0.8872952214480774
B,dataset/2026-08-25__iphone/class_007__Brazil_MonteCristo/IMG_6295.HEIC,pretrained_l0,multi3,6,0.9943848044585433,0,0.0,0.8428753616133342,0.9085769639123915,0.9747516629320536
B,dataset/2026-08-25__iphone/class_007__Brazil_MonteCristo/IMG_6295.HEIC,ft_s123,single,6,0.002409341386529345,0,0.9892432721611435,0.96578546055026,0.9638936179172356,0.32682219601992446
B,dataset/2026-08-25__iphone/class_007__Brazil_MonteCristo/IMG_6295.HEIC,ft_s123,multi3,6,0.44357448805255434,0,0.9919750240958807,0.9926003530216976,0.9928562427617328,0.980979020979021
B,dataset/2026-08-25__iphone/class_007__Brazil_MonteCristo/IMG_6296.HEIC,pretrained_l0,single,6,1.0,0,0.0,0.6935630678495235,0.6992314982736555,0.7070249294122556
B,dataset/2026-08-25__iphone/class_007__Brazil_MonteCristo/IMG_6296.HEIC,pretrained_l0,multi3,6,0.996134184641524,0,0.0,0.8501370014808248,0.900411017401516,0.9691837979695666
B,dataset/2026-08-25__iphone/class_007__Brazil_MonteCristo/IMG_6296.HEIC,ft_s123,single,6,0.0,1,0.9847264763764964,0.9661076191209663,0.9350166923890408,0.6511718842571746
B,dataset/2026-08-25__iphone/class_007__Brazil_MonteCristo/IMG_6296.HEIC,ft_s123,multi3,6,0.0009953314216650472,0,0.9906613843367692,0.9860669437500924,0.985439851381173,0.9829432952618291
B,dataset/2026-08-25__iphone/class_007__Brazil_MonteCristo/IMG_6299D.HEIC,pretrained_l0,single,5,1.0,0,0.0,0.5825373708555638,0.8571949997799655,0.9730514488468361
B,dataset/2026-08-25__iphone/class_007__Brazil_MonteCristo/IMG_6299D.HEIC,pretrained_l0,multi3,5,0.9963489577057477,0,0.0,0.6598771966127595,0.9097112097583995,0.979493411870461
B,dataset/2026-08-25__iphone/class_007__Brazil_MonteCristo/IMG_6299D.HEIC,ft_s123,single,5,0.06730267660884484,0,0.9901162300003618,0.9599971053909079,0.9273061139571417,0.04568356495231433
B,dataset/2026-08-25__iphone/class_007__Brazil_MonteCristo/IMG_6299D.HEIC,ft_s123,multi3,5,0.7119743344660502,0,0.9942805049763518,0.9842248085388651,0.9867623340015979,0.979406434961421
B,dataset/2026-08-25__iphone/class_009__Vietnam_Robusta/IMG_6312D.HEIC,pretrained_l0,single,6,1.0,0,0.0,0.6917094536538341,0.8148758809690784,0.8631549153511242
B,dataset/2026-08-25__iphone/class_009__Vietnam_Robusta/IMG_6312D.HEIC,pretrained_l0,multi3,6,0.9964997445841255,0,0.0,0.8499768494701101,0.9723445891267564,0.9884255512998028
B,dataset/2026-08-25__iphone/class_009__Vietnam_Robusta/IMG_6312D.HEIC,ft_s123,single,6,0.07992555493349876,0,0.992098902860669,0.9709149782868556,0.9418420614625732,0.8897880131338044
B,dataset/2026-08-25__iphone/class_009__Vietnam_Robusta/IMG_6312D.HEIC,ft_s123,multi3,6,0.4242188563906248,0,0.9948299253950076,0.989951375672102,0.9753273596068356,0.5852259831439423
B,dataset/2026-08-25__iphone/class_009__Vietnam_Robusta/IMG_6314D.HEIC,pretrained_l0,single,6,1.0,0,0.0,0.36858036944894723,0.5675252633295702,0.5387393376424455
B,dataset/2026-08-25__iphone/class_009__Vietnam_Robusta/IMG_6314D.HEIC,pretrained_l0,multi3,6,0.991031552847618,0,0.0,0.9251278779598243,0.9689888240002371,0.9849763983772942
B,dataset/2026-08-25__iphone/class_009__Vietnam_Robusta/IMG_6314D.HEIC,ft_s123,single,6,0.0506697177726926,0,0.9930340863748922,0.9827386327581578,0.9539618611746759,0.2864378337147216
B,dataset/2026-08-25__iphone/class_009__Vietnam_Robusta/IMG_6314D.HEIC,ft_s123,multi3,6,0.494977879481312,0,0.9930997376684408,0.9849096776948747,0.9806557106989997,0.9713415731776895
B,dataset/2026-08-25__iphone/class_009__Vietnam_Robusta/IMG_6315D.HEIC,pretrained_l0,single,5,1.0,0,0.0,0.0,0.0,0.0
B,dataset/2026-08-25__iphone/class_009__Vietnam_Robusta/IMG_6315D.HEIC,pretrained_l0,multi3,5,0.9956157903224843,0,0.0,0.7588247458759525,0.8505249163935825,0.024431671124148045
B,dataset/2026-08-25__iphone/class_009__Vietnam_Robusta/IMG_6315D.HEIC,ft_s123,single,5,0.5808491823065111,0,0.9887597848088417,0.9700565528738001,0.9555959871176678,0.8439959130263323
B,dataset/2026-08-25__iphone/class_009__Vietnam_Robusta/IMG_6315D.HEIC,ft_s123,multi3,5,0.24321377142823,0,0.9886440961237719,0.969569776508441,0.9533553217296742,0.9517121671118122
B,dataset/2026-08-25__iphone/class_009__Vietnam_Robusta/IMG_6317.HEIC,pretrained_l0,single,6,1.0,0,0.0,0.61090512378754,0.8534418891202458,0.7531914575195678
B,dataset/2026-08-25__iphone/class_009__Vietnam_Robusta/IMG_6317.HEIC,pretrained_l0,multi3,6,0.9958160137525809,0,0.0,0.718172722347472,0.9221638216253076,0.977506384650645
B,dataset/2026-08-25__iphone/class_009__Vietnam_Robusta/IMG_6317.HEIC,ft_s123,single,6,0.2314407823693136,0,0.9898081042891654,0.9531981943616387,0.9223653591689608,0.8235957961337815
B,dataset/2026-08-25__iphone/class_009__Vietnam_Robusta/IMG_6317.HEIC,ft_s123,multi3,6,0.04413146968014723,0,0.9911132168879251,0.9810369622654703,0.9233935116883907,0.15700010646549759
B,dataset/2026-08-25__iphone/class_009__Vietnam_Robusta/IMG_6318.HEIC,pretrained_l0,single,6,1.0,0,0.0,0.5545899704520914,0.9042072911093885,0.9546419801276468
B,dataset/2026-08-25__iphone/class_009__Vietnam_Robusta/IMG_6318.HEIC,pretrained_l0,multi3,6,0.9942604816752669,0,0.0,0.6360210336757673,0.9040475709662102,0.9729209803662423
B,dataset/2026-08-25__iphone/class_009__Vietnam_Robusta/IMG_6318.HEIC,ft_s123,single,6,0.7211717830299738,0,0.9919104313333955,0.9797747789894331,0.9072112046847173,0.006628633523499049
B,dataset/2026-08-25__iphone/class_009__Vietnam_Robusta/IMG_6318.HEIC,ft_s123,multi3,6,0.773977481964442,0,0.9916554622355402,0.9821766518666977,0.9691570250927433,0.8643695855594796
B,dataset/2026-08-25__iphone/class_009__Vietnam_Robusta/IMG_6321D.HEIC,pretrained_l0,single,5,1.0,0,0.0,0.6862322128273871,0.9335871214249593,0.9636486804901037
B,dataset/2026-08-25__iphone/class_009__Vietnam_Robusta/IMG_6321D.HEIC,pretrained_l0,multi3,5,0.9952546035748053,0,0.0,0.7746997680051937,0.9584337436118909,0.9892719121046509
B,dataset/2026-08-25__iphone/class_009__Vietnam_Robusta/IMG_6321D.HEIC,ft_s123,single,5,0.5093188037088989,0,0.9845377697031577,0.960757398724653,0.0006517906220245157,0.0
B,dataset/2026-08-25__iphone/class_009__Vietnam_Robusta/IMG_6321D.HEIC,ft_s123,multi3,5,0.4470352537628143,0,0.9875741901007814,0.9737483142152579,0.9616584917504933,0.9228213823367745
B,dataset/2026-08-25__oneplus/class_001__Ethiopia_Sidamo/PXL_20260825_194705936.jpg,pretrained_l0,single,6,1.0,0,0.0,0.5463469207311572,0.6315102118182249,0.6366141510405634
B,dataset/2026-08-25__oneplus/class_001__Ethiopia_Sidamo/PXL_20260825_194705936.jpg,pretrained_l0,multi3,6,0.9948718254868483,0,0.0,0.6903954499446497,0.8489138926371965,0.9355729522232046
B,dataset/2026-08-25__oneplus/class_001__Ethiopia_Sidamo/PXL_20260825_194705936.jpg,ft_s123,single,6,0.0,1,0.9828831222331347,0.9720635868348384,0.9451839689529069,0.3023001716546011
B,dataset/2026-08-25__oneplus/class_001__Ethiopia_Sidamo/PXL_20260825_194705936.jpg,ft_s123,multi3,6,0.00016120606015374283,0,0.9912209789667423,0.990671174555472,0.9890035123109933,0.9776133215513947
B,dataset/2026-08-25__oneplus/class_001__Ethiopia_Sidamo/PXL_20260825_194718341.jpg,pretrained_l0,single,5,1.0,0,0.0,0.5683745985136663,0.7284733772474535,0.7576122732843981
B,dataset/2026-08-25__oneplus/class_001__Ethiopia_Sidamo/PXL_20260825_194718341.jpg,pretrained_l0,multi3,5,0.9960698282581154,0,0.0,0.6744988314697086,0.8792345460079669,0.9645727964395587
B,dataset/2026-08-25__oneplus/class_001__Ethiopia_Sidamo/PXL_20260825_194718341.jpg,ft_s123,single,5,0.0,1,0.9845243829018664,0.9802071699714923,0.8653455391627106,0.0
B,dataset/2026-08-25__oneplus/class_001__Ethiopia_Sidamo/PXL_20260825_194718341.jpg,ft_s123,multi3,5,0.0,1,0.9928871324767817,0.9924498562163853,0.9870242058308301,0.9493514273414994
B,dataset/2026-08-25__oneplus/class_001__Ethiopia_Sidamo/PXL_20260825_194742428.jpg,pretrained_l0,single,6,1.0,0,0.0,0.5287831056238165,0.6234958564296029,0.5146416400331962
B,dataset/2026-08-25__oneplus/class_001__Ethiopia_Sidamo/PXL_20260825_194742428.jpg,pretrained_l0,multi3,6,0.9982003040554751,0,0.0,0.6727171169931373,0.9255984784987706,0.9771101910228663
B,dataset/2026-08-25__oneplus/class_001__Ethiopia_Sidamo/PXL_20260825_194742428.jpg,ft_s123,single,6,0.0,1,0.9907286242445573,0.9577262676554203,0.00026172891502835395,0.0
B,dataset/2026-08-25__oneplus/class_001__Ethiopia_Sidamo/PXL_20260825_194742428.jpg,ft_s123,multi3,6,0.0,1,0.9967991832812876,0.9959680086593102,0.9930876823582494,0.9604608835607166
B,dataset/2026-08-25__oneplus/class_001__Ethiopia_Sidamo/PXL_20260825_194817290.jpg,pretrained_l0,single,6,1.0,0,0.0,0.5786911284606351,0.7650026111327756,0.8470437050509855
B,dataset/2026-08-25__oneplus/class_001__Ethiopia_Sidamo/PXL_20260825_194817290.jpg,pretrained_l0,multi3,6,0.9953873521673188,0,0.0,0.6625242082113463,0.949256273643764,0.9781248267753521
B,dataset/2026-08-25__oneplus/class_001__Ethiopia_Sidamo/PXL_20260825_194817290.jpg,ft_s123,single,6,0.0012574605851661369,0,0.983840785701941,0.9601545901781006,0.9622046680989401,0.5423350029946632
B,dataset/2026-08-25__oneplus/class_001__Ethiopia_Sidamo/PXL_20260825_194817290.jpg,ft_s123,multi3,6,0.7218777283467969,0,0.9924193231304472,0.9863503092857228,0.9880558327995352,0.9865508261975843
B,dataset/2026-08-25__oneplus/class_001__Ethiopia_Sidamo/PXL_20260825_194828182.jpg,pretrained_l0,single,6,1.0,0,0.0,0.5561125665568004,0.7634742591559089,0.8484387501847407
B,dataset/2026-08-25__oneplus/class_001__Ethiopia_Sidamo/PXL_20260825_194828182.jpg,pretrained_l0,multi3,6,0.9973298209902413,0,0.0,0.6563917000965059,0.8549976572881381,0.9687497277471403
B,dataset/2026-08-25__oneplus/class_001__Ethiopia_Sidamo/PXL_20260825_194828182.jpg,ft_s123,single,6,0.10401245658162654,0,0.9857620236790572,0.913127320637202,0.0,0.0
B,dataset/2026-08-25__oneplus/class_001__Ethiopia_Sidamo/PXL_20260825_194828182.jpg,ft_s123,multi3,6,0.6589381961911606,0,0.9931556249869068,0.9865290528118619,0.9791262426637921,0.7512995568331536
B,dataset/2026-08-25__oneplus/class_001__Ethiopia_Sidamo/PXL_20260825_194840042.jpg,pretrained_l0,single,5,1.0,0,0.0,0.5682946612501993,0.8198178122780811,0.7330680130150974
B,dataset/2026-08-25__oneplus/class_001__Ethiopia_Sidamo/PXL_20260825_194840042.jpg,pretrained_l0,multi3,5,0.9962984853640917,0,0.0,0.6726629324732236,0.8818385986714444,0.9790430803865101
B,dataset/2026-08-25__oneplus/class_001__Ethiopia_Sidamo/PXL_20260825_194840042.jpg,ft_s123,single,5,0.0,1,0.9846628789122795,0.9637689813515499,0.03463966035099452,5.374193124615596e-05
B,dataset/2026-08-25__oneplus/class_001__Ethiopia_Sidamo/PXL_20260825_194840042.jpg,ft_s123,multi3,5,0.00011345518818632925,0,0.9924128915180783,0.9851616986720169,0.9833701558488087,0.9748189195483289
B,dataset/2026-08-25__oneplus/class_002__Kenya_AA/PXL_20260825_195301812.jpg,pretrained_l0,single,6,1.0,0,0.0,0.039609128125599274,0.9227858435197035,0.9855911772854002
B,dataset/2026-08-25__oneplus/class_002__Kenya_AA/PXL_20260825_195301812.jpg,pretrained_l0,multi3,6,0.9954670140860221,0,0.0,0.7400103065194265,0.956250446613597,0.9801226109330036
B,dataset/2026-08-25__oneplus/class_002__Kenya_AA/PXL_20260825_195301812.jpg,ft_s123,single,6,0.6277884707345065,0,0.9843840594870201,0.971487662586075,0.4705342626243305,0.013709233932670237
B,dataset/2026-08-25__oneplus/class_002__Kenya_AA/PXL_20260825_195301812.jpg,ft_s123,multi3,6,0.7980077228385616,0,0.9922478767546834,0.9889377291566438,0.9892548623540696,0.9875590593537166
B,dataset/2026-08-25__oneplus/class_002__Kenya_AA/PXL_20260825_195315306.jpg,pretrained_l0,single,6,1.0,0,0.0,0.0007055518946730832,0.7505887093163809,0.9748713176491116
B,dataset/2026-08-25__oneplus/class_002__Kenya_AA/PXL_20260825_195315306.jpg,pretrained_l0,multi3,6,0.9959833249838975,0,0.0,0.7601258605876365,0.9620854168939207,0.9712295947372696
B,dataset/2026-08-25__oneplus/class_002__Kenya_AA/PXL_20260825_195315306.jpg,ft_s123,single,6,0.0032536084933794582,0,0.9848711678396755,0.9653793391387332,0.9459620660861267,0.7432840271979005
B,dataset/2026-08-25__oneplus/class_002__Kenya_AA/PXL_20260825_195315306.jpg,ft_s123,multi3,6,0.4514165573183824,0,0.9920113076228049,0.9943010941779954,0.9936710181522235,0.9924806201550388
B,dataset/2026-08-25__oneplus/class_002__Kenya_AA/PXL_20260825_195336177.jpg,pretrained_l0,single,6,1.0,0,0.0,0.5438080746901452,0.8361650516070243,0.9381794787498158
B,dataset/2026-08-25__oneplus/class_002__Kenya_AA/PXL_20260825_195336177.jpg,pretrained_l0,multi3,6,0.9968387141492404,0,0.0,0.6425790985490437,0.9357440041577575,0.9626677437915182
B,dataset/2026-08-25__oneplus/class_002__Kenya_AA/PXL_20260825_195336177.jpg,ft_s123,single,6,0.12163606070484262,0,0.9848541098846703,0.9717151411979186,0.9706225023241214,0.9632788824900093
B,dataset/2026-08-25__oneplus/class_002__Kenya_AA/PXL_20260825_195336177.jpg,ft_s123,multi3,6,0.5693493667523875,0,0.9929386924063042,0.9919890452606878,0.983637977037028,0.9759380159427246
B,dataset/2026-08-25__oneplus/class_002__Kenya_AA/PXL_20260825_195401482.jpg,pretrained_l0,single,6,1.0,0,0.0,0.5703674109079561,0.8582910135827682,0.9631511776308156
B,dataset/2026-08-25__oneplus/class_002__Kenya_AA/PXL_20260825_195401482.jpg,pretrained_l0,multi3,6,0.9955299571032198,0,0.0,0.6538832012329371,0.9686585778057508,0.9833070549361479
B,dataset/2026-08-25__oneplus/class_002__Kenya_AA/PXL_20260825_195401482.jpg,ft_s123,single,6,0.7933224907482286,0,0.9813251001836826,0.9281022369595868,0.8031289175352259,0.737730693033589
B,dataset/2026-08-25__oneplus/class_002__Kenya_AA/PXL_20260825_195401482.jpg,ft_s123,multi3,6,0.9501080751204759,0,0.9909805394845593,0.9920268934625934,0.9889480344212972,0.9838568096005387
B,dataset/2026-08-25__oneplus/class_002__Kenya_AA/PXL_20260825_195427701.jpg,pretrained_l0,single,5,1.0,0,0.0,0.5695721316903208,0.6813840716692693,0.656122955081
B,dataset/2026-08-25__oneplus/class_002__Kenya_AA/PXL_20260825_195427701.jpg,pretrained_l0,multi3,5,0.9960724002600342,0,0.0,0.6647196191551055,0.9307969338994689,0.9711197566255192
B,dataset/2026-08-25__oneplus/class_002__Kenya_AA/PXL_20260825_195427701.jpg,ft_s123,single,5,0.0,1,0.9841804065831183,0.9704951788622537,0.9403641968433063,0.710153740558668
B,dataset/2026-08-25__oneplus/class_002__Kenya_AA/PXL_20260825_195427701.jpg,ft_s123,multi3,5,0.46681798887962356,0,0.9924202303720376,0.9895401267826935,0.9816065241147199,0.9707841761920387
B,dataset/2026-08-25__oneplus/class_002__Kenya_AA/PXL_20260825_195436655.jpg,pretrained_l0,single,6,1.0,0,0.0,0.5820057415060412,0.7797384410108736,0.7861899188829251
B,dataset/2026-08-25__oneplus/class_002__Kenya_AA/PXL_20260825_195436655.jpg,pretrained_l0,multi3,6,0.997439688435325,0,0.0,0.6891948726767205,0.9577788015779319,0.9781147702506757
B,dataset/2026-08-25__oneplus/class_002__Kenya_AA/PXL_20260825_195436655.jpg,ft_s123,single,6,0.04798937043260776,0,0.9847171745410493,0.9597363049627694,0.9222261969536188,0.017693900924976778
B,dataset/2026-08-25__oneplus/class_002__Kenya_AA/PXL_20260825_195436655.jpg,ft_s123,multi3,6,0.8060614987810267,0,0.992819825693007,0.9926016707067612,0.9863265692583765,0.9448621252521365
B,dataset/2026-08-25__oneplus/class_002__Kenya_AA/PXL_20260825_195455137.jpg,pretrained_l0,single,6,1.0,0,0.0,0.5617306685137943,0.796755276810802,0.834568275374397
B,dataset/2026-08-25__oneplus/class_002__Kenya_AA/PXL_20260825_195455137.jpg,pretrained_l0,multi3,6,0.995558669465176,0,0.0,0.6557636330648661,0.9092356731466408,0.960802066489831
B,dataset/2026-08-25__oneplus/class_002__Kenya_AA/PXL_20260825_195455137.jpg,ft_s123,single,6,0.3712194344451361,0,0.9822358152669138,0.9655091527503361,0.9507913738297802,0.6640533136053747
B,dataset/2026-08-25__oneplus/class_002__Kenya_AA/PXL_20260825_195455137.jpg,ft_s123,multi3,6,0.7718353316913417,0,0.9899702354108415,0.9832321932267203,0.9814812030301299,0.9782692377091579
B,dataset/2026-08-25__oneplus/class_003__Colombia_PinkBourbon/PXL_20260825_193414164.jpg,pretrained_l0,single,6,1.0,0,0.0,0.5264420508736317,0.6499661963492057,0.7397556192902238
B,dataset/2026-08-25__oneplus/class_003__Colombia_PinkBourbon/PXL_20260825_193414164.jpg,pretrained_l0,multi3,6,0.9961911431792282,0,2.617869577737637e-05,0.651698914913087,0.8881569608089367,0.9630718838107423
B,dataset/2026-08-25__oneplus/class_003__Colombia_PinkBourbon/PXL_20260825_193414164.jpg,ft_s123,single,6,0.0016622013567987415,0,0.9840400366203587,0.982070495273382,0.31767402418641233,0.0
B,dataset/2026-08-25__oneplus/class_003__Colombia_PinkBourbon/PXL_20260825_193414164.jpg,ft_s123,multi3,6,0.6536660603677121,0,0.9911551426659216,0.9860551281736181,0.984697717714212,0.9804781831253341
B,dataset/2026-08-25__oneplus/class_003__Colombia_PinkBourbon/PXL_20260825_193428942.jpg,pretrained_l0,single,6,1.0,0,0.0,0.5513946007093786,0.7741128029611841,0.646331589811419
B,dataset/2026-08-25__oneplus/class_003__Colombia_PinkBourbon/PXL_20260825_193428942.jpg,pretrained_l0,multi3,6,0.9968265108402118,0,0.0,0.6578122458487372,0.9144745106906862,0.9695937533349934
B,dataset/2026-08-25__oneplus/class_003__Colombia_PinkBourbon/PXL_20260825_193428942.jpg,ft_s123,single,6,0.00019232060761101172,0,0.9812472144038977,0.9603605858757304,0.013874558120508704,0.0
B,dataset/2026-08-25__oneplus/class_003__Colombia_PinkBourbon/PXL_20260825_193428942.jpg,ft_s123,multi3,6,0.8083235137890823,0,0.9916847719949223,0.9881645247040368,0.9622624229954393,0.7530328654549451
B,dataset/2026-08-25__oneplus/class_004__CostaRica_LaPastora/PXL_20260825_195557371.jpg,pretrained_l0,single,6,1.0,0,3.3882856799188165e-06,0.5758631382172884,0.8467609347601218,0.9005119401782763
B,dataset/2026-08-25__oneplus/class_004__CostaRica_LaPastora/PXL_20260825_195557371.jpg,pretrained_l0,multi3,6,0.9962968535537616,0,3.3723173215706905e-06,0.6492493632322829,0.9346535678542258,0.966811177200463
B,dataset/2026-08-25__oneplus/class_004__CostaRica_LaPastora/PXL_20260825_195557371.jpg,ft_s123,single,6,0.43411651764010856,0,0.9849048940634942,0.9742613800700312,0.8013064695782743,0.14605936036529454
B,dataset/2026-08-25__oneplus/class_004__CostaRica_LaPastora/PXL_20260825_195557371.jpg,ft_s123,multi3,6,0.8821008129280795,0,0.9917381545367894,0.9903161623834111,0.9857326110429221,0.9605703226679877
B,dataset/2026-08-25__oneplus/class_004__CostaRica_LaPastora/PXL_20260825_195653419.jpg,pretrained_l0,single,6,1.0,0,0.0,0.5971223817824631,0.9432576574476146,0.982362056392805
B,dataset/2026-08-25__oneplus/class_004__CostaRica_LaPastora/PXL_20260825_195653419.jpg,pretrained_l0,multi3,6,0.9978574626059306,0,0.0,0.6499652639737211,0.9278362335082706,0.9661645831094554
B,dataset/2026-08-25__oneplus/class_004__CostaRica_LaPastora/PXL_20260825_195653419.jpg,ft_s123,single,6,0.0,1,0.9882495034457621,0.9806620020697219,0.7317197491581972,0.37589509128540977
B,dataset/2026-08-25__oneplus/class_004__CostaRica_LaPastora/PXL_20260825_195653419.jpg,ft_s123,multi3,6,0.002252015693058602,0,0.9947906861913065,0.9899228852110697,0.9793832903947263,0.9448178925581538
B,dataset/2026-08-25__oneplus/class_004__CostaRica_LaPastora/PXL_20260825_195703553.jpg,pretrained_l0,single,6,1.0,0,0.0,0.5557798616785239,0.7164961636828644,0.8025113871738451
B,dataset/2026-08-25__oneplus/class_004__CostaRica_LaPastora/PXL_20260825_195703553.jpg,pretrained_l0,multi3,6,0.9974660294370592,0,0.0,0.7001588853054774,0.8985972719357648,0.9667009341617128
B,dataset/2026-08-25__oneplus/class_004__CostaRica_LaPastora/PXL_20260825_195703553.jpg,ft_s123,single,6,0.0018079957690439147,0,0.9882451695425978,0.9801212710087264,0.8211836837606312,2.7673404628223184e-05
B,dataset/2026-08-25__oneplus/class_004__CostaRica_LaPastora/PXL_20260825_195703553.jpg,ft_s123,multi3,6,0.6238046626611976,0,0.995662884488976,0.985189535209059,0.9875090692212152,0.9831540303959218
B,dataset/2026-08-25__oneplus/class_004__CostaRica_LaPastora/PXL_20260825_195715057.jpg,pretrained_l0,single,5,1.0,0,0.0,0.5175830400065634,0.9506398961328016,0.988144865940227
B,dataset/2026-08-25__oneplus/class_004__CostaRica_LaPastora/PXL_20260825_195715057.jpg,pretrained_l0,multi3,5,0.9955322040923303,0,0.0,0.6293645251396648,0.850964593941878,0.9751367745004758
B,dataset/2026-08-25__oneplus/class_004__CostaRica_LaPastora/PXL_20260825_195715057.jpg,ft_s123,single,5,0.0,1,0.9850962798607767,0.9178156101873162,0.8370547621587844,5.7917117556507295e-05
B,dataset/2026-08-25__oneplus/class_004__CostaRica_LaPastora/PXL_20260825_195715057.jpg,ft_s123,multi3,5,1.2193077380317325e-05,0,0.9915933124054209,0.9799912820028227,0.9682095990001677,0.7497248936916066
B,dataset/2026-08-25__oneplus/class_004__CostaRica_LaPastora/PXL_20260825_195739184.jpg,pretrained_l0,single,6,1.0,0,0.0,0.5372294372294373,0.801867996567463,0.9115381106080134
B,dataset/2026-08-25__oneplus/class_004__CostaRica_LaPastora/PXL_20260825_195739184.jpg,pretrained_l0,multi3,6,0.9970081278677264,0,0.0,0.6284606305193818,0.8745324544380237,0.9713552800342027
B,dataset/2026-08-25__oneplus/class_004__CostaRica_LaPastora/PXL_20260825_195739184.jpg,ft_s123,single,6,0.6495104799744625,0,0.9857902598972312,0.9610832354499896,0.9672661569501306,0.920929886599951
B,dataset/2026-08-25__oneplus/class_004__CostaRica_LaPastora/PXL_20260825_195739184.jpg,ft_s123,multi3,6,0.9092892584523171,0,0.993266378952713,0.9930293744389761,0.9920953389436921,0.9892277902563705
B,dataset/2026-08-25__oneplus/class_004__CostaRica_LaPastora/PXL_20260825_195750500.jpg,pretrained_l0,single,6,1.0,0,0.0,0.5491593118796382,0.8625091077345275,0.9301109464262588
B,dataset/2026-08-25__oneplus/class_004__CostaRica_LaPastora/PXL_20260825_195750500.jpg,pretrained_l0,multi3,6,0.9970387061423761,0,0.0,0.632869151405223,0.9114785227132279,0.9861499298980861
B,dataset/2026-08-25__oneplus/class_004__CostaRica_LaPastora/PXL_20260825_195750500.jpg,ft_s123,single,6,0.3633752553999957,0,0.9879285324755751,0.965521385801147,0.6201343026462983,0.0
B,dataset/2026-08-25__oneplus/class_004__CostaRica_LaPastora/PXL_20260825_195750500.jpg,ft_s123,multi3,6,0.7585110218773402,0,0.9937775042314202,0.9911129854458591,0.9862078740836834,0.9129621468700211
B,dataset/2026-08-25__oneplus/class_005__Guatemala_Tata/PXL_20260825_194128826.jpg,pretrained_l0,single,6,1.0,0,0.0,0.5384441399129868,0.7260070510991221,0.8429042783393209
B,dataset/2026-08-25__oneplus/class_005__Guatemala_Tata/PXL_20260825_194128826.jpg,pretrained_l0,multi3,6,0.9983590376310919,0,0.0,0.6244245452774623,0.8415625398030189,0.9052396223352754
B,dataset/2026-08-25__oneplus/class_005__Guatemala_Tata/PXL_20260825_194128826.jpg,ft_s123,single,6,0.0,1,0.9929325568404517,0.9737433825664215,0.649277564660897,0.0
B,dataset/2026-08-25__oneplus/class_005__Guatemala_Tata/PXL_20260825_194128826.jpg,ft_s123,multi3,6,0.00013898927002835382,0,0.9943762561231201,0.995295630690087,0.9958298684899443,0.9958775919216835
B,dataset/2026-08-25__oneplus/class_005__Guatemala_Tata/PXL_20260825_194217289.jpg,pretrained_l0,single,6,1.0,0,0.0,0.5231121205864134,0.8193894221215117,0.728582903683778
B,dataset/2026-08-25__oneplus/class_005__Guatemala_Tata/PXL_20260825_194217289.jpg,pretrained_l0,multi3,6,0.996738928568056,0,2.2548604321923204e-05,0.618865990231581,0.6991412907061233,0.9520452862321339
B,dataset/2026-08-25__oneplus/class_005__Guatemala_Tata/PXL_20260825_194217289.jpg,ft_s123,single,6,4.409046102875643e-05,0,0.9818354165288892,0.9500927474340927,0.48475257378066255,0.0
B,dataset/2026-08-25__oneplus/class_005__Guatemala_Tata/PXL_20260825_194217289.jpg,ft_s123,multi3,6,0.005870329954114428,0,0.9900038071744787,0.9839780327744958,0.9773725018423224,0.6939586620434669
B,dataset/2026-08-25__oneplus/class_006__Brazil_Cerrado/PXL_20260825_193638008.jpg,pretrained_l0,single,6,1.0,0,0.0,0.5349087495884272,0.7524899870488411,0.9339668657932642
B,dataset/2026-08-25__oneplus/class_006__Brazil_Cerrado/PXL_20260825_193638008.jpg,pretrained_l0,multi3,6,0.9975038390710366,0,0.0,0.6354193422844912,0.9314226058382917,0.9709170596525866
B,dataset/2026-08-25__oneplus/class_006__Brazil_Cerrado/PXL_20260825_193638008.jpg,ft_s123,single,6,0.5902977258668104,0,0.9845969169335922,0.9774547993532265,0.9578032841104667,0.006780138542668324
B,dataset/2026-08-25__oneplus/class_006__Brazil_Cerrado/PXL_20260825_193638008.jpg,ft_s123,multi3,6,0.9430578608571026,0,0.9933819007376902,0.9928940410321696,0.9821407244765781,0.8964972346589413
B,dataset/2026-08-25__oneplus/class_007__Brazil_MonteCristo/PXL_20260825_195000034.jpg,pretrained_l0,single,6,1.0,0,0.0,0.5254018047950453,0.7360098890644032,0.835412458301851
B,dataset/2026-08-25__oneplus/class_007__Brazil_MonteCristo/PXL_20260825_195000034.jpg,pretrained_l0,multi3,6,0.9968702824109872,0,0.0,0.647220876004036,0.8926433833201789,0.9639559359466636
B,dataset/2026-08-25__oneplus/class_007__Brazil_MonteCristo/PXL_20260825_195000034.jpg,ft_s123,single,6,0.7939144711604855,0,0.9868561169845483,0.9857670247926276,0.9607248622853723,0.0
B,dataset/2026-08-25__oneplus/class_007__Brazil_MonteCristo/PXL_20260825_195000034.jpg,ft_s123,multi3,6,0.9587638673643185,0,0.9932965795682199,0.993165811881917,0.9927365528072242,0.9902735077351694
B,dataset/2026-08-25__oneplus/class_007__Brazil_MonteCristo/PXL_20260825_195031250.jpg,pretrained_l0,single,6,1.0,0,0.0,0.5597759409987311,0.7081969030227119,0.6887852970186008
B,dataset/2026-08-25__oneplus/class_007__Brazil_MonteCristo/PXL_20260825_195031250.jpg,pretrained_l0,multi3,6,0.9963190643742253,0,0.0,0.6765552301626542,0.9257721346222244,0.9635564869934929
B,dataset/2026-08-25__oneplus/class_007__Brazil_MonteCristo/PXL_20260825_195031250.jpg,ft_s123,single,6,0.00034666158646083503,0,0.9871552642180575,0.9760553659153584,0.5780722492715422,0.07887956476793974
B,dataset/2026-08-25__oneplus/class_007__Brazil_MonteCristo/PXL_20260825_195031250.jpg,ft_s123,multi3,6,0.2666389753807812,0,0.9939488130123926,0.9927799073530698,0.9904298899671525,0.9803496586487112
B,dataset/2026-08-25__oneplus/class_007__Brazil_MonteCristo/PXL_20260825_195052778.jpg,pretrained_l0,single,6,1.0,0,0.0,0.5508583782311536,0.8046527599789981,0.9166680868226565
B,dataset/2026-08-25__oneplus/class_007__Brazil_MonteCristo/PXL_20260825_195052778.jpg,pretrained_l0,multi3,6,0.9969788239655253,0,0.0,0.6333625606237939,0.8695798219967323,0.9501356543005206
B,dataset/2026-08-25__oneplus/class_007__Brazil_MonteCristo/PXL_20260825_195052778.jpg,ft_s123,single,6,0.05376859110840551,0,0.9859121852335969,0.9690490684746098,0.962695722306858,0.9124900728966129
B,dataset/2026-08-25__oneplus/class_007__Brazil_MonteCristo/PXL_20260825_195052778.jpg,ft_s123,multi3,6,0.7823422710740431,0,0.9936229610460197,0.9821856768515772,0.9878375790078529,0.982350760103819
B,dataset/2026-08-25__oneplus/class_007__Brazil_MonteCristo/PXL_20260825_195117844.jpg,pretrained_l0,single,5,1.0,0,0.0,0.5443541885027816,0.7060148870489715,0.5703997548702067
B,dataset/2026-08-25__oneplus/class_007__Brazil_MonteCristo/PXL_20260825_195117844.jpg,pretrained_l0,multi3,5,0.9947103875987976,0,0.0,0.7046051169883928,0.9516547081410299,0.9838622591027416
B,dataset/2026-08-25__oneplus/class_007__Brazil_MonteCristo/PXL_20260825_195117844.jpg,ft_s123,single,5,0.0038604010408694323,0,0.9780897655295713,0.981677636614113,0.10163783866523803,0.9155120159191795
B,dataset/2026-08-25__oneplus/class_007__Brazil_MonteCristo/PXL_20260825_195117844.jpg,ft_s123,multi3,5,0.816871268942293,0,0.989059650153624,0.9907441948642054,0.9894341423423534,0.9849587697657192
B,dataset/2026-08-25__oneplus/class_008__Ethiopia_Kochere/PXL_20260825_194521865.jpg,pretrained_l0,single,6,1.0,0,0.0,0.5394986255282485,0.6267613825983314,0.6277588895669273
B,dataset/2026-08-25__oneplus/class_008__Ethiopia_Kochere/PXL_20260825_194521865.jpg,pretrained_l0,multi3,6,0.9966136778363852,0,0.0,0.6453633350530775,0.8495720953689552,0.9584667600411467
B,dataset/2026-08-25__oneplus/class_008__Ethiopia_Kochere/PXL_20260825_194521865.jpg,ft_s123,single,6,0.6660832437506624,0,0.9889548262080659,0.9664390509788484,0.9715051402788923,0.9440913289021454
B,dataset/2026-08-25__oneplus/class_008__Ethiopia_Kochere/PXL_20260825_194521865.jpg,ft_s123,multi3,6,0.912186776083698,0,0.9953896013592363,0.9929813835663288,0.9925943411929556,0.9899738751638478
B,dataset/2026-08-25__oneplus/class_009__Vietnam_Robusta/PXL_20260825_193848883.jpg,pretrained_l0,single,6,1.0,0,0.0,0.5160824866229784,0.6807232401777237,0.9441161241943259
B,dataset/2026-08-25__oneplus/class_009__Vietnam_Robusta/PXL_20260825_193848883.jpg,pretrained_l0,multi3,6,0.9933405693516048,0,0.0,0.6091364327674925,0.9047973171266814,0.9494477764556039
B,dataset/2026-08-25__oneplus/class_009__Vietnam_Robusta/PXL_20260825_193848883.jpg,ft_s123,single,6,0.8159303292108511,0,0.9848247287656396,0.9619342082063425,0.923644870406287,0.04970277826754994
B,dataset/2026-08-25__oneplus/class_009__Vietnam_Robusta/PXL_20260825_193848883.jpg,ft_s123,multi3,6,0.9065199869020931,0,0.9914385987000519,0.9862261988716502,0.9823085472480487,0.9721102743003954
B,dataset/2026-08-27__oneplus_flash/class_001__Ethiopia_Sidamo/PXL_20260827_185507859.jpg,pretrained_l0,single,4,1.0,0,0.0006270705460749981,0.997890704309482,0.9959003947767993,0.9976439948429187
B,dataset/2026-08-27__oneplus_flash/class_001__Ethiopia_Sidamo/PXL_20260827_185507859.jpg,pretrained_l0,multi3,4,0.9969486764221117,0,0.9835360922114574,0.9944813782257488,0.9965657451344474,0.9979867062341792
B,dataset/2026-08-27__oneplus_flash/class_001__Ethiopia_Sidamo/PXL_20260827_185507859.jpg,ft_s123,single,4,0.9816347449062474,0,0.9879141526752894,0.9888184310438767,0.9852689809044475,0.9859202916572625
B,dataset/2026-08-27__oneplus_flash/class_001__Ethiopia_Sidamo/PXL_20260827_185507859.jpg,ft_s123,multi3,4,0.9939437413389607,0,0.9934783983624843,0.9923163949013638,0.9906272012420396,0.9846005442712789
B,dataset/2026-08-27__oneplus_flash/class_001__Ethiopia_Sidamo/PXL_20260827_185527799.jpg,pretrained_l0,single,4,1.0,0,0.9959205097463089,0.9988652626408895,0.9995282099381023,0.9995183418529855
B,dataset/2026-08-27__oneplus_flash/class_001__Ethiopia_Sidamo/PXL_20260827_185527799.jpg,pretrained_l0,multi3,4,0.9989864998390822,0,0.9931556736896912,0.9982382645001129,0.9987241477617543,0.9989680301092392
B,dataset/2026-08-27__oneplus_flash/class_001__Ethiopia_Sidamo/PXL_20260827_185527799.jpg,ft_s123,single,4,0.9814848306732378,0,0.9901716152404959,0.991460249325679,0.9895795949394274,0.9895725302580304
B,dataset/2026-08-27__oneplus_flash/class_001__Ethiopia_Sidamo/PXL_20260827_185527799.jpg,ft_s123,multi3,4,0.993623887041218,0,0.9938101972796517,0.9910549026367621,0.9930249446177495,0.9928188261754705
B,dataset/2026-08-27__oneplus_flash/class_001__Ethiopia_Sidamo/PXL_20260827_185558837.jpg,pretrained_l0,single,5,1.0,0,0.9910381645981552,0.9953902247969839,0.9973587883459183,0.9985708792979638
B,dataset/2026-08-27__oneplus_flash/class_001__Ethiopia_Sidamo/PXL_20260827_185558837.jpg,pretrained_l0,multi3,5,0.9978813619170568,0,0.9892005645445839,0.9946766272822499,0.9955595389586689,0.9962404053480446
B,dataset/2026-08-27__oneplus_flash/class_001__Ethiopia_Sidamo/PXL_20260827_185558837.jpg,ft_s123,single,5,0.97145044909883,0,0.9902696199844314,0.9868900022644927,0.9896521761281137,0.5639438605231796
B,dataset/2026-08-27__oneplus_flash/class_001__Ethiopia_Sidamo/PXL_20260827_185558837.jpg,ft_s123,multi3,5,0.9924692315530848,0,0.9950701077361822,0.9928512502529373,0.988513279221009,0.9746166453888463
B,dataset/2026-08-27__oneplus_flash/class_001__Ethiopia_Sidamo/PXL_20260827_185646907.jpg,pretrained_l0,single,4,1.0,0,0.9799571839052552,0.9954230184967546,0.9972555397438504,0.9983407673738899
B,dataset/2026-08-27__oneplus_flash/class_001__Ethiopia_Sidamo/PXL_20260827_185646907.jpg,pretrained_l0,multi3,4,0.9981517174332046,0,0.9874641588460372,0.9961751585574481,0.9972045703862352,0.997988010009085
B,dataset/2026-08-27__oneplus_flash/class_001__Ethiopia_Sidamo/PXL_20260827_185646907.jpg,ft_s123,single,4,0.9819109192758139,0,0.9883775909761408,0.9843982032664537,0.9885024277685763,0.9875638089144203
B,dataset/2026-08-27__oneplus_flash/class_001__Ethiopia_Sidamo/PXL_20260827_185646907.jpg,ft_s123,multi3,4,0.9944526543461522,0,0.9933846164733523,0.9917955860932637,0.9906303526180938,0.9908909461525395
B,dataset/2026-08-27__oneplus_flash/class_002__Kenya_AA/PXL_20260827_185248901.jpg,pretrained_l0,single,3,1.0,0,0.9163680902042955,0.9929052624727438,0.9972792480831066,0.9988347843923785
B,dataset/2026-08-27__oneplus_flash/class_002__Kenya_AA/PXL_20260827_185248901.jpg,pretrained_l0,multi3,3,0.9969466017624175,0,0.9903883474591223,0.995117073931727,0.9977127120862114,0.9980887269042642
B,dataset/2026-08-27__oneplus_flash/class_002__Kenya_AA/PXL_20260827_185248901.jpg,ft_s123,single,3,0.98374962769361,0,0.9873024106893465,0.9853871257357028,0.9875962098896856,0.989662646584783
B,dataset/2026-08-27__oneplus_flash/class_002__Kenya_AA/PXL_20260827_185248901.jpg,ft_s123,multi3,3,0.9949347296410166,0,0.9923080649895836,0.9897255100906606,0.9886181294799994,0.9880766616362634
B,dataset/2026-08-27__oneplus_flash/class_002__Kenya_AA/PXL_20260827_185308076.jpg,pretrained_l0,single,3,1.0,0,0.9766636442536719,0.9939177435124714,0.9978633689627422,0.9976148382318304
B,dataset/2026-08-27__oneplus_flash/class_002__Kenya_AA/PXL_20260827_185308076.jpg,pretrained_l0,multi3,3,0.9969993559938571,0,0.9881135399600511,0.9954324412555698,0.997258511718977,0.9974499450724689
B,dataset/2026-08-27__oneplus_flash/class_002__Kenya_AA/PXL_20260827_185308076.jpg,ft_s123,single,3,0.9797834406477476,0,0.9859852485265561,0.9865771812080537,0.9876474863443827,0.9836203800571491
B,dataset/2026-08-27__oneplus_flash/class_002__Kenya_AA/PXL_20260827_185308076.jpg,ft_s123,multi3,3,0.990672486603499,0,0.9907364034079134,0.9874416584335503,0.9861385548325554,0.9865629861797204
B,dataset/2026-08-27__oneplus_flash/class_002__Kenya_AA/PXL_20260827_185316654.jpg,pretrained_l0,single,4,1.0,0,0.9173756439229301,0.9880171611673441,0.997403338972042,0.996142762010555
B,dataset/2026-08-27__oneplus_flash/class_002__Kenya_AA/PXL_20260827_185316654.jpg,pretrained_l0,multi3,4,0.997299338109451,0,0.9762079415845444,0.9867749265940634,0.9918866660230893,0.9954350130509615
B,dataset/2026-08-27__oneplus_flash/class_002__Kenya_AA/PXL_20260827_185316654.jpg,ft_s123,single,4,0.9848605851388138,0,0.9926387356484682,0.9907039177777556,0.9897940200856891,0.9898329774994705
B,dataset/2026-08-27__oneplus_flash/class_002__Kenya_AA/PXL_20260827_185316654.jpg,ft_s123,multi3,4,0.9957285443422889,0,0.9959416582982145,0.9945997072337308,0.9946212403056406,0.9951080478979201
B,dataset/2026-08-27__oneplus_flash/class_002__Kenya_AA/PXL_20260827_185326449.jpg,pretrained_l0,single,6,1.0,0,0.9853266238447281,0.9919027652820452,0.9972138547791137,0.997906344870972
B,dataset/2026-08-27__oneplus_flash/class_002__Kenya_AA/PXL_20260827_185326449.jpg,pretrained_l0,multi3,6,0.9967631283788491,0,0.9844408564408564,0.9923894043297028,0.9970517752636407,0.9974987301573751
B,dataset/2026-08-27__oneplus_flash/class_002__Kenya_AA/PXL_20260827_185326449.jpg,ft_s123,single,6,0.9764870476961957,0,0.991029893699249,0.990629082217646,0.98783927939851,0.9886937969903367
B,dataset/2026-08-27__oneplus_flash/class_002__Kenya_AA/PXL_20260827_185326449.jpg,ft_s123,multi3,6,0.9944107234263406,0,0.9951621340775911,0.9943983222055413,0.9950664131212599,0.9927226582828953
B,dataset/2026-08-27__oneplus_flash/class_002__Kenya_AA/PXL_20260827_185335018.jpg,pretrained_l0,single,5,1.0,0,0.9659133844039359,0.9907107615322189,0.99339152470787,0.9936810648820992
B,dataset/2026-08-27__oneplus_flash/class_002__Kenya_AA/PXL_20260827_185335018.jpg,pretrained_l0,multi3,5,0.9961401299423702,0,0.9729158795513649,0.9908330185460055,0.9928377245070835,0.9938670873594951
B,dataset/2026-08-27__oneplus_flash/class_002__Kenya_AA/PXL_20260827_185335018.jpg,ft_s123,single,5,0.9770977004163797,0,0.9890641540343026,0.9840365752898543,0.9838431734892567,0.9880561450432506
B,dataset/2026-08-27__oneplus_flash/class_002__Kenya_AA/PXL_20260827_185335018.jpg,ft_s123,multi3,5,0.9925989324211537,0,0.9942364703583837,0.992845061803594,0.9923715812005162,0.9925524367084574
B,dataset/2026-08-27__oneplus_flash/class_002__Kenya_AA/PXL_20260827_185344206.jpg,pretrained_l0,single,5,1.0,0,0.001504220636066789,0.995196260686376,0.9965685701798797,0.9974572610367152
B,dataset/2026-08-27__oneplus_flash/class_002__Kenya_AA/PXL_20260827_185344206.jpg,pretrained_l0,multi3,5,0.9940750796700452,0,0.9826317368121035,0.9914701174418671,0.9946085477611876,0.9959210372754661
B,dataset/2026-08-27__oneplus_flash/class_002__Kenya_AA/PXL_20260827_185344206.jpg,ft_s123,single,5,0.9888109844742464,0,0.9920543210233641,0.9906474882569359,0.9938335744313723,0.9931842733579276
B,dataset/2026-08-27__oneplus_flash/class_002__Kenya_AA/PXL_20260827_185344206.jpg,ft_s123,multi3,5,0.996437234797207,0,0.9955528649923208,0.9957638628023232,0.9957255138270524,0.9956982193200095
B,dataset/2026-08-27__oneplus_flash/class_002__Kenya_AA/PXL_20260827_185353859.jpg,pretrained_l0,single,6,1.0,0,0.9799079963064006,0.9906142389898621,0.9958518809647902,0.9977228529399595
B,dataset/2026-08-27__oneplus_flash/class_002__Kenya_AA/PXL_20260827_185353859.jpg,pretrained_l0,multi3,6,0.996527342369558,0,0.9614983246690929,0.9893933691933754,0.9927134747484211,0.994758209057132
B,dataset/2026-08-27__oneplus_flash/class_002__Kenya_AA/PXL_20260827_185353859.jpg,ft_s123,single,6,0.9860511738176744,0,0.9937151696589664,0.9899737045674551,0.992014572511542,0.993838259676405
B,dataset/2026-08-27__oneplus_flash/class_002__Kenya_AA/PXL_20260827_185353859.jpg,ft_s123,multi3,6,0.9968350903463826,0,0.9960831872742154,0.9963922386694862,0.9956720970319276,0.995319794951554
B,dataset/2026-08-27__oneplus_flash/class_002__Kenya_AA/PXL_20260827_185408959.jpg,pretrained_l0,single,4,1.0,0,0.9887735581047438,0.9937579730712376,0.9958238902231393,0.9964952068251087
B,dataset/2026-08-27__oneplus_flash/class_002__Kenya_AA/PXL_20260827_185408959.jpg,pretrained_l0,multi3,4,0.9974587685192244,0,0.9872749606272805,0.993074258789661,0.995286394500324,0.9962294534117524
B,dataset/2026-08-27__oneplus_flash/class_002__Kenya_AA/PXL_20260827_185408959.jpg,ft_s123,single,4,0.9833911258934258,0,0.992157251217027,0.9869281785784041,0.9932241327837934,0.9953908708411413
B,dataset/2026-08-27__oneplus_flash/class_002__Kenya_AA/PXL_20260827_185408959.jpg,ft_s123,multi3,4,0.9954822388173737,0,0.9954574189597603,0.9935681582804656,0.9941466189189992,0.9937149098976727
B,dataset/2026-08-27__oneplus_flash/class_003__Colombia_PinkBourbon/PXL_20260827_184438209.jpg,pretrained_l0,single,5,1.0,0,0.9760502233625324,0.9937549201179262,0.9966776412537871,0.998690723021382
B,dataset/2026-08-27__oneplus_flash/class_003__Colombia_PinkBourbon/PXL_20260827_184438209.jpg,pretrained_l0,multi3,5,0.9980768680831593,0,0.9699007529327418,0.9921513334347226,0.996030200159534,0.9972325566775821
B,dataset/2026-08-27__oneplus_flash/class_003__Colombia_PinkBourbon/PXL_20260827_184438209.jpg,ft_s123,single,5,0.9788221542269743,0,0.9892578782483136,0.9874313840088929,0.9915140975706884,0.9904826297966457
B,dataset/2026-08-27__oneplus_flash/class_003__Colombia_PinkBourbon/PXL_20260827_184438209.jpg,ft_s123,multi3,5,0.9956360021941728,0,0.9946693172085669,0.992603012080983,0.9909797506360156,0.990007062096311
B,dataset/2026-08-27__oneplus_flash/class_003__Colombia_PinkBourbon/PXL_20260827_184501429.jpg,pretrained_l0,single,4,1.0,0,0.990619496997336,0.9960007263668322,0.9981941527519264,0.9985345775670857
B,dataset/2026-08-27__oneplus_flash/class_003__Colombia_PinkBourbon/PXL_20260827_184501429.jpg,pretrained_l0,multi3,4,0.9983461507832675,0,0.9904094128269518,0.9953873989354008,0.9977811859923329,0.997813688753433
B,dataset/2026-08-27__oneplus_flash/class_003__Colombia_PinkBourbon/PXL_20260827_184501429.jpg,ft_s123,single,4,0.9785260213172967,0,0.9901177100663188,0.9894668472756951,0.9862618579608581,0.9878614536343708
B,dataset/2026-08-27__oneplus_flash/class_003__Colombia_PinkBourbon/PXL_20260827_184501429.jpg,ft_s123,multi3,4,0.9939187995966754,0,0.9945036480967814,0.9913144419835205,0.9908942000911577,0.9918929158441366
B,dataset/2026-08-27__oneplus_flash/class_003__Colombia_PinkBourbon/PXL_20260827_184555598.jpg,pretrained_l0,single,3,1.0,0,0.9935038719859067,0.996710256127024,0.9986543877180233,0.9985128749238328
B,dataset/2026-08-27__oneplus_flash/class_003__Colombia_PinkBourbon/PXL_20260827_184555598.jpg,pretrained_l0,multi3,3,0.9985584153920373,0,0.9940659734925157,0.9980837939461505,0.9985232852359762,0.9985692365997226
B,dataset/2026-08-27__oneplus_flash/class_003__Colombia_PinkBourbon/PXL_20260827_184555598.jpg,ft_s123,single,3,0.9721811380159383,0,0.9860891482285011,0.9824874722770406,0.9716057223313854,0.0
B,dataset/2026-08-27__oneplus_flash/class_003__Colombia_PinkBourbon/PXL_20260827_184555598.jpg,ft_s123,multi3,3,0.9898883987241509,0,0.9913515479280224,0.9870610533015839,0.9799414354703277,0.9624203830705602
B,dataset/2026-08-27__oneplus_flash/class_003__Colombia_PinkBourbon/PXL_20260827_184605423.jpg,pretrained_l0,single,5,1.0,0,0.949511799807455,0.9888630370715061,0.9921998910559788,0.9961136584451225
B,dataset/2026-08-27__oneplus_flash/class_003__Colombia_PinkBourbon/PXL_20260827_184605423.jpg,pretrained_l0,multi3,5,0.9965949125492253,0,0.9747968779321513,0.9882161785864769,0.9921908715689146,0.9943502744739898
B,dataset/2026-08-27__oneplus_flash/class_003__Colombia_PinkBourbon/PXL_20260827_184605423.jpg,ft_s123,single,5,0.975045346170958,0,0.9883003161267416,0.9857802874743327,0.985594829995608,0.9867584987451518
B,dataset/2026-08-27__oneplus_flash/class_003__Colombia_PinkBourbon/PXL_20260827_184605423.jpg,ft_s123,multi3,5,0.9922180485962123,0,0.9935486903656264,0.9942464583185022,0.9946720307255725,0.9943737702862695
B,dataset/2026-08-27__oneplus_flash/class_004__CostaRica_LaPastora/PXL_20260827_183538725.jpg,pretrained_l0,single,4,1.0,0,0.00042019074346776866,0.988001794124243,0.9938209731099511,0.9952171827888128
B,dataset/2026-08-27__oneplus_flash/class_004__CostaRica_LaPastora/PXL_20260827_183538725.jpg,pretrained_l0,multi3,4,0.9913006614265877,0,0.9604726185004129,0.9789364862151605,0.9834497577332935,0.9893274693898697
B,dataset/2026-08-27__oneplus_flash/class_004__CostaRica_LaPastora/PXL_20260827_183538725.jpg,ft_s123,single,4,0.9747847576878488,0,0.9891037254383083,0.9538335546766472,0.9760925057270645,0.5444201847646949
B,dataset/2026-08-27__oneplus_flash/class_004__CostaRica_LaPastora/PXL_20260827_183538725.jpg,ft_s123,multi3,4,0.9931671873864709,0,0.993797398131232,0.9939135435636921,0.9943845990844676,0.9946508073143859
B,dataset/2026-08-27__oneplus_flash/class_004__CostaRica_LaPastora/PXL_20260827_183549809.jpg,pretrained_l0,single,4,1.0,0,0.00886946502812891,0.991562534905501,0.9948403972462956,0.9960191542145042
B,dataset/2026-08-27__oneplus_flash/class_004__CostaRica_LaPastora/PXL_20260827_183549809.jpg,pretrained_l0,multi3,4,0.991786873886926,0,0.9684380923624042,0.981028083308197,0.990749533758195,0.9929405255402469
B,dataset/2026-08-27__oneplus_flash/class_004__CostaRica_LaPastora/PXL_20260827_183549809.jpg,ft_s123,single,4,0.9798352174967379,0,0.9908667433181233,0.9911502893174646,0.9864184116237156,0.9056310460997514
B,dataset/2026-08-27__oneplus_flash/class_004__CostaRica_LaPastora/PXL_20260827_183549809.jpg,ft_s123,multi3,4,0.9933445577609139,0,0.9930202405820068,0.9928486001591759,0.9934598058974111,0.9935571038223817
B,dataset/2026-08-27__oneplus_flash/class_004__CostaRica_LaPastora/PXL_20260827_183711081.jpg,pretrained_l0,single,4,1.0,0,0.0003247770057879902,0.9882676520546438,0.993208104888157,0.9951631912435674
B,dataset/2026-08-27__oneplus_flash/class_004__CostaRica_LaPastora/PXL_20260827_183711081.jpg,pretrained_l0,multi3,4,0.9948402980579092,0,0.9627423563322787,0.9791186318343124,0.9851142618368347,0.9895809811652858
B,dataset/2026-08-27__oneplus_flash/class_004__CostaRica_LaPastora/PXL_20260827_183711081.jpg,ft_s123,single,4,0.9678052519035737,0,0.9856080601881978,0.9863879535582123,0.9906046426009552,0.7395343667088871
B,dataset/2026-08-27__oneplus_flash/class_004__CostaRica_LaPastora/PXL_20260827_183711081.jpg,ft_s123,multi3,4,0.9914780783432098,0,0.9917981754886458,0.9921729777756993,0.9930036114162829,0.9926780595981406
B,dataset/2026-08-27__oneplus_flash/class_004__CostaRica_LaPastora/PXL_20260827_183740310.jpg,pretrained_l0,single,4,1.0,0,0.00015431078191477637,0.9822450644944238,0.9917969213494202,0.9943651166136065
B,dataset/2026-08-27__oneplus_flash/class_004__CostaRica_LaPastora/PXL_20260827_183740310.jpg,pretrained_l0,multi3,4,0.9889635441126897,0,0.9499811803256911,0.9720781455096917,0.987205798810611,0.9904068605307328
B,dataset/2026-08-27__oneplus_flash/class_004__CostaRica_LaPastora/PXL_20260827_183740310.jpg,ft_s123,single,4,0.9700745514241682,0,0.9884472047881745,0.7913451089727342,0.8234440686261657,0.0
B,dataset/2026-08-27__oneplus_flash/class_004__CostaRica_LaPastora/PXL_20260827_183740310.jpg,ft_s123,multi3,4,0.9910001280499162,0,0.9920089731966432,0.9913147757831238,0.9919402998086421,0.9896378560941077
B,dataset/2026-08-27__oneplus_flash/class_004__CostaRica_LaPastora/PXL_20260827_183749882.jpg,pretrained_l0,single,4,1.0,0,0.0009797184053756385,0.983996875189175,0.9909124979300367,0.9940672264247049
B,dataset/2026-08-27__oneplus_flash/class_004__CostaRica_LaPastora/PXL_20260827_183749882.jpg,pretrained_l0,multi3,4,0.9858519016602552,0,0.9543365665053806,0.9681986560137856,0.981112106747543,0.9867633081907448
B,dataset/2026-08-27__oneplus_flash/class_004__CostaRica_LaPastora/PXL_20260827_183749882.jpg,ft_s123,single,4,0.9765264468990994,0,0.9882703823864118,0.9881957018372642,0.9906656905679345,0.9914470338611535
B,dataset/2026-08-27__oneplus_flash/class_004__CostaRica_LaPastora/PXL_20260827_183749882.jpg,ft_s123,multi3,4,0.9928722840100451,0,0.9922314633029262,0.9924674881566342,0.9918510301939857,0.992488815531661
B,dataset/2026-08-27__oneplus_flash/class_005__Guatemala_Tata/PXL_20260827_184715402.jpg,pretrained_l0,single,3,1.0,0,0.0031950350534421332,0.9956758951674565,0.9952020307282765,0.9963312663396927
B,dataset/2026-08-27__oneplus_flash/class_005__Guatemala_Tata/PXL_20260827_184715402.jpg,pretrained_l0,multi3,3,0.9977591423679067,0,0.9812985519723818,0.9914485892389859,0.9970243241685399,0.9948570501211416
B,dataset/2026-08-27__oneplus_flash/class_005__Guatemala_Tata/PXL_20260827_184715402.jpg,ft_s123,single,3,0.9734501398272434,0,0.9846915732225905,0.9778166747955983,0.8970877260829035,0.18576965590088282
B,dataset/2026-08-27__oneplus_flash/class_005__Guatemala_Tata/PXL_20260827_184715402.jpg,ft_s123,multi3,3,0.9900036649380857,0,0.9901958238105132,0.9909233876785457,0.9874509045680034,0.978076447440761
B,dataset/2026-08-27__oneplus_flash/class_005__Guatemala_Tata/PXL_20260827_184741763.jpg,pretrained_l0,single,6,1.0,0,3.987671662833357e-05,0.9872795315053464,0.9950417366382627,0.9961635473101994
B,dataset/2026-08-27__oneplus_flash/class_005__Guatemala_Tata/PXL_20260827_184741763.jpg,pretrained_l0,multi3,6,0.9933468918458258,0,0.9555626882760307,0.9792181644207001,0.9903380042340539,0.9927003189279171
B,dataset/2026-08-27__oneplus_flash/class_005__Guatemala_Tata/PXL_20260827_184741763.jpg,ft_s123,single,6,0.9700704942156355,0,0.9877792945835496,0.9851706832124809,0.9817598032518103,0.9830978996280637
B,dataset/2026-08-27__oneplus_flash/class_005__Guatemala_Tata/PXL_20260827_184741763.jpg,ft_s123,multi3,6,0.9927472945853926,0,0.9940987233498927,0.9920306284140704,0.99144059169415,0.9912927663876091
B,dataset/2026-08-27__oneplus_flash/class_005__Guatemala_Tata/PXL_20260827_184753049.jpg,pretrained_l0,single,3,1.0,0,0.9140821095756037,0.9836370665522847,0.9874112463121099,0.991082040113049
B,dataset/2026-08-27__oneplus_flash/class_005__Guatemala_Tata/PXL_20260827_184753049.jpg,pretrained_l0,multi3,3,0.9936458343726438,0,0.9823771040449802,0.9890656966202547,0.9917461067145038,0.9931178610807992
B,dataset/2026-08-27__oneplus_flash/class_005__Guatemala_Tata/PXL_20260827_184753049.jpg,ft_s123,single,3,0.9063988673707826,0,0.9874491987965457,0.9856174225801733,0.9837116687150173,0.9876651704497396
B,dataset/2026-08-27__oneplus_flash/class_005__Guatemala_Tata/PXL_20260827_184753049.jpg,ft_s123,multi3,3,0.9940623000428007,0,0.9936062388216578,0.9917254837905451,0.9912715631511219,0.9902301840870683
B,dataset/2026-08-27__oneplus_flash/class_005__Guatemala_Tata/PXL_20260827_184812566.jpg,pretrained_l0,single,3,1.0,0,0.013332466678391998,0.9971655781877968,0.9972396762322722,0.9976802946382687
B,dataset/2026-08-27__oneplus_flash/class_005__Guatemala_Tata/PXL_20260827_184812566.jpg,pretrained_l0,multi3,3,0.9980297280112228,0,0.9905057784455281,0.9964869977638061,0.9981386525556086,0.9982754559406117
B,dataset/2026-08-27__oneplus_flash/class_005__Guatemala_Tata/PXL_20260827_184812566.jpg,ft_s123,single,3,0.9773013889384796,0,0.9860991894883422,0.9815760345627879,0.9826486235583961,0.9845852822508658
B,dataset/2026-08-27__oneplus_flash/class_005__Guatemala_Tata/PXL_20260827_184812566.jpg,ft_s123,multi3,3,0.9905597187053247,0,0.9914681154018083,0.9883957582033063,0.9885600355338722,0.9881015970224715
B,dataset/2026-08-27__oneplus_flash/class_005__Guatemala_Tata/PXL_20260827_184829348.jpg,pretrained_l0,single,4,1.0,0,0.8981132513075041,0.9881966730416146,0.9932683838856693,0.9968096925937456
B,dataset/2026-08-27__oneplus_flash/class_005__Guatemala_Tata/PXL_20260827_184829348.jpg,pretrained_l0,multi3,4,0.9954721318629289,0,0.9846697514318765,0.990844469557045,0.9941898237855336,0.995492879777312
B,dataset/2026-08-27__oneplus_flash/class_005__Guatemala_Tata/PXL_20260827_184829348.jpg,ft_s123,single,4,0.9692639594999377,0,0.9837074386557992,0.9771620032345353,0.9801626067500709,0.979582189779349
B,dataset/2026-08-27__oneplus_flash/class_005__Guatemala_Tata/PXL_20260827_184829348.jpg,ft_s123,multi3,4,0.9896786001735748,0,0.9900123860731852,0.9865291846182052,0.9828108549451021,0.9795313218477247
B,dataset/2026-08-27__oneplus_flash/class_005__Guatemala_Tata/PXL_20260827_184848415.jpg,pretrained_l0,single,6,1.0,0,0.9895722616818226,0.9930850966266389,0.995281284644449,0.9957611826229718
B,dataset/2026-08-27__oneplus_flash/class_005__Guatemala_Tata/PXL_20260827_184848415.jpg,pretrained_l0,multi3,6,0.9964479315465867,0,0.9852197234594722,0.9922724670864339,0.9945141752468056,0.9958832827883294
B,dataset/2026-08-27__oneplus_flash/class_005__Guatemala_Tata/PXL_20260827_184848415.jpg,ft_s123,single,6,0.9780559631893648,0,0.985928857348216,0.9869367661074631,0.9867963360400656,0.9679937948022945
B,dataset/2026-08-27__oneplus_flash/class_005__Guatemala_Tata/PXL_20260827_184848415.jpg,ft_s123,multi3,6,0.994395847051611,0,0.9915001093187877,0.9887472592390625,0.9880787385473527,0.9831522279513075
B,dataset/2026-08-27__oneplus_flash/class_005__Guatemala_Tata/PXL_20260827_184900901.jpg,pretrained_l0,single,5,1.0,0,0.8986464408933851,0.9884652046874602,0.9963235870614213,0.9988499450004792
B,dataset/2026-08-27__oneplus_flash/class_005__Guatemala_Tata/PXL_20260827_184900901.jpg,pretrained_l0,multi3,5,0.9964925888116435,0,0.9756109136694464,0.9880036189883796,0.9955652048795568,0.9976371286330039
B,dataset/2026-08-27__oneplus_flash/class_005__Guatemala_Tata/PXL_20260827_184900901.jpg,ft_s123,single,5,0.9657658508388632,0,0.986506555716436,0.9846182020565339,0.9848501106661574,0.9773608499947062
B,dataset/2026-08-27__oneplus_flash/class_005__Guatemala_Tata/PXL_20260827_184900901.jpg,ft_s123,multi3,5,0.990748237044242,0,0.9924549945790387,0.9891402468945054,0.9870598636886471,0.9878028019507505
B,dataset/2026-08-27__oneplus_flash/class_006__Brazil_Cerrado/PXL_20260827_184145714.jpg,pretrained_l0,single,3,1.0,0,0.9933479267170464,0.9963290563926861,0.9987619979642367,0.9988944664397611
B,dataset/2026-08-27__oneplus_flash/class_006__Brazil_Cerrado/PXL_20260827_184145714.jpg,pretrained_l0,multi3,3,0.9988865563600209,0,0.9944027168458681,0.99740369951813,0.9986518486928123,0.9985304593155979
B,dataset/2026-08-27__oneplus_flash/class_006__Brazil_Cerrado/PXL_20260827_184145714.jpg,ft_s123,single,3,0.9823708164024395,0,0.988409108773033,0.9900376638588272,0.9878860327388594,0.9867787871175623
B,dataset/2026-08-27__oneplus_flash/class_006__Brazil_Cerrado/PXL_20260827_184145714.jpg,ft_s123,multi3,3,0.9937066754994028,0,0.9923679549543734,0.9940114637693558,0.9901593528238196,0.9895467596217805
B,dataset/2026-08-27__oneplus_flash/class_006__Brazil_Cerrado/PXL_20260827_184255232.jpg,pretrained_l0,single,3,1.0,0,0.47149424524521205,0.9965240150545321,0.997434328485642,0.997016396290932
B,dataset/2026-08-27__oneplus_flash/class_006__Brazil_Cerrado/PXL_20260827_184255232.jpg,pretrained_l0,multi3,3,0.9984952674882487,0,0.9924746657920333,0.9978896413243497,0.9980781605006463,0.9980052983373692
B,dataset/2026-08-27__oneplus_flash/class_006__Brazil_Cerrado/PXL_20260827_184255232.jpg,ft_s123,single,3,0.978408341558388,0,0.9878511661029019,0.9827252489948343,0.9860280890955003,0.9869809506854192
B,dataset/2026-08-27__oneplus_flash/class_006__Brazil_Cerrado/PXL_20260827_184255232.jpg,ft_s123,multi3,3,0.992511486280553,0,0.9916558668128801,0.9914086753439093,0.9895131534164135,0.985864783300363
B,dataset/2026-08-27__oneplus_flash/class_006__Brazil_Cerrado/PXL_20260827_184313183.jpg,pretrained_l0,single,4,1.0,0,0.9640603680539683,0.9926736845706856,0.9959891690399324,0.9984778972315231
B,dataset/2026-08-27__oneplus_flash/class_006__Brazil_Cerrado/PXL_20260827_184313183.jpg,pretrained_l0,multi3,4,0.9976859646231991,0,0.9886704417661559,0.9944184027033898,0.9965300244501577,0.9976232218961758
B,dataset/2026-08-27__oneplus_flash/class_006__Brazil_Cerrado/PXL_20260827_184313183.jpg,ft_s123,single,4,0.9784404822599292,0,0.9895272996717319,0.9891706858996357,0.9866451840810594,0.9876589481242147
B,dataset/2026-08-27__oneplus_flash/class_006__Brazil_Cerrado/PXL_20260827_184313183.jpg,ft_s123,multi3,4,0.9935251199503832,0,0.9939099114612482,0.9940309598233819,0.9931701282448708,0.9917677929072395
B,dataset/2026-08-27__oneplus_flash/class_007__Brazil_MonteCristo/PXL_20260827_183846296.jpg,pretrained_l0,single,6,1.0,0,6.440925122957261e-06,0.9890083320665117,0.9958481647896364,0.9962150948857731
B,dataset/2026-08-27__oneplus_flash/class_007__Brazil_MonteCristo/PXL_20260827_183846296.jpg,pretrained_l0,multi3,6,0.9939655272744201,0,0.9484198924477438,0.9706857652701689,0.9841521348955528,0.9906464545408411
B,dataset/2026-08-27__oneplus_flash/class_007__Brazil_MonteCristo/PXL_20260827_183846296.jpg,ft_s123,single,6,0.9723638684144278,0,0.9913954845304441,0.9906249405831843,0.9877679509196711,0.4987354296319281
B,dataset/2026-08-27__oneplus_flash/class_007__Brazil_MonteCristo/PXL_20260827_183846296.jpg,ft_s123,multi3,6,0.993998494141039,0,0.9945745380176758,0.9945535169178368,0.9945223203398469,0.9944686679536116
B,dataset/2026-08-27__oneplus_flash/class_007__Brazil_MonteCristo/PXL_20260827_183917066.jpg,pretrained_l0,single,3,1.0,0,0.011697633361293943,0.9946501264876104,0.9961634449168131,0.9939498150384216
B,dataset/2026-08-27__oneplus_flash/class_007__Brazil_MonteCristo/PXL_20260827_183917066.jpg,pretrained_l0,multi3,3,0.995602007920635,0,0.9834215419225135,0.9916442124567962,0.9955251788370281,0.9962519208197009
B,dataset/2026-08-27__oneplus_flash/class_007__Brazil_MonteCristo/PXL_20260827_183917066.jpg,ft_s123,single,3,0.9726502486599674,0,0.9822171833702712,0.9781853822857054,0.9798229529557866,0.9797573902381433
B,dataset/2026-08-27__oneplus_flash/class_007__Brazil_MonteCristo/PXL_20260827_183917066.jpg,ft_s123,multi3,3,0.9877155049786629,0,0.989444221628679,0.9858639249869137,0.984740087955351,0.9839087980314485
B,dataset/2026-08-27__oneplus_flash/class_007__Brazil_MonteCristo/PXL_20260827_183944048.jpg,pretrained_l0,single,5,1.0,0,0.0005489815688076094,0.9907837677061151,0.9936313353293672,0.9953082383345547
B,dataset/2026-08-27__oneplus_flash/class_007__Brazil_MonteCristo/PXL_20260827_183944048.jpg,pretrained_l0,multi3,5,0.9928622504988943,0,0.9635559862434321,0.977923931235129,0.9837117902062612,0.9886586845736046
B,dataset/2026-08-27__oneplus_flash/class_007__Brazil_MonteCristo/PXL_20260827_183944048.jpg,ft_s123,single,5,0.9753552098654513,0,0.989783626001946,0.9854072740596772,0.986473592229917,0.9889807082796648
B,dataset/2026-08-27__oneplus_flash/class_007__Brazil_MonteCristo/PXL_20260827_183944048.jpg,ft_s123,multi3,5,0.99307894889159,0,0.9925970061187863,0.9911658323446859,0.9909345277881463,0.9910827306750304
B,dataset/2026-08-27__oneplus_flash/class_008__Ethiopia_Kochere/PXL_20260827_185927522.jpg,pretrained_l0,single,4,1.0,0,0.0004322853185418428,0.9962910942056368,0.9977273474428371,0.997743402885527
B,dataset/2026-08-27__oneplus_flash/class_008__Ethiopia_Kochere/PXL_20260827_185927522.jpg,pretrained_l0,multi3,4,0.9950583220504761,0,0.9818029850746268,0.9922315542002419,0.9949859201448702,0.9967537561437589
B,dataset/2026-08-27__oneplus_flash/class_008__Ethiopia_Kochere/PXL_20260827_185927522.jpg,ft_s123,single,4,0.9721157491862503,0,0.986317653588451,0.9825374983192628,0.9783457949673785,0.5817348070250742
B,dataset/2026-08-27__oneplus_flash/class_008__Ethiopia_Kochere/PXL_20260827_185927522.jpg,ft_s123,multi3,4,0.9937929860742639,0,0.9922816090063626,0.9911626310444943,0.9907978048602579,0.9776937472101088
B,dataset/2026-08-27__oneplus_flash/class_009__Vietnam_Robusta/PXL_20260827_185028343.jpg,pretrained_l0,single,5,1.0,0,0.0002697675739376127,0.8709204333466735,0.9739376867070275,0.9937169883973526
B,dataset/2026-08-27__oneplus_flash/class_009__Vietnam_Robusta/PXL_20260827_185028343.jpg,pretrained_l0,multi3,5,0.99127630151021,0,0.9358010173944716,0.965583348933972,0.971240225456924,0.9796763003468925
B,dataset/2026-08-27__oneplus_flash/class_009__Vietnam_Robusta/PXL_20260827_185028343.jpg,ft_s123,single,5,0.9688686231406597,0,0.9903249846376445,0.9870888446511031,0.9849879244997188,0.9853169528015778
B,dataset/2026-08-27__oneplus_flash/class_009__Vietnam_Robusta/PXL_20260827_185028343.jpg,ft_s123,multi3,5,0.9910078926357215,0,0.9903564481393141,0.991114637854399,0.9911825439928903,0.9914871922985307
B,dataset/2026-08-27__oneplus_flash/class_009__Vietnam_Robusta/PXL_20260827_185036462.jpg,pretrained_l0,single,6,1.0,0,0.0007008964096186175,0.9209938512425901,0.9469073906365776,0.963489488916452
B,dataset/2026-08-27__oneplus_flash/class_009__Vietnam_Robusta/PXL_20260827_185036462.jpg,pretrained_l0,multi3,6,0.9679857456474457,0,0.8952950964867549,0.9358457323770394,0.9434740060470128,0.9545403818419065
B,dataset/2026-08-27__oneplus_flash/class_009__Vietnam_Robusta/PXL_20260827_185036462.jpg,ft_s123,single,6,0.958214076194201,0,0.9728465243433828,0.9728510502295155,0.9747844385817703,0.9740532938607765
B,dataset/2026-08-27__oneplus_flash/class_009__Vietnam_Robusta/PXL_20260827_185036462.jpg,ft_s123,multi3,6,0.975293162454651,0,0.9708390361487975,0.970551853710338,0.9702409937163767,0.9699501768365278
B,dataset/2026-08-27__oneplus_flash/class_009__Vietnam_Robusta/PXL_20260827_185105752.jpg,pretrained_l0,single,6,1.0,0,0.009318712741105736,0.9684913357176353,0.982955930647775,0.9881629744187522
B,dataset/2026-08-27__oneplus_flash/class_009__Vietnam_Robusta/PXL_20260827_185105752.jpg,pretrained_l0,multi3,6,0.9915969181469548,0,0.9408650910712448,0.9640244279616935,0.9758291174817313,0.9793493303778649
B,dataset/2026-08-27__oneplus_flash/class_009__Vietnam_Robusta/PXL_20260827_185105752.jpg,ft_s123,single,6,0.9726596905057716,0,0.9881225765162067,0.9875354774579175,0.9768527699683865,0.978851593712636
B,dataset/2026-08-27__oneplus_flash/class_009__Vietnam_Robusta/PXL_20260827_185105752.jpg,ft_s123,multi3,6,0.9910105182163312,0,0.9872458031739804,0.9869033030088955,0.9870408716517085,0.9882148340846816
B,dataset/2026-08-27__oneplus_flash/class_009__Vietnam_Robusta/PXL_20260827_185122731.jpg,pretrained_l0,single,4,1.0,0,0.0007249399960855815,0.9727840460046686,0.9852650155488354,0.9922233521255787
B,dataset/2026-08-27__oneplus_flash/class_009__Vietnam_Robusta/PXL_20260827_185122731.jpg,pretrained_l0,multi3,4,0.9881749844765374,0,0.9442927593575723,0.965076747874325,0.9764019305969073,0.9819658682302693
B,dataset/2026-08-27__oneplus_flash/class_009__Vietnam_Robusta/PXL_20260827_185122731.jpg,ft_s123,single,4,0.96996670044882,0,0.9874153988546307,0.9873369436433307,0.9857601912710883,0.9841402530386038
B,dataset/2026-08-27__oneplus_flash/class_009__Vietnam_Robusta/PXL_20260827_185122731.jpg,ft_s123,multi3,4,0.9909394620874336,0,0.990732983915736,0.9878435320878547,0.9880841198588917,0.9894955325828226
B,dataset/2026-08-27__oneplus_flash/class_009__Vietnam_Robusta/PXL_20260827_185137156.jpg,pretrained_l0,single,4,1.0,0,0.0006080161580946391,0.9524456787467486,0.9752229051494237,0.9822629042961424
B,dataset/2026-08-27__oneplus_flash/class_009__Vietnam_Robusta/PXL_20260827_185137156.jpg,pretrained_l0,multi3,4,0.976469273999049,0,0.930746927955401,0.9533397743049973,0.9758020655621329,0.976788367391675
B,dataset/2026-08-27__oneplus_flash/class_009__Vietnam_Robusta/PXL_20260827_185137156.jpg,ft_s123,single,4,0.955377763833329,0,0.9783190795581136,0.9808401140552194,0.979275888466178,0.9722497997004215
B,dataset/2026-08-27__oneplus_flash/class_009__Vietnam_Robusta/PXL_20260827_185137156.jpg,ft_s123,multi3,4,0.9799198009811767,0,0.9816947150870977,0.9822490001678444,0.9821853161274263,0.9819974207592694
B,dataset/ood_positives/PXL_20260911_110638951.jpg,pretrained_l0,single,6,1.0,0,6.434774551238823e-06,1.2882298305076012e-06,0.0,0.0
B,dataset/ood_positives/PXL_20260911_110638951.jpg,pretrained_l0,multi3,6,0.997540935090372,0,4.6332761895936616e-05,0.00010300093215843603,8.241740552582949e-05,7.730643756474415e-06
B,dataset/ood_positives/PXL_20260911_110638951.jpg,ft_s123,single,6,0.0,1,0.8019916784191693,0.0,0.0,0.0
B,dataset/ood_positives/PXL_20260911_110638951.jpg,ft_s123,multi3,6,0.0,1,0.9696340499888093,0.0,0.0,0.0
B,dataset/ood_positives/PXL_20260809_121311639.jpg,pretrained_l0,single,6,1.0,0,0.0,0.3785214363365896,0.46296095708591767,0.8188454692624032
B,dataset/ood_positives/PXL_20260809_121311639.jpg,pretrained_l0,multi3,6,0.6451848610807264,0,0.00018150128595591965,0.0001276426212894999,5.1883769978494176e-05,6.627775055913729e-05
B,dataset/ood_positives/PXL_20260809_121311639.jpg,ft_s123,single,6,0.6156777908135931,0,0.3538862176770177,0.36118326020466984,0.0056796218558630655,0.41250330604854296
B,dataset/ood_positives/PXL_20260809_121311639.jpg,ft_s123,multi3,6,0.3632516598059095,0,0.9778671350009832,0.341343578127861,0.0,0.0
B,dataset/2026-08-07__box_pictures_all_classes/class_001__Ethiopia_Sidamo/PXL_20260807_082105515.jpg,pretrained_l0,single,12,1.0,0,0.0,0.0,0.5632263913415226,0.7555228955937869
B,dataset/2026-08-07__box_pictures_all_classes/class_001__Ethiopia_Sidamo/PXL_20260807_082105515.jpg,pretrained_l0,multi3,12,0.939355069867431,0,0.0,0.0,0.0,0.0
B,dataset/2026-08-07__box_pictures_all_classes/class_001__Ethiopia_Sidamo/PXL_20260807_082105515.jpg,ft_s123,single,12,0.13835086621861817,0,0.9687666074492476,0.3488446604163647,6.865669364620443e-05,0.0
B,dataset/2026-08-07__box_pictures_all_classes/class_001__Ethiopia_Sidamo/PXL_20260807_082105515.jpg,ft_s123,multi3,12,0.0,1,0.9670337186238971,0.11019399330215811,0.0,0.0
B,dataset/2026-08-07__box_pictures_all_classes/class_001__Ethiopia_Sidamo/PXL_20260807_082212145.jpg,pretrained_l0,single,12,1.0,0,7.544300130365506e-06,4.800745075635739e-06,0.3633680273215157,0.7578820616318709
B,dataset/2026-08-07__box_pictures_all_classes/class_001__Ethiopia_Sidamo/PXL_20260807_082212145.jpg,pretrained_l0,multi3,12,0.9511919965942954,0,1.3420837191824026e-05,1.3443430046364896e-05,1.3449456940816412e-05,1.4983001784475513e-05
B,dataset/2026-08-07__box_pictures_all_classes/class_001__Ethiopia_Sidamo/PXL_20260807_082212145.jpg,ft_s123,single,12,0.2815061800225271,0,0.9711688659456403,0.8927577744459612,0.13574417615861437,0.000365505255070453
B,dataset/2026-08-07__box_pictures_all_classes/class_001__Ethiopia_Sidamo/PXL_20260807_082212145.jpg,ft_s123,multi3,12,0.0,1,0.9670776378093451,0.8633383310582496,0.14238294507724095,0.0
B,dataset/2026-08-07__box_pictures_all_classes/class_001__Ethiopia_Sidamo/PXL_20260807_082703785.jpg,pretrained_l0,single,11,1.0,0,0.0,0.0,0.0,0.763809512835876
B,dataset/2026-08-07__box_pictures_all_classes/class_001__Ethiopia_Sidamo/PXL_20260807_082703785.jpg,pretrained_l0,multi3,11,0.9635928857489661,0,0.0,0.0,0.0,0.0
B,dataset/2026-08-07__box_pictures_all_classes/class_001__Ethiopia_Sidamo/PXL_20260807_082703785.jpg,ft_s123,single,11,0.4153372706084674,0,0.9783555595333989,0.9734874286099239,0.9085489025566812,0.061269130103560894
B,dataset/2026-08-07__box_pictures_all_classes/class_001__Ethiopia_Sidamo/PXL_20260807_082703785.jpg,ft_s123,multi3,11,0.0,1,0.9721190840835232,0.9167338755266787,0.9032472085466348,0.8844512470971438
B,dataset/2026-08-07__box_pictures_all_classes/class_001__Ethiopia_Sidamo/PXL_20260807_082731372.jpg,pretrained_l0,single,11,1.0,0,0.0,0.0,0.0,0.8194630748023465
B,dataset/2026-08-07__box_pictures_all_classes/class_001__Ethiopia_Sidamo/PXL_20260807_082731372.jpg,pretrained_l0,multi3,11,0.9629392878415877,0,0.0,0.0,0.0,0.0
B,dataset/2026-08-07__box_pictures_all_classes/class_001__Ethiopia_Sidamo/PXL_20260807_082731372.jpg,ft_s123,single,11,0.35118091229340637,0,0.983144849649069,0.9759610333078158,0.9106864068663313,0.10037943077839885
B,dataset/2026-08-07__box_pictures_all_classes/class_001__Ethiopia_Sidamo/PXL_20260807_082731372.jpg,ft_s123,multi3,11,0.0,1,0.9789798563199017,0.9470183192174549,0.9161116098031968,0.8765982484328679
B,dataset/2026-08-07__box_pictures_all_classes/class_001__Ethiopia_Sidamo/PXL_20260807_082756616.jpg,pretrained_l0,single,11,1.0,0,0.0,0.0,0.0,0.8369970311414313
B,dataset/2026-08-07__box_pictures_all_classes/class_001__Ethiopia_Sidamo/PXL_20260807_082756616.jpg,pretrained_l0,multi3,11,0.972705042627718,0,0.0,0.0,0.0,0.0
B,dataset/2026-08-07__box_pictures_all_classes/class_001__Ethiopia_Sidamo/PXL_20260807_082756616.jpg,ft_s123,single,11,0.17798573638730614,0,0.9777937546788025,0.9760922348174519,0.9648035608575433,0.2730915814497566
B,dataset/2026-08-07__box_pictures_all_classes/class_001__Ethiopia_Sidamo/PXL_20260807_082756616.jpg,ft_s123,multi3,11,0.0,1,0.9725713518032004,0.9365269551325527,0.8820701677596577,0.6213652315006981
B,dataset/2026-08-07__box_pictures_all_classes/class_001__Ethiopia_Sidamo/PXL_20260807_082824262.jpg,pretrained_l0,single,12,1.0,0,0.0,0.0,0.0,0.7050845796605925
B,dataset/2026-08-07__box_pictures_all_classes/class_001__Ethiopia_Sidamo/PXL_20260807_082824262.jpg,pretrained_l0,multi3,12,0.9378236090693818,0,0.0,0.0,0.0,0.0
B,dataset/2026-08-07__box_pictures_all_classes/class_001__Ethiopia_Sidamo/PXL_20260807_082824262.jpg,ft_s123,single,12,0.02881742017682715,0,0.9659431613419367,0.9707801289756791,0.9634148207073797,0.8972031100552281
B,dataset/2026-08-07__box_pictures_all_classes/class_001__Ethiopia_Sidamo/PXL_20260807_082824262.jpg,ft_s123,multi3,12,0.0,1,0.9680254892213134,0.9684815267774909,0.9680399179229354,0.9647344798945388
B,dataset/2026-08-07__box_pictures_all_classes/class_001__Ethiopia_Sidamo/PXL_20260807_082856017.jpg,pretrained_l0,single,12,1.0,0,0.0,0.0,0.0,0.8011528056909467
B,dataset/2026-08-07__box_pictures_all_classes/class_001__Ethiopia_Sidamo/PXL_20260807_082856017.jpg,pretrained_l0,multi3,12,0.9748978023004361,0,0.0,0.0,0.0,0.0
B,dataset/2026-08-07__box_pictures_all_classes/class_001__Ethiopia_Sidamo/PXL_20260807_082856017.jpg,ft_s123,single,12,0.005510026924831168,0,0.9771280652352458,0.904159371459679,0.5177218355966866,0.00962967322377036
B,dataset/2026-08-07__box_pictures_all_classes/class_001__Ethiopia_Sidamo/PXL_20260807_082856017.jpg,ft_s123,multi3,12,0.0,1,0.9751579225390863,0.7912074977562641,0.32439271999646885,0.009136786970147278
B,dataset/2026-08-07__box_pictures_all_classes/class_001__Ethiopia_Sidamo/PXL_20260807_083011690.jpg,pretrained_l0,single,11,1.0,0,0.0,0.0,0.0,0.8278262936642978
B,dataset/2026-08-07__box_pictures_all_classes/class_001__Ethiopia_Sidamo/PXL_20260807_083011690.jpg,pretrained_l0,multi3,11,0.958753769427047,0,0.0,0.0,0.0,0.0
B,dataset/2026-08-07__box_pictures_all_classes/class_001__Ethiopia_Sidamo/PXL_20260807_083011690.jpg,ft_s123,single,11,0.11670558364126862,0,0.9802334281011522,0.9750107225896747,0.8373217672527788,0.0005365252809201031
B,dataset/2026-08-07__box_pictures_all_classes/class_001__Ethiopia_Sidamo/PXL_20260807_083011690.jpg,ft_s123,multi3,11,0.0,1,0.9782196188433298,0.7314653185524397,0.05053161342975675,0.0
B,dataset/2026-08-07__box_pictures_all_classes/class_002__Kenya_AA/PXL_20260807_080658175.jpg,pretrained_l0,single,11,1.0,0,1.0778317720170236e-05,2.3465129142014312e-05,0.2679975564352022,0.7514061198037219
B,dataset/2026-08-07__box_pictures_all_classes/class_002__Kenya_AA/PXL_20260807_080658175.jpg,pretrained_l0,multi3,11,0.8516533966446739,0,3.00654223590533e-05,3.0023493383572645e-05,3.0046451814505226e-05,3.032664832915331e-05
B,dataset/2026-08-07__box_pictures_all_classes/class_002__Kenya_AA/PXL_20260807_080658175.jpg,ft_s123,single,11,0.21219052019560278,0,0.9769816294964303,0.7364258707387129,0.012960609911054638,0.0980632243656386
B,dataset/2026-08-07__box_pictures_all_classes/class_002__Kenya_AA/PXL_20260807_080658175.jpg,ft_s123,multi3,11,0.0,1,0.9762022881828104,0.8668976668976669,0.8231040537210449,0.5622964075314775
B,dataset/2026-08-07__box_pictures_all_classes/class_002__Kenya_AA/PXL_20260807_080953837.jpg,pretrained_l0,single,12,1.0,0,0.0,0.0,0.0,0.8151359079162008
B,dataset/2026-08-07__box_pictures_all_classes/class_002__Kenya_AA/PXL_20260807_080953837.jpg,pretrained_l0,multi3,12,0.9570809601010029,0,0.0,0.0,0.0,0.0
B,dataset/2026-08-07__box_pictures_all_classes/class_002__Kenya_AA/PXL_20260807_080953837.jpg,ft_s123,single,12,0.13013139058155135,0,0.9867743541352434,0.9346420409845277,0.2769095855912576,0.00026982663638612194
B,dataset/2026-08-07__box_pictures_all_classes/class_002__Kenya_AA/PXL_20260807_080953837.jpg,ft_s123,multi3,12,0.0,1,0.9861736022504272,0.80697651758745,0.6942639354214917,0.1611764441346435
B,dataset/2026-08-07__box_pictures_all_classes/class_002__Kenya_AA/PXL_20260807_081015382.jpg,pretrained_l0,single,12,1.0,0,0.0,4.5657722318864405e-06,1.8856183885505252e-05,0.7781601064658842
B,dataset/2026-08-07__box_pictures_all_classes/class_002__Kenya_AA/PXL_20260807_081015382.jpg,pretrained_l0,multi3,12,0.9524637808798274,0,4.50491035228399e-06,4.519208897418477e-06,4.522403989363306e-06,4.524443304955019e-06
B,dataset/2026-08-07__box_pictures_all_classes/class_002__Kenya_AA/PXL_20260807_081015382.jpg,ft_s123,single,12,0.1570473314433625,0,0.967105557794796,0.9731330893173843,0.966059527070209,0.6252657525804961
B,dataset/2026-08-07__box_pictures_all_classes/class_002__Kenya_AA/PXL_20260807_081015382.jpg,ft_s123,multi3,12,0.0,1,0.9667435313847628,0.9682328338448577,0.96612440481147,0.9470907952793173
B,dataset/2026-08-07__box_pictures_all_classes/class_002__Kenya_AA/PXL_20260807_081134287.jpg,pretrained_l0,single,11,1.0,0,0.0,0.0,0.0,0.8382558481683096
B,dataset/2026-08-07__box_pictures_all_classes/class_002__Kenya_AA/PXL_20260807_081134287.jpg,pretrained_l0,multi3,11,0.9553263884522137,0,8.91558280421826e-06,0.0,0.0,0.0
B,dataset/2026-08-07__box_pictures_all_classes/class_002__Kenya_AA/PXL_20260807_081134287.jpg,ft_s123,single,11,0.07489962923147803,0,0.9787092578926988,0.9149432516234716,0.5593339329983985,0.04283217422464038
B,dataset/2026-08-07__box_pictures_all_classes/class_002__Kenya_AA/PXL_20260807_081134287.jpg,ft_s123,multi3,11,0.0,1,0.9715403172746546,0.9061158523653862,0.8129849425564746,0.7112905230980745
B,dataset/2026-08-07__box_pictures_all_classes/class_003__Colombia_PinkBourbon/PXL_20260807_075108999.jpg,pretrained_l0,single,12,1.0,0,1.680826355357252e-05,6.553860819828408e-05,0.5286523728112623,0.7638763968803519
B,dataset/2026-08-07__box_pictures_all_classes/class_003__Colombia_PinkBourbon/PXL_20260807_075108999.jpg,pretrained_l0,multi3,12,0.910437240721025,0,1.663994191147551e-05,1.6677835762738075e-05,1.669598582966148e-05,1.6723882616588267e-05
B,dataset/2026-08-07__box_pictures_all_classes/class_003__Colombia_PinkBourbon/PXL_20260807_075108999.jpg,ft_s123,single,12,0.20477108317136705,0,0.9688380560392591,0.9436846858469875,0.22292474817939142,0.1807382436671855
B,dataset/2026-08-07__box_pictures_all_classes/class_003__Colombia_PinkBourbon/PXL_20260807_075108999.jpg,ft_s123,multi3,12,8.064711243013943e-06,0,0.9698183504429307,0.9451119210424461,0.9244175262304734,0.8516496366847585
B,dataset/2026-08-07__box_pictures_all_classes/class_003__Colombia_PinkBourbon/PXL_20260807_075209833.jpg,pretrained_l0,single,12,1.0,0,0.0,0.0,0.4268327540845162,0.7357397205052405
B,dataset/2026-08-07__box_pictures_all_classes/class_003__Colombia_PinkBourbon/PXL_20260807_075209833.jpg,pretrained_l0,multi3,12,0.899094809006753,0,0.0,0.0,0.0,0.0
B,dataset/2026-08-07__box_pictures_all_classes/class_003__Colombia_PinkBourbon/PXL_20260807_075209833.jpg,ft_s123,single,12,0.30030667610285444,0,0.9717886338566615,0.9409997185391421,0.8058960953968145,0.14348332306006437
B,dataset/2026-08-07__box_pictures_all_classes/class_003__Colombia_PinkBourbon/PXL_20260807_075209833.jpg,ft_s123,multi3,12,0.0,1,0.96834364563059,0.9358099628049198,0.892649778176865,0.38263741448454824
B,dataset/2026-08-07__box_pictures_all_classes/class_003__Colombia_PinkBourbon/PXL_20260807_075305363.jpg,pretrained_l0,single,12,1.0,0,0.0,0.0,0.474061192767926,0.7482110391123957
B,dataset/2026-08-07__box_pictures_all_classes/class_003__Colombia_PinkBourbon/PXL_20260807_075305363.jpg,pretrained_l0,multi3,12,0.9071253383846595,0,0.0,0.0,0.0,0.0
B,dataset/2026-08-07__box_pictures_all_classes/class_003__Colombia_PinkBourbon/PXL_20260807_075305363.jpg,ft_s123,single,12,0.01653439668533244,0,0.9724315199877235,0.8244416245630698,0.04902686157991885,3.894111324854555e-05
B,dataset/2026-08-07__box_pictures_all_classes/class_003__Colombia_PinkBourbon/PXL_20260807_075305363.jpg,ft_s123,multi3,12,0.0,1,0.9722188009976291,0.8893370187254254,0.792365556230435,0.11912865364995054
B,dataset/2026-08-07__box_pictures_all_classes/class_003__Colombia_PinkBourbon/PXL_20260807_075413640.jpg,pretrained_l0,single,12,1.0,0,6.035121388922837e-06,2.2912525704989774e-05,0.5164075125066689,0.7831003916234787
B,dataset/2026-08-07__box_pictures_all_classes/class_003__Colombia_PinkBourbon/PXL_20260807_075413640.jpg,pretrained_l0,multi3,12,0.9411263219451705,0,5.970550260838415e-06,7.4783688181933755e-06,7.484660188942762e-06,2.4016811768237765e-05
B,dataset/2026-08-07__box_pictures_all_classes/class_003__Colombia_PinkBourbon/PXL_20260807_075413640.jpg,ft_s123,single,12,0.08256035934868051,0,0.9711372316363232,0.6919258843346434,0.02209994385176867,0.07966311061201573
B,dataset/2026-08-07__box_pictures_all_classes/class_003__Colombia_PinkBourbon/PXL_20260807_075413640.jpg,ft_s123,multi3,12,0.0,1,0.9686658233499517,0.8094179300018716,0.24224592925322852,9.732360097323601e-05
B,dataset/2026-08-07__box_pictures_all_classes/class_003__Colombia_PinkBourbon/PXL_20260807_075607565.jpg,pretrained_l0,single,11,1.0,0,0.0,0.0,0.0,0.8266439460791772
B,dataset/2026-08-07__box_pictures_all_classes/class_003__Colombia_PinkBourbon/PXL_20260807_075607565.jpg,pretrained_l0,multi3,11,0.8307847574775216,0,0.0,0.0,0.0,0.0
B,dataset/2026-08-07__box_pictures_all_classes/class_003__Colombia_PinkBourbon/PXL_20260807_075607565.jpg,ft_s123,single,11,0.00043436648752116617,0,0.9701352076639733,0.8890672163734079,0.8332695280865788,0.3609438268423765
B,dataset/2026-08-07__box_pictures_all_classes/class_003__Colombia_PinkBourbon/PXL_20260807_075607565.jpg,ft_s123,multi3,11,0.0,1,0.9596061433396866,0.9243392475888978,0.9161599057645586,0.9014724287712582
B,dataset/2026-08-07__box_pictures_all_classes/class_003__Colombia_PinkBourbon/PXL_20260807_075903623.jpg,pretrained_l0,single,12,1.0,0,0.0,0.0,0.0,0.7831227383282909
B,dataset/2026-08-07__box_pictures_all_classes/class_003__Colombia_PinkBourbon/PXL_20260807_075903623.jpg,pretrained_l0,multi3,12,0.9670949913137814,0,0.0,0.0,0.0,0.0
B,dataset/2026-08-07__box_pictures_all_classes/class_003__Colombia_PinkBourbon/PXL_20260807_075903623.jpg,ft_s123,single,12,0.0627902220269523,0,0.9753759021279442,0.9744289581422403,0.9645070422535211,0.88594425556725
B,dataset/2026-08-07__box_pictures_all_classes/class_003__Colombia_PinkBourbon/PXL_20260807_075903623.jpg,ft_s123,multi3,12,0.0,1,0.974617664140098,0.9732157487821955,0.9679385426338015,0.9217605575250002
B,dataset/2026-08-07__box_pictures_all_classes/class_004__CostaRica_LaPastora/PXL_20260807_073854548.jpg,pretrained_l0,single,11,1.0,0,0.0,0.0,0.5133538329859487,0.717443914649477
B,dataset/2026-08-07__box_pictures_all_classes/class_004__CostaRica_LaPastora/PXL_20260807_073854548.jpg,pretrained_l0,multi3,11,0.8986425088268141,0,4.097056538014539e-05,1.425279034002882e-06,5.7612149250033846e-06,0.0
B,dataset/2026-08-07__box_pictures_all_classes/class_004__CostaRica_LaPastora/PXL_20260807_073854548.jpg,ft_s123,single,11,0.08280136780109763,0,0.9598311098169334,0.9092207120640287,0.5779654344621037,0.034719917252664975
B,dataset/2026-08-07__box_pictures_all_classes/class_004__CostaRica_LaPastora/PXL_20260807_073854548.jpg,ft_s123,multi3,11,0.0,1,0.9505144800941995,0.8866686733504673,0.7668349388662468,0.6574939599076811
B,dataset/2026-08-07__box_pictures_all_classes/class_004__CostaRica_LaPastora/PXL_20260807_073924461.jpg,pretrained_l0,single,12,1.0,0,0.0,0.0,0.46583708025098175,0.6978222263762969
B,dataset/2026-08-07__box_pictures_all_classes/class_004__CostaRica_LaPastora/PXL_20260807_073924461.jpg,pretrained_l0,multi3,12,0.8402217032889739,0,0.0,0.0,0.0,0.0
B,dataset/2026-08-07__box_pictures_all_classes/class_004__CostaRica_LaPastora/PXL_20260807_073924461.jpg,ft_s123,single,12,0.12232871552337504,0,0.9496560400012739,0.9606072609395083,0.9593291473083424,0.93783899632359
B,dataset/2026-08-07__box_pictures_all_classes/class_004__CostaRica_LaPastora/PXL_20260807_073924461.jpg,ft_s123,multi3,12,0.0,1,0.9586066336145193,0.9583515717458619,0.9572669717090773,0.6162181551243765
B,dataset/2026-08-07__box_pictures_all_classes/class_004__CostaRica_LaPastora/PXL_20260807_073957292.jpg,pretrained_l0,single,12,1.0,0,0.0,0.0,0.37001849514502444,0.6664022146450154
B,dataset/2026-08-07__box_pictures_all_classes/class_004__CostaRica_LaPastora/PXL_20260807_073957292.jpg,pretrained_l0,multi3,12,0.8329137247179949,0,0.0,0.0,0.0,0.0
B,dataset/2026-08-07__box_pictures_all_classes/class_004__CostaRica_LaPastora/PXL_20260807_073957292.jpg,ft_s123,single,12,0.19663964876730833,0,0.9383694186692045,0.9563145739637778,0.9632084226432449,0.9643638117251873
B,dataset/2026-08-07__box_pictures_all_classes/class_004__CostaRica_LaPastora/PXL_20260807_073957292.jpg,ft_s123,multi3,12,0.0,1,0.9564660898869123,0.9633600328609571,0.9640974967061924,0.963208730244417
B,dataset/2026-08-07__box_pictures_all_classes/class_004__CostaRica_LaPastora/PXL_20260807_074208543.jpg,pretrained_l0,single,11,1.0,0,1.0768468692984804e-05,4.3989191227298436e-05,0.6012936448128611,0.7929303546289042
B,dataset/2026-08-07__box_pictures_all_classes/class_004__CostaRica_LaPastora/PXL_20260807_074208543.jpg,pretrained_l0,multi3,11,0.9309986311923586,0,1.0576254797086997e-05,1.0594406758626117e-05,1.0600583637847719e-05,1.0634483680625186e-05
B,dataset/2026-08-07__box_pictures_all_classes/class_004__CostaRica_LaPastora/PXL_20260807_074208543.jpg,ft_s123,single,11,0.27473789917654146,0,0.9728832670303406,0.8178590078328982,0.006884916649929705,0.09779473789917655
B,dataset/2026-08-07__box_pictures_all_classes/class_004__CostaRica_LaPastora/PXL_20260807_074208543.jpg,ft_s123,multi3,11,0.0,1,0.9700153154015507,0.9402706936021527,0.9054910624623418,0.8225667804780077
B,dataset/2026-08-07__box_pictures_all_classes/class_004__CostaRica_LaPastora/PXL_20260807_074252695.jpg,pretrained_l0,single,11,1.0,0,2.140774256883736e-05,8.179576765327943e-05,0.22479727990778364,0.6643829746204858
B,dataset/2026-08-07__box_pictures_all_classes/class_004__CostaRica_LaPastora/PXL_20260807_074252695.jpg,pretrained_l0,multi3,11,0.9035550375173017,0,2.117170250733448e-05,2.124414837520201e-05,2.1280088525168264e-05,2.132888067557706e-05
B,dataset/2026-08-07__box_pictures_all_classes/class_004__CostaRica_LaPastora/PXL_20260807_074252695.jpg,ft_s123,single,11,0.4288363094038454,0,0.9533749941120131,0.869988817107412,0.26070939137444576,0.04414219025888689
B,dataset/2026-08-07__box_pictures_all_classes/class_004__CostaRica_LaPastora/PXL_20260807_074252695.jpg,ft_s123,multi3,11,0.0,1,0.953049305736662,0.9297900367877395,0.89939743043097,0.8393118889228935
B,dataset/2026-08-07__box_pictures_all_classes/class_005__Guatemala_Tata/PXL_20260807_072949814.jpg,pretrained_l0,single,12,1.0,0,0.0,0.0,0.5018521415028478,0.7632104151679004
B,dataset/2026-08-07__box_pictures_all_classes/class_005__Guatemala_Tata/PXL_20260807_072949814.jpg,pretrained_l0,multi3,12,0.9288811060428465,0,0.0,0.0,0.0,0.0
B,dataset/2026-08-07__box_pictures_all_classes/class_005__Guatemala_Tata/PXL_20260807_072949814.jpg,ft_s123,single,12,0.2562979855568225,0,0.9741773568075472,0.9136069935385784,0.7972405929304447,0.09281641961231471
B,dataset/2026-08-07__box_pictures_all_classes/class_005__Guatemala_Tata/PXL_20260807_072949814.jpg,ft_s123,multi3,12,0.0,1,0.9624609917769527,0.8952793614595211,0.5967540858988978,0.012748004561003421
B,dataset/2026-08-07__box_pictures_all_classes/class_005__Guatemala_Tata/PXL_20260807_073117448.jpg,pretrained_l0,single,12,1.0,0,2.404033968999982e-05,4.143929014495982e-05,9.656937302334564e-05,0.7009707474918291
B,dataset/2026-08-07__box_pictures_all_classes/class_005__Guatemala_Tata/PXL_20260807_073117448.jpg,pretrained_l0,multi3,12,0.9459991366885421,0,2.3819625883000975e-05,2.3941128764368417e-05,2.395561025419897e-05,2.3997504259557007e-05
B,dataset/2026-08-07__box_pictures_all_classes/class_005__Guatemala_Tata/PXL_20260807_073117448.jpg,ft_s123,single,12,0.03362793538858862,0,0.9496400160160765,0.9118490901838043,0.697613223344574,0.114615063473165
B,dataset/2026-08-07__box_pictures_all_classes/class_005__Guatemala_Tata/PXL_20260807_073117448.jpg,ft_s123,multi3,12,0.0,1,0.9435572582786481,0.9086419563447566,0.8915783079726581,0.8881814686658978
B,dataset/2026-08-07__box_pictures_all_classes/class_005__Guatemala_Tata/PXL_20260807_073309051.jpg,pretrained_l0,single,12,1.0,0,0.0,0.0,0.0,0.7061628700040922
B,dataset/2026-08-07__box_pictures_all_classes/class_005__Guatemala_Tata/PXL_20260807_073309051.jpg,pretrained_l0,multi3,12,0.9266933982528999,0,0.0,0.0,0.0,0.0
B,dataset/2026-08-07__box_pictures_all_classes/class_005__Guatemala_Tata/PXL_20260807_073309051.jpg,ft_s123,single,12,0.06484987096475096,0,0.9731648304826831,0.9656718595241203,0.8772698133172679,0.10667429030613033
B,dataset/2026-08-07__box_pictures_all_classes/class_005__Guatemala_Tata/PXL_20260807_073309051.jpg,ft_s123,multi3,12,0.0,1,0.9690085649335242,0.7014958816893573,0.013900264251827355,1.545332323716215e-05
B,dataset/2026-08-07__box_pictures_all_classes/class_006__Brazil_Cerrado/PXL_20260807_071030107.jpg,pretrained_l0,single,11,1.0,0,0.0,0.0,0.5021293666197977,0.6631684853285097
B,dataset/2026-08-07__box_pictures_all_classes/class_006__Brazil_Cerrado/PXL_20260807_071030107.jpg,pretrained_l0,multi3,11,0.8321737962527701,0,0.0,0.0,0.0,0.0
B,dataset/2026-08-07__box_pictures_all_classes/class_006__Brazil_Cerrado/PXL_20260807_071030107.jpg,ft_s123,single,11,0.029527352544807494,0,0.9678550001578831,0.9677103873799376,0.86168622407973,0.7453345141292972
B,dataset/2026-08-07__box_pictures_all_classes/class_006__Brazil_Cerrado/PXL_20260807_071030107.jpg,ft_s123,multi3,11,0.0,1,0.9662820451691858,0.9317501001201441,0.8777212973893211,0.8198278635778635
B,dataset/2026-08-07__box_pictures_all_classes/class_006__Brazil_Cerrado/PXL_20260807_071223315.jpg,pretrained_l0,single,12,1.0,0,0.0,0.0,0.2530387427164415,0.6782669920132431
B,dataset/2026-08-07__box_pictures_all_classes/class_006__Brazil_Cerrado/PXL_20260807_071223315.jpg,pretrained_l0,multi3,12,0.8841349353697411,0,0.0,0.0,0.0,0.0
B,dataset/2026-08-07__box_pictures_all_classes/class_006__Brazil_Cerrado/PXL_20260807_071223315.jpg,ft_s123,single,12,0.0633691767633145,0,0.9563535363555203,0.9629578289129163,0.9669777905790953,0.9590100359602323
B,dataset/2026-08-07__box_pictures_all_classes/class_006__Brazil_Cerrado/PXL_20260807_071223315.jpg,ft_s123,multi3,12,0.0,1,0.9642567081518838,0.9647068870480642,0.9648930717979779,0.9621017171197305
B,dataset/2026-08-07__box_pictures_all_classes/class_006__Brazil_Cerrado/PXL_20260807_071445562.jpg,pretrained_l0,single,11,1.0,0,0.0,0.0,0.4187857660997824,0.7335968891006748
B,dataset/2026-08-07__box_pictures_all_classes/class_006__Brazil_Cerrado/PXL_20260807_071445562.jpg,pretrained_l0,multi3,11,0.9437346734885411,0,0.0,0.0,0.0,0.0
B,dataset/2026-08-07__box_pictures_all_classes/class_006__Brazil_Cerrado/PXL_20260807_071445562.jpg,ft_s123,single,11,0.14285370606490727,0,0.9598903488335974,0.9631806761167511,0.9382003206022856,0.0132717460164714
B,dataset/2026-08-07__box_pictures_all_classes/class_006__Brazil_Cerrado/PXL_20260807_071445562.jpg,ft_s123,multi3,11,0.0,1,0.96306237918972,0.9289393612688372,0.4471698567087105,0.13313445762263335
B,dataset/2026-08-07__box_pictures_all_classes/class_006__Brazil_Cerrado/PXL_20260807_071704928.jpg,pretrained_l0,single,12,1.0,0,0.0,0.0,0.0,0.7256847050238306
B,dataset/2026-08-07__box_pictures_all_classes/class_006__Brazil_Cerrado/PXL_20260807_071704928.jpg,pretrained_l0,multi3,12,0.9440839001090287,0,0.0,0.0,0.0,0.0
B,dataset/2026-08-07__box_pictures_all_classes/class_006__Brazil_Cerrado/PXL_20260807_071704928.jpg,ft_s123,single,12,0.04650870466972535,0,0.9746571050616166,0.9229483234961697,0.761322303661631,0.0789312425366099
B,dataset/2026-08-07__box_pictures_all_classes/class_006__Brazil_Cerrado/PXL_20260807_071704928.jpg,ft_s123,multi3,12,0.0,1,0.9727554613730562,0.9049215333767733,0.7257372696277908,0.08523191502733958
B,dataset/2026-08-07__box_pictures_all_classes/class_006__Brazil_Cerrado/PXL_20260807_071751040.jpg,pretrained_l0,single,11,1.0,0,0.0,0.0,0.0,0.7443792206005434
B,dataset/2026-08-07__box_pictures_all_classes/class_006__Brazil_Cerrado/PXL_20260807_071751040.jpg,pretrained_l0,multi3,11,0.9447282996346275,0,0.0,0.0,0.0,0.0
B,dataset/2026-08-07__box_pictures_all_classes/class_006__Brazil_Cerrado/PXL_20260807_071751040.jpg,ft_s123,single,11,0.023342138296971144,0,0.9578526230455702,0.9038251031484189,0.7928268486077816,0.0009626417971367183
B,dataset/2026-08-07__box_pictures_all_classes/class_006__Brazil_Cerrado/PXL_20260807_071751040.jpg,ft_s123,multi3,11,0.0,1,0.9513195287235887,0.9013861234492265,0.8194231123671438,0.014593649644592649
B,dataset/2026-08-07__box_pictures_all_classes/class_006__Brazil_Cerrado/PXL_20260807_071821907.jpg,pretrained_l0,single,12,1.0,0,0.0,0.0,0.0,0.7388074069879381
B,dataset/2026-08-07__box_pictures_all_classes/class_006__Brazil_Cerrado/PXL_20260807_071821907.jpg,pretrained_l0,multi3,12,0.9579967689822294,0,0.0,0.0,0.0,0.0
B,dataset/2026-08-07__box_pictures_all_classes/class_006__Brazil_Cerrado/PXL_20260807_071821907.jpg,ft_s123,single,12,0.16160532245949136,0,0.9806587747764218,0.922550432276657,0.5212239204083823,0.04150506645409532
B,dataset/2026-08-07__box_pictures_all_classes/class_006__Brazil_Cerrado/PXL_20260807_071821907.jpg,ft_s123,multi3,12,0.0,1,0.9732905247869128,0.926432940382935,0.7459031471801082,0.06023791639201018
B,dataset/2026-08-07__box_pictures_all_classes/class_007__Brazil_MonteCristo/PXL_20260807_065951197.jpg,pretrained_l0,single,12,1.0,0,0.0,0.0,0.0,0.7634357575038557
B,dataset/2026-08-07__box_pictures_all_classes/class_007__Brazil_MonteCristo/PXL_20260807_065951197.jpg,pretrained_l0,multi3,12,0.9562303571561248,0,0.0,0.0,0.0,0.0
B,dataset/2026-08-07__box_pictures_all_classes/class_007__Brazil_MonteCristo/PXL_20260807_065951197.jpg,ft_s123,single,12,0.03243201243201243,0,0.9771607978330461,0.925624970868356,0.6084459984459984,7.77000777000777e-06
B,dataset/2026-08-07__box_pictures_all_classes/class_007__Brazil_MonteCristo/PXL_20260807_065951197.jpg,ft_s123,multi3,12,0.0,1,0.9735936773593677,0.9047552447552447,0.30234654234654235,0.01937839937839938
B,dataset/2026-08-07__box_pictures_all_classes/class_007__Brazil_MonteCristo/PXL_20260807_070025728.jpg,pretrained_l0,single,11,1.0,0,5.019141179315663e-05,6.469852448152955e-05,0.00020763727655397624,0.7072820632512545
B,dataset/2026-08-07__box_pictures_all_classes/class_007__Brazil_MonteCristo/PXL_20260807_070025728.jpg,pretrained_l0,multi3,11,0.9073751038773387,0,4.9754544248374685e-05,4.9983717425384155e-05,4.999144085936802e-05,5.004762106974515e-05
B,dataset/2026-08-07__box_pictures_all_classes/class_007__Brazil_MonteCristo/PXL_20260807_070025728.jpg,ft_s123,single,11,0.042733279985480585,0,0.9440164114128222,0.9528118682648075,0.9532922609229973,0.0
B,dataset/2026-08-07__box_pictures_all_classes/class_007__Brazil_MonteCristo/PXL_20260807_070025728.jpg,ft_s123,multi3,11,0.0,1,0.9492065757856922,0.9461400359066428,0.9489478499542543,0.9494833708747825
B,dataset/2026-08-07__box_pictures_all_classes/class_007__Brazil_MonteCristo/PXL_20260807_070243640.jpg,pretrained_l0,single,12,1.0,0,0.0,0.0,0.0,0.7427168405105612
B,dataset/2026-08-07__box_pictures_all_classes/class_007__Brazil_MonteCristo/PXL_20260807_070243640.jpg,pretrained_l0,multi3,12,0.9435169891458235,0,0.0,0.0,0.0,0.0
B,dataset/2026-08-07__box_pictures_all_classes/class_007__Brazil_MonteCristo/PXL_20260807_070243640.jpg,ft_s123,single,12,0.11943949482634655,0,0.9722420425637526,0.9183632001375462,0.42852230454218637,0.0004923567476319985
B,dataset/2026-08-07__box_pictures_all_classes/class_007__Brazil_MonteCristo/PXL_20260807_070243640.jpg,ft_s123,multi3,12,0.0,1,0.9645145967497022,0.9070781590690623,0.5547922723436182,0.22472568695489073
B,dataset/2026-08-07__box_pictures_all_classes/class_008__Ethiopia_Kochere/PXL_20260807_084612882.jpg,pretrained_l0,single,12,1.0,0,0.0,0.0,0.22985099273760878,0.7468320471254395
B,dataset/2026-08-07__box_pictures_all_classes/class_008__Ethiopia_Kochere/PXL_20260807_084612882.jpg,pretrained_l0,multi3,12,0.9554267103831521,0,0.0,0.0,0.0,0.0
B,dataset/2026-08-07__box_pictures_all_classes/class_008__Ethiopia_Kochere/PXL_20260807_084612882.jpg,ft_s123,single,12,0.12421372832259495,0,0.96791723907615,0.9153556392643475,0.6385918786924588,0.0031183362758810448
B,dataset/2026-08-07__box_pictures_all_classes/class_008__Ethiopia_Kochere/PXL_20260807_084612882.jpg,ft_s123,multi3,12,0.0,1,0.9663972971739031,0.8741984546128507,0.2223648912021645,0.0014750953461888274
B,dataset/2026-08-07__box_pictures_all_classes/class_008__Ethiopia_Kochere/PXL_20260807_085020084.jpg,pretrained_l0,single,11,1.0,0,0.0,0.00010937927262783702,0.0002458328336731023,0.0007438834498540601
B,dataset/2026-08-07__box_pictures_all_classes/class_008__Ethiopia_Kochere/PXL_20260807_085020084.jpg,pretrained_l0,multi3,11,0.9548819564656919,0,0.00015932230903117006,0.00012814540432890253,0.00013272040636575332,0.00012083953265310747
B,dataset/2026-08-07__box_pictures_all_classes/class_008__Ethiopia_Kochere/PXL_20260807_085020084.jpg,ft_s123,single,11,0.06983507442696973,0,0.9525585801619373,0.949662099092708,0.0002984869010171515,0.0
B,dataset/2026-08-07__box_pictures_all_classes/class_008__Ethiopia_Kochere/PXL_20260807_085020084.jpg,ft_s123,multi3,11,0.0,1,0.9490948797753727,0.9484216795711733,0.7797433918432535,0.4084692448396997
B,dataset/2026-08-07__box_pictures_all_classes/class_009__Vietnam/PXL_20260807_083314388.jpg,pretrained_l0,single,11,1.0,0,0.0,0.0,0.515169064908451,0.7660676430911544
B,dataset/2026-08-07__box_pictures_all_classes/class_009__Vietnam/PXL_20260807_083314388.jpg,pretrained_l0,multi3,11,0.9413802035152636,0,0.0,0.0,0.0,0.0
B,dataset/2026-08-07__box_pictures_all_classes/class_009__Vietnam/PXL_20260807_083314388.jpg,ft_s123,single,11,0.062411559384925,0,0.9707565904754488,0.7483412471305934,0.014858023332599604,0.1927926794754882
B,dataset/2026-08-07__box_pictures_all_classes/class_009__Vietnam/PXL_20260807_083314388.jpg,ft_s123,multi3,11,0.0,1,0.9622018348623853,0.8590531744284771,0.3950583314990095,0.488451621018207
B,dataset/2026-08-07__box_pictures_all_classes/class_009__Vietnam/PXL_20260807_083443755.jpg,pretrained_l0,single,12,1.0,0,0.0,0.0,0.4108232161662726,0.6803501209299264
B,dataset/2026-08-07__box_pictures_all_classes/class_009__Vietnam/PXL_20260807_083443755.jpg,pretrained_l0,multi3,12,0.8948237806021611,0,0.0,0.0,0.0,0.0
B,dataset/2026-08-07__box_pictures_all_classes/class_009__Vietnam/PXL_20260807_083443755.jpg,ft_s123,single,12,0.006634261162567612,0,0.9645056675553892,0.9753751047447391,0.9767614991754855,0.9225487193539548
B,dataset/2026-08-07__box_pictures_all_classes/class_009__Vietnam/PXL_20260807_083443755.jpg,ft_s123,multi3,12,0.0,1,0.9696626829785729,0.9742237657517007,0.9667457286432161,0.9520849103705971
B,dataset/2026-08-07__box_pictures_all_classes/class_009__Vietnam/PXL_20260807_083612348.jpg,pretrained_l0,single,11,1.0,0,0.0,0.0,0.3230806329139902,0.7638913319059374
B,dataset/2026-08-07__box_pictures_all_classes/class_009__Vietnam/PXL_20260807_083612348.jpg,pretrained_l0,multi3,11,0.8764596990827731,0,0.0,0.0,0.0,0.0
B,dataset/2026-08-07__box_pictures_all_classes/class_009__Vietnam/PXL_20260807_083612348.jpg,ft_s123,single,11,0.34040272506391833,0,0.9607496103936786,0.7508217807631842,3.970081466071684e-05,0.3371313779358752
B,dataset/2026-08-07__box_pictures_all_classes/class_009__Vietnam/PXL_20260807_083612348.jpg,ft_s123,multi3,11,0.0,1,0.9547757301671091,0.49553762843213545,0.257364501119563,0.07783741722380143
B,dataset/2026-08-07__box_pictures_all_classes/class_009__Vietnam/PXL_20260807_083723300.jpg,pretrained_l0,single,11,1.0,0,0.0,0.0,0.0,0.809245508982036
B,dataset/2026-08-07__box_pictures_all_classes/class_009__Vietnam/PXL_20260807_083723300.jpg,pretrained_l0,multi3,11,0.9114804297826131,0,0.0,0.0,0.0,0.0
B,dataset/2026-08-07__box_pictures_all_classes/class_009__Vietnam/PXL_20260807_083723300.jpg,ft_s123,single,11,0.016434321908482805,0,0.9546641418437618,0.8633921832684652,0.7030944770023086,0.06002486236902859
B,dataset/2026-08-07__box_pictures_all_classes/class_009__Vietnam/PXL_20260807_083723300.jpg,ft_s123,multi3,11,0.0,1,0.924695139998816,0.7657461670514414,0.7739744272775706,0.6722311016397324
B,dataset/2026-08-07__box_pictures_all_classes/class_009__Vietnam/PXL_20260807_083852883.jpg,pretrained_l0,single,12,1.0,0,0.0,1.0724419196097537e-05,4.264808022713149e-05,0.7589885732307916
B,dataset/2026-08-07__box_pictures_all_classes/class_009__Vietnam/PXL_20260807_083852883.jpg,pretrained_l0,multi3,12,0.9257456143595966,0,1.0604389611333971e-05,1.0635453131077401e-05,1.0640400079042972e-05,1.0655073946213187e-05
B,dataset/2026-08-07__box_pictures_all_classes/class_009__Vietnam/PXL_20260807_083852883.jpg,ft_s123,single,12,0.040419054011938724,0,0.9441244019868914,0.945393492608746,0.9232725565380703,0.0
B,dataset/2026-08-07__box_pictures_all_classes/class_009__Vietnam/PXL_20260807_083852883.jpg,ft_s123,multi3,12,0.0,1,0.9417035882393593,0.9424291491761889,0.9413384191826752,0.9383125651016551
B,dataset/2026-08-07__box_pictures_all_classes/class_009__Vietnam/PXL_20260807_084107678.jpg,pretrained_l0,single,12,1.0,0,0.0,3.052941050761251e-06,9.829700439879095e-06,0.7567455848170425
B,dataset/2026-08-07__box_pictures_all_classes/class_009__Vietnam/PXL_20260807_084107678.jpg,pretrained_l0,multi3,12,0.9508548779660762,0,3.019109453284565e-06,3.028559314334171e-06,3.029876093217168e-06,3.0341785037555544e-06
B,dataset/2026-08-07__box_pictures_all_classes/class_009__Vietnam/PXL_20260807_084107678.jpg,ft_s123,single,12,0.021358623801645042,0,0.9609591877425193,0.9622675167139777,0.89299216265065,0.1936209121351499
B,dataset/2026-08-07__box_pictures_all_classes/class_009__Vietnam/PXL_20260807_084107678.jpg,ft_s123,multi3,12,0.0,1,0.9579366306027821,0.9415813735448082,0.882189012307668,0.7497844060287195
B,dataset/2026-08-09__pixel_cam/class_007__Brazil_MonteCristo/PXL_20260809_135701025.jpg,pretrained_l0,single,11,1.0,0,0.9782795516024083,0.989225265875012,0.9801125374106725,0.842636073932441
B,dataset/2026-08-09__pixel_cam/class_007__Brazil_MonteCristo/PXL_20260809_135701025.jpg,pretrained_l0,multi3,11,0.9974252960209236,0,0.9890081296685304,0.9830568800202366,0.9943144994243336,0.9909973153457684
B,dataset/2026-08-09__pixel_cam/class_007__Brazil_MonteCristo/PXL_20260809_135701025.jpg,ft_s123,single,11,0.9816717083266996,0,0.9933854312029026,0.9935758241841919,0.9924813366964111,0.9888583529938171
B,dataset/2026-08-09__pixel_cam/class_007__Brazil_MonteCristo/PXL_20260809_135701025.jpg,ft_s123,multi3,11,0.9931484010188647,0,0.9923341649302956,0.9925149282707061,0.9925469999581292,0.9924664268813317
B,dataset/2026-08-09__pixel_cam/class_009__Vietnam_Robusta/PXL_20260809_141045769.jpg,pretrained_l0,single,10,1.0,0,0.9654500827063657,0.988235877458858,0.9959070051225992,0.9847955643015888
B,dataset/2026-08-09__pixel_cam/class_009__Vietnam_Robusta/PXL_20260809_141045769.jpg,pretrained_l0,multi3,10,0.9982822945183676,0,0.9886350933886145,0.9568639418155925,0.99478427841565,0.993850785323688
B,dataset/2026-08-09__pixel_cam/class_009__Vietnam_Robusta/PXL_20260809_141045769.jpg,ft_s123,single,10,0.9693832834816992,0,0.9891476055072762,0.9941397123062232,0.9938965603529198,0.9940783211913503
B,dataset/2026-08-09__pixel_cam/class_009__Vietnam_Robusta/PXL_20260809_141045769.jpg,ft_s123,multi3,10,0.9936568556998154,0,0.9883365375579999,0.9911592591415954,0.9939943527091493,0.9942313946279941
B,dataset/2026-08-25__iphone/class_001__Ethiopia_Sidamo/IMG_6304D.HEIC,pretrained_l0,single,11,1.0,0,0.0,0.6696245048393829,0.831676284673344,0.8181200380565572
B,dataset/2026-08-25__iphone/class_001__Ethiopia_Sidamo/IMG_6304D.HEIC,pretrained_l0,multi3,11,0.996606897358645,0,0.0,0.0,0.896464161379706,0.9746583274094797
B,dataset/2026-08-25__iphone/class_001__Ethiopia_Sidamo/IMG_6304D.HEIC,ft_s123,single,11,0.9031434432604236,0,0.9931768046559655,0.9791192827480961,0.0,0.016129552944905368
B,dataset/2026-08-25__iphone/class_001__Ethiopia_Sidamo/IMG_6304D.HEIC,ft_s123,multi3,11,0.9366439612491599,0,0.9955940821443304,0.9955816039920956,0.9942156517658102,0.9647298094447102
B,dataset/2026-08-25__iphone/class_001__Ethiopia_Sidamo/IMG_6305.HEIC,pretrained_l0,single,11,1.0,0,0.0,0.6733787636108599,0.8024936410963464,0.7412310798178093
B,dataset/2026-08-25__iphone/class_001__Ethiopia_Sidamo/IMG_6305.HEIC,pretrained_l0,multi3,11,0.9975535221699297,0,0.0,0.7362812586747463,0.9009188373507778,0.9728537833882805
B,dataset/2026-08-25__iphone/class_001__Ethiopia_Sidamo/IMG_6305.HEIC,ft_s123,single,11,0.8980415537805523,0,0.9924325618888512,0.9353721515435807,0.4343828454022837,0.0029459987900362114
B,dataset/2026-08-25__iphone/class_001__Ethiopia_Sidamo/IMG_6305.HEIC,ft_s123,multi3,11,0.9685117153136408,0,0.9955476558174772,0.9960174473734117,0.9958080703403461,0.9927824301391229
B,dataset/2026-08-25__iphone/class_001__Ethiopia_Sidamo/IMG_6309.HEIC,pretrained_l0,single,11,1.0,0,0.0,0.5597002495225435,0.9506999491695401,0.986083338847826
B,dataset/2026-08-25__iphone/class_001__Ethiopia_Sidamo/IMG_6309.HEIC,pretrained_l0,multi3,11,0.996897201431263,0,2.2265443377012894e-05,0.0,0.0,0.8271965986915101
B,dataset/2026-08-25__iphone/class_001__Ethiopia_Sidamo/IMG_6309.HEIC,ft_s123,single,11,0.6916364981176559,0,0.9912638793456859,0.9745693665166215,0.9362227724631693,6.067417678143717e-05
B,dataset/2026-08-25__iphone/class_001__Ethiopia_Sidamo/IMG_6309.HEIC,ft_s123,multi3,11,0.11060902427255996,0,0.9950410648296394,0.9939970374990255,0.9638266336522099,0.8724744373914727
B,dataset/2026-08-25__iphone/class_002__Kenya_AA/IMG_6279D.HEIC,pretrained_l0,single,8,1.0,0,0.0,0.6632059256518756,0.7912859177929884,0.8955759115507332
B,dataset/2026-08-25__iphone/class_002__Kenya_AA/IMG_6279D.HEIC,pretrained_l0,multi3,8,0.9979259533527528,0,0.0,0.8084821187955935,0.843530362622002,0.9644477616143977
B,dataset/2026-08-25__iphone/class_002__Kenya_AA/IMG_6279D.HEIC,ft_s123,single,8,0.9036590451038988,0,0.9837377185895598,0.9576557323881669,0.8974911390645632,0.4137622489401626
B,dataset/2026-08-25__iphone/class_002__Kenya_AA/IMG_6279D.HEIC,ft_s123,multi3,8,0.7969224175875089,0,0.990670923558306,0.9911637825029006,0.9835873795404003,0.964787916695624
B,dataset/2026-08-25__iphone/class_002__Kenya_AA/IMG_6283.HEIC,pretrained_l0,single,10,1.0,0,0.0,0.523319914991669,0.9185889430501283,0.9795903122935041
B,dataset/2026-08-25__iphone/class_002__Kenya_AA/IMG_6283.HEIC,pretrained_l0,multi3,10,0.9975319590877001,0,0.0,0.0,0.0,0.9395689974865055
B,dataset/2026-08-25__iphone/class_002__Kenya_AA/IMG_6283.HEIC,ft_s123,single,10,0.9402548269772772,0,0.9928810438797726,0.9539200551988679,0.9397782689541452,0.19959887263329007
B,dataset/2026-08-25__iphone/class_002__Kenya_AA/IMG_6283.HEIC,ft_s123,multi3,10,0.921727537452198,0,0.9960636014542481,0.9771282722972301,0.9371586616613455,0.017159012501608017
B,dataset/2026-08-25__iphone/class_003__Colombia_PinkBourbon/IMG_6262.HEIC,pretrained_l0,single,11,1.0,0,0.0,0.5281600671006417,0.8983230491541787,0.9814181862345368
B,dataset/2026-08-25__iphone/class_003__Colombia_PinkBourbon/IMG_6262.HEIC,pretrained_l0,multi3,11,0.9973325490173238,0,4.704437199030363e-05,5.474367642107741e-06,0.0,0.9063417475214105
B,dataset/2026-08-25__iphone/class_003__Colombia_PinkBourbon/IMG_6262.HEIC,ft_s123,single,11,0.8657161706922624,0,0.9866484130760317,0.9818195087063769,0.9675675360085008,0.8062517880183794
B,dataset/2026-08-25__iphone/class_003__Colombia_PinkBourbon/IMG_6262.HEIC,ft_s123,multi3,11,0.9046876733283122,0,0.9932299201941476,0.9891089860352156,0.9731403149247718,0.0002393755218094454
B,dataset/2026-08-25__iphone/class_003__Colombia_PinkBourbon/IMG_6263.HEIC,pretrained_l0,single,11,1.0,0,0.0,0.49061547588581533,0.7494912431479247,0.8625607798198074
B,dataset/2026-08-25__iphone/class_003__Colombia_PinkBourbon/IMG_6263.HEIC,pretrained_l0,multi3,11,0.9947487003766854,0,0.0,0.0,0.0,0.8680777378460971
B,dataset/2026-08-25__iphone/class_003__Colombia_PinkBourbon/IMG_6263.HEIC,ft_s123,single,11,0.8925153576873962,0,0.9903068323860287,0.9776985440057095,0.9737171944166733,0.816229750413618
B,dataset/2026-08-25__iphone/class_003__Colombia_PinkBourbon/IMG_6263.HEIC,ft_s123,multi3,11,0.6160917302945313,0,0.9950793604051945,0.9935107054196372,0.9708565210082547,0.9359975934953595
B,dataset/2026-08-25__iphone/class_003__Colombia_PinkBourbon/IMG_6264.HEIC,pretrained_l0,single,12,1.0,0,0.0,0.5477608354006208,0.754015699263508,0.8862592594669463
B,dataset/2026-08-25__iphone/class_003__Colombia_PinkBourbon/IMG_6264.HEIC,pretrained_l0,multi3,12,0.9950850695006489,0,0.0,0.0,0.7401834581198826,0.9591502943189207
B,dataset/2026-08-25__iphone/class_003__Colombia_PinkBourbon/IMG_6264.HEIC,ft_s123,single,12,0.8244191273897407,0,0.9913629199894735,0.9688061943971229,0.8921126727238311,0.25527044293015333
B,dataset/2026-08-25__iphone/class_003__Colombia_PinkBourbon/IMG_6264.HEIC,ft_s123,multi3,12,0.6101587639598712,0,0.9954382765773502,0.9874736817203283,0.9395555318947567,0.0018366695059625212
B,dataset/2026-08-25__iphone/class_005__Guatemala_Tata/IMG_6338.HEIC,pretrained_l0,single,9,1.0,0,0.0,0.6596681904284797,0.8781039142481143,0.8836005905889485
B,dataset/2026-08-25__iphone/class_005__Guatemala_Tata/IMG_6338.HEIC,pretrained_l0,multi3,9,0.9967030562520698,0,0.0,0.727599037648966,0.8698262129079065,0.9617555880939852
B,dataset/2026-08-25__iphone/class_005__Guatemala_Tata/IMG_6338.HEIC,ft_s123,single,9,0.8872156170284627,0,0.9885027181315362,0.9817466571084951,0.9300620985518239,0.0006162488223129478
B,dataset/2026-08-25__iphone/class_005__Guatemala_Tata/IMG_6338.HEIC,ft_s123,multi3,9,0.8598761591562232,0,0.9930010610722445,0.9917347545728143,0.9885228329296387,0.9836731792277342
B,dataset/2026-08-25__iphone/class_006__Brazil_Cerrado/IMG_6246.HEIC,pretrained_l0,single,11,1.0,0,0.0,0.6438301980522828,0.754018749039496,0.7665069442429626
B,dataset/2026-08-25__iphone/class_006__Brazil_Cerrado/IMG_6246.HEIC,pretrained_l0,multi3,11,0.9925841150936089,0,0.0005387395045922053,0.0005304964282063657,0.0003921863027315841,0.00018728077419791157
B,dataset/2026-08-25__iphone/class_006__Brazil_Cerrado/IMG_6246.HEIC,ft_s123,single,11,0.9421513591577182,0,0.9572133190468426,0.9669906361370572,0.9393561761896998,0.0
B,dataset/2026-08-25__iphone/class_006__Brazil_Cerrado/IMG_6246.HEIC,ft_s123,multi3,11,0.969244252405022,0,0.9845627969812727,0.9834416454118771,0.9816304069320537,0.9717628287251636
B,dataset/2026-08-25__iphone/class_006__Brazil_Cerrado/IMG_6247.HEIC,pretrained_l0,single,12,1.0,0,0.0,0.6501266725863646,0.7456857961782039,0.9706006144437223
B,dataset/2026-08-25__iphone/class_006__Brazil_Cerrado/IMG_6247.HEIC,pretrained_l0,multi3,12,0.9930484761134741,0,5.212826681332086e-06,6.5212174330401396e-06,7.857794867026467e-06,0.0
B,dataset/2026-08-25__iphone/class_006__Brazil_Cerrado/IMG_6247.HEIC,ft_s123,single,12,0.9290541636798617,0,0.9595623482629332,0.0,0.9032540686920891,0.5575015265892015
B,dataset/2026-08-25__iphone/class_006__Brazil_Cerrado/IMG_6247.HEIC,ft_s123,multi3,12,0.9715390674088693,0,0.9929006294500051,0.989101484498742,0.9851326995064882,0.9775746258750232
B,dataset/2026-08-25__iphone/class_006__Brazil_Cerrado/IMG_6248.HEIC,pretrained_l0,single,11,1.0,0,0.0,0.6520229483087234,0.8573090619092926,0.966462295688294
B,dataset/2026-08-25__iphone/class_006__Brazil_Cerrado/IMG_6248.HEIC,pretrained_l0,multi3,11,0.9394179901495815,0,0.0003680587437361734,0.00044215506378086797,0.0003253814446675838,0.00020896197154963043
B,dataset/2026-08-25__iphone/class_006__Brazil_Cerrado/IMG_6248.HEIC,ft_s123,single,11,0.951798929650105,0,0.9668150319986341,0.9658818611606643,0.9001095077450236,0.0
B,dataset/2026-08-25__iphone/class_006__Brazil_Cerrado/IMG_6248.HEIC,ft_s123,multi3,11,0.961725276860307,0,0.9876553021272086,0.9882942996153042,0.9830000058874439,0.977880678121771
B,dataset/2026-08-25__iphone/class_006__Brazil_Cerrado/IMG_6251.HEIC,pretrained_l0,single,12,1.0,0,0.0,0.6547908386469562,0.758400360322966,0.92521010666954
B,dataset/2026-08-25__iphone/class_006__Brazil_Cerrado/IMG_6251.HEIC,pretrained_l0,multi3,12,0.9902273932796752,0,0.0006574196537417272,0.0007067257604147515,0.0006339531264411716,0.0005130136630474311
B,dataset/2026-08-25__iphone/class_006__Brazil_Cerrado/IMG_6251.HEIC,ft_s123,single,12,0.9361280931586609,0,0.9645269286754002,0.9727714701601164,0.9601397379912664,0.0
B,dataset/2026-08-25__iphone/class_006__Brazil_Cerrado/IMG_6251.HEIC,ft_s123,multi3,12,0.9722970238805709,0,0.9857682634312196,0.9831095145077102,0.9840938995563525,0.980870896747674
B,dataset/2026-08-25__iphone/class_006__Brazil_Cerrado/IMG_6255.HEIC,pretrained_l0,single,11,1.0,0,0.0,0.6370734593606758,0.6568338629404974,0.6880256582925345
B,dataset/2026-08-25__iphone/class_006__Brazil_Cerrado/IMG_6255.HEIC,pretrained_l0,multi3,11,0.9767832432835907,0,0.001028847806783416,0.0010832471561530506,0.0009077535882813027,0.00047456093362387733
B,dataset/2026-08-25__iphone/class_006__Brazil_Cerrado/IMG_6255.HEIC,ft_s123,single,11,0.934969242209153,0,0.9395895238347162,0.9521659774452664,0.9265839600986365,0.0
B,dataset/2026-08-25__iphone/class_006__Brazil_Cerrado/IMG_6255.HEIC,ft_s123,multi3,11,0.9610626647738796,0,0.9816165665447962,0.9824222136666481,0.9824371664354736,0.9782190846784148
B,dataset/2026-08-25__iphone/class_006__Brazil_Cerrado/IMG_6325.HEIC,pretrained_l0,single,11,1.0,0,0.0,0.5293342493130152,0.8838296407919367,0.9346762775131935
B,dataset/2026-08-25__iphone/class_006__Brazil_Cerrado/IMG_6325.HEIC,pretrained_l0,multi3,11,0.9974799885775183,0,0.0,0.0,0.6424988297632426,0.8983246739476195
B,dataset/2026-08-25__iphone/class_006__Brazil_Cerrado/IMG_6325.HEIC,ft_s123,single,11,0.8815466569132933,0,0.9909426218633078,0.987805453483777,0.9581922437084842,0.0
B,dataset/2026-08-25__iphone/class_006__Brazil_Cerrado/IMG_6325.HEIC,ft_s123,multi3,11,0.8962829028870771,0,0.9946027277866767,0.9902493822937982,0.9306222494897176,0.0753064643628255
B,dataset/2026-08-25__iphone/class_007__Brazil_MonteCristo/IMG_6297.HEIC,pretrained_l0,single,12,1.0,0,0.0,0.5428288550027186,0.8261997854745511,0.9581325586807921
B,dataset/2026-08-25__iphone/class_007__Brazil_MonteCristo/IMG_6297.HEIC,pretrained_l0,multi3,12,0.9942240371660307,0,0.0,0.631119606895927,0.8682903397509965,0.9641664407542208
B,dataset/2026-08-25__iphone/class_007__Brazil_MonteCristo/IMG_6297.HEIC,ft_s123,single,12,0.9108783595901367,0,0.9945791206593413,0.9848172720722121,0.9547589646377816,0.8969421712467821
B,dataset/2026-08-25__iphone/class_007__Brazil_MonteCristo/IMG_6297.HEIC,ft_s123,multi3,12,0.939318828056558,0,0.9946940682480307,0.9956683851823547,0.9905019582050285,0.025199355365327865
B,dataset/2026-08-25__oneplus/class_001__Ethiopia_Sidamo/PXL_20260825_194655549.jpg,pretrained_l0,single,10,1.0,0,0.0,0.5884035705771726,0.8036931660500932,0.8112698121290006
B,dataset/2026-08-25__oneplus/class_001__Ethiopia_Sidamo/PXL_20260825_194655549.jpg,pretrained_l0,multi3,10,0.9975303831802311,0,0.0,0.6685433598356907,0.9419133816870277,0.9822577500487425
B,dataset/2026-08-25__oneplus/class_001__Ethiopia_Sidamo/PXL_20260825_194655549.jpg,ft_s123,single,10,0.7299627681756407,0,0.9848883501990585,0.9717386151921444,0.9327037024814215,0.19421451651130905
B,dataset/2026-08-25__oneplus/class_001__Ethiopia_Sidamo/PXL_20260825_194655549.jpg,ft_s123,multi3,10,0.913913781775307,0,0.9931022900397068,0.98907187425006,0.9879554576926077,0.9871934098108861
B,dataset/2026-08-25__oneplus/class_001__Ethiopia_Sidamo/PXL_20260825_194754083.jpg,pretrained_l0,single,10,1.0,0,1.4947856892539856e-05,0.5810148293976924,0.8393452827678646,0.9574450364030616
B,dataset/2026-08-25__oneplus/class_001__Ethiopia_Sidamo/PXL_20260825_194754083.jpg,pretrained_l0,multi3,10,0.9969084919582035,0,1.483593923858663e-05,0.650157258667682,0.875451244650462,0.9700100353266702
B,dataset/2026-08-25__oneplus/class_001__Ethiopia_Sidamo/PXL_20260825_194754083.jpg,ft_s123,single,10,0.8814170080405884,0,0.9845015671733213,0.9312172632119925,0.6376386784870188,0.010203868207256548
B,dataset/2026-08-25__oneplus/class_001__Ethiopia_Sidamo/PXL_20260825_194754083.jpg,ft_s123,multi3,10,0.8344463467761454,0,0.9932396115762694,0.9845258867960608,0.9855864900234848,0.9771869593667925
B,dataset/2026-08-25__oneplus/class_002__Kenya_AA/PXL_20260825_195419007.jpg,pretrained_l0,single,7,1.0,0,0.0,0.4920284961498279,0.7650231018866541,0.8468111969944261
B,dataset/2026-08-25__oneplus/class_002__Kenya_AA/PXL_20260825_195419007.jpg,pretrained_l0,multi3,7,0.9970667025845942,0,0.0,0.6529755570856285,0.9065118034754602,0.9823330298986293
B,dataset/2026-08-25__oneplus/class_002__Kenya_AA/PXL_20260825_195419007.jpg,ft_s123,single,7,0.425433314760561,0,0.9856001965107362,0.9659159671920964,0.20364445722570712,0.009648854778894142
B,dataset/2026-08-25__oneplus/class_002__Kenya_AA/PXL_20260825_195419007.jpg,ft_s123,multi3,7,0.8735823283067023,0,0.9932504057542237,0.990531732624037,0.977317252907238,0.9007165495383768
B,dataset/2026-08-25__oneplus/class_003__Colombia_PinkBourbon/PXL_20260825_193337626.jpg,pretrained_l0,single,10,1.0,0,0.0,0.5316459063049105,0.6302829189809475,0.610875695302843
B,dataset/2026-08-25__oneplus/class_003__Colombia_PinkBourbon/PXL_20260825_193337626.jpg,pretrained_l0,multi3,10,0.9965687098722763,0,0.0,0.6335183371422353,0.9177834356918807,0.9504212986750699
B,dataset/2026-08-25__oneplus/class_003__Colombia_PinkBourbon/PXL_20260825_193337626.jpg,ft_s123,single,10,0.9194871714789887,0,0.9887864238307225,0.9908672093487815,0.9777659790433656,0.8949232474975405
B,dataset/2026-08-25__oneplus/class_003__Colombia_PinkBourbon/PXL_20260825_193337626.jpg,ft_s123,multi3,10,0.9507628402329903,0,0.9945827839752641,0.9942999054664124,0.991371988158733,0.9926196036315047
B,dataset/2026-08-25__oneplus/class_003__Colombia_PinkBourbon/PXL_20260825_193337626-2.jpg,pretrained_l0,single,10,1.0,0,0.0,0.5316459063049105,0.6302829189809475,0.610875695302843
B,dataset/2026-08-25__oneplus/class_003__Colombia_PinkBourbon/PXL_20260825_193337626-2.jpg,pretrained_l0,multi3,10,0.9965687098722763,0,0.0,0.6335183371422353,0.9177834356918807,0.9504212986750699
B,dataset/2026-08-25__oneplus/class_003__Colombia_PinkBourbon/PXL_20260825_193337626-2.jpg,ft_s123,single,10,0.9194871714789887,0,0.9887864238307225,0.9908672093487815,0.9777659790433656,0.8949232474975405
B,dataset/2026-08-25__oneplus/class_003__Colombia_PinkBourbon/PXL_20260825_193337626-2.jpg,ft_s123,multi3,10,0.9507628402329903,0,0.9945827839752641,0.9942999054664124,0.991371988158733,0.9926196036315047
B,dataset/2026-08-25__oneplus/class_003__Colombia_PinkBourbon/PXL_20260825_193403827.jpg,pretrained_l0,single,10,1.0,0,0.0,0.5804946874370123,0.8884952235890134,0.9498628784228341
B,dataset/2026-08-25__oneplus/class_003__Colombia_PinkBourbon/PXL_20260825_193403827.jpg,pretrained_l0,multi3,10,0.996084111312533,0,0.0,0.6435414430554502,0.8300929143180706,0.9349116031557659
B,dataset/2026-08-25__oneplus/class_003__Colombia_PinkBourbon/PXL_20260825_193403827.jpg,ft_s123,single,10,0.9177452405826935,0,0.987543827560444,0.9653037625825012,0.9037917233725289,0.7131639236013156
B,dataset/2026-08-25__oneplus/class_003__Colombia_PinkBourbon/PXL_20260825_193403827.jpg,ft_s123,multi3,10,0.9399109033360098,0,0.9943633531235386,0.9936901579473963,0.9915604098609622,0.9789783366194214
B,dataset/2026-08-25__oneplus/class_003__Colombia_PinkBourbon/PXL_20260825_193454933.jpg,pretrained_l0,single,9,1.0,0,0.0,0.47733833083751176,0.629183254962921,0.5851221147399674
B,dataset/2026-08-25__oneplus/class_003__Colombia_PinkBourbon/PXL_20260825_193454933.jpg,pretrained_l0,multi3,9,0.998113265243716,0,0.0,0.6365035935331993,0.7667209712858457,0.9498559832416863
B,dataset/2026-08-25__oneplus/class_003__Colombia_PinkBourbon/PXL_20260825_193454933.jpg,ft_s123,single,9,0.7219359559609209,0,0.9920229210924252,0.9902525937468429,0.9883628013777267,0.973498173713103
B,dataset/2026-08-25__oneplus/class_003__Colombia_PinkBourbon/PXL_20260825_193454933.jpg,ft_s123,multi3,9,0.8943447870454566,0,0.9960216699819416,0.9949602665826202,0.9889324650752684,0.9838466225173673
B,dataset/2026-08-25__oneplus/class_004__CostaRica_LaPastora/PXL_20260825_195610599.jpg,pretrained_l0,single,12,1.0,0,0.0,0.6016110155164842,0.7749602954215505,0.6369316734425061
B,dataset/2026-08-25__oneplus/class_004__CostaRica_LaPastora/PXL_20260825_195610599.jpg,pretrained_l0,multi3,12,0.9949902111156834,0,0.0,0.6811711088921321,0.913872023221662,0.9558026436361676
B,dataset/2026-08-25__oneplus/class_004__CostaRica_LaPastora/PXL_20260825_195610599.jpg,ft_s123,single,12,0.9138528328363446,0,0.9918427094215455,0.9891735858035591,0.9658831783897562,0.0003100959731375448
B,dataset/2026-08-25__oneplus/class_004__CostaRica_LaPastora/PXL_20260825_195610599.jpg,ft_s123,multi3,12,0.8430977021575162,0,0.9929231833521861,0.9942486566148255,0.9907239571104328,0.9832222016906208
B,dataset/2026-08-25__oneplus/class_004__CostaRica_LaPastora/PXL_20260825_195621315.jpg,pretrained_l0,single,8,1.0,0,0.0,0.513658608364622,0.6359734899999608,0.7735463957393884
B,dataset/2026-08-25__oneplus/class_004__CostaRica_LaPastora/PXL_20260825_195621315.jpg,pretrained_l0,multi3,8,0.99715792998983,0,0.0,0.6489964446380786,0.8766259712630334,0.9605239755264655
B,dataset/2026-08-25__oneplus/class_004__CostaRica_LaPastora/PXL_20260825_195621315.jpg,ft_s123,single,8,0.8767259961815607,0,0.9854103156274057,0.9770647287060418,0.9617632567592536,0.2491100572765905
B,dataset/2026-08-25__oneplus/class_004__CostaRica_LaPastora/PXL_20260825_195621315.jpg,ft_s123,multi3,8,0.8453316499353328,0,0.9926382784897392,0.9897416319795079,0.9874430348565094,0.9787861058077231
B,dataset/2026-08-25__oneplus/class_005__Guatemala_Tata/PXL_20260825_194059793.jpg,pretrained_l0,single,9,1.0,0,0.0,0.4822602615395741,0.6594287306224046,0.7638850792980976
B,dataset/2026-08-25__oneplus/class_005__Guatemala_Tata/PXL_20260825_194059793.jpg,pretrained_l0,multi3,9,0.9980152974763744,0,0.0,0.6339600572436671,0.8919939268220215,0.9492846949075847
B,dataset/2026-08-25__oneplus/class_005__Guatemala_Tata/PXL_20260825_194059793.jpg,ft_s123,single,9,0.8836861928137018,0,0.9863981110693657,0.9727711204039429,0.9538355331685875,0.36834436560131717
B,dataset/2026-08-25__oneplus/class_005__Guatemala_Tata/PXL_20260825_194059793.jpg,ft_s123,multi3,9,0.9398820305889612,0,0.9945278432617963,0.9932242205868882,0.9841649484536082,0.9642456769495347
B,dataset/2026-08-25__oneplus/class_005__Guatemala_Tata/PXL_20260825_194250056.jpg,pretrained_l0,single,12,1.0,0,0.0,0.526304425818873,0.6770301507852485,0.7901516167986046
B,dataset/2026-08-25__oneplus/class_005__Guatemala_Tata/PXL_20260825_194250056.jpg,pretrained_l0,multi3,12,0.997585746047583,0,0.0,0.6674486417298935,0.890556266441136,0.969249961109981
B,dataset/2026-08-25__oneplus/class_005__Guatemala_Tata/PXL_20260825_194250056.jpg,ft_s123,single,12,0.8670247205145123,0,0.9884610641839817,0.9765655108200684,0.4040900766465441,0.0004162221824841373
B,dataset/2026-08-25__oneplus/class_005__Guatemala_Tata/PXL_20260825_194250056.jpg,ft_s123,multi3,12,0.8934378719022279,0,0.9950790915245892,0.9936004683335644,0.990329958940087,0.9793402825950899
B,dataset/2026-08-25__oneplus/class_006__Brazil_Cerrado/PXL_20260825_192658754.jpg,pretrained_l0,single,9,1.0,0,0.0,0.500534564652533,0.4915972857961163,0.1652929163693625
B,dataset/2026-08-25__oneplus/class_006__Brazil_Cerrado/PXL_20260825_192658754.jpg,pretrained_l0,multi3,9,0.997320614053636,0,0.0,0.7254150422227439,0.9465783323021929,0.9742974539152169
B,dataset/2026-08-25__oneplus/class_006__Brazil_Cerrado/PXL_20260825_192658754.jpg,ft_s123,single,9,0.8551070464024001,0,0.9864601258721378,0.9745139134616257,0.9126511034292956,0.3467190481807102
B,dataset/2026-08-25__oneplus/class_006__Brazil_Cerrado/PXL_20260825_192658754.jpg,ft_s123,multi3,9,0.9101832445690471,0,0.9937858537499471,0.9900389491000581,0.9859614529684481,0.9784062349728263
B,dataset/2026-08-25__oneplus/class_006__Brazil_Cerrado/PXL_20260825_192708927.jpg,pretrained_l0,single,10,1.0,0,0.0,0.5271233959434355,0.8455296601356129,0.9314376041747353
B,dataset/2026-08-25__oneplus/class_006__Brazil_Cerrado/PXL_20260825_192708927.jpg,pretrained_l0,multi3,10,0.9952686935538626,0,0.0,0.0,0.6716058502604059,0.9388019406162207
B,dataset/2026-08-25__oneplus/class_006__Brazil_Cerrado/PXL_20260825_192708927.jpg,ft_s123,single,10,0.9146519437505953,0,0.9860217630396982,0.986312268274627,0.3060750463163522,0.004725343263313455
B,dataset/2026-08-25__oneplus/class_006__Brazil_Cerrado/PXL_20260825_192708927.jpg,ft_s123,multi3,10,0.8462942309642096,0,0.9926093255088762,0.9919736034376918,0.983910560288547,0.9762781123264103
B,dataset/2026-08-25__oneplus/class_006__Brazil_Cerrado/PXL_20260825_192721855.jpg,pretrained_l0,single,10,1.0,0,0.0,0.5475070649810341,0.6980744973155182,0.7649817956737954
B,dataset/2026-08-25__oneplus/class_006__Brazil_Cerrado/PXL_20260825_192721855.jpg,pretrained_l0,multi3,10,0.9970273683952988,0,0.0,0.6655104235318603,0.8955220192101752,0.9653220162046099
B,dataset/2026-08-25__oneplus/class_006__Brazil_Cerrado/PXL_20260825_192721855.jpg,ft_s123,single,10,0.7992040765018611,0,0.9853570147441617,0.9685309754048601,0.9530049484611941,0.6806188335857641
B,dataset/2026-08-25__oneplus/class_006__Brazil_Cerrado/PXL_20260825_192721855.jpg,ft_s123,multi3,10,0.8954170013674186,0,0.9933543003929791,0.992910995309738,0.9911829334444788,0.9874947115414094
B,dataset/2026-08-25__oneplus/class_006__Brazil_Cerrado/PXL_20260825_192731410.jpg,pretrained_l0,single,8,1.0,0,0.0,0.5284188636968139,0.7288380967630027,0.7936235991865697
B,dataset/2026-08-25__oneplus/class_006__Brazil_Cerrado/PXL_20260825_192731410.jpg,pretrained_l0,multi3,8,0.9975698589421882,0,0.0,0.6388193317185243,0.8310238703658636,0.8596210042547834
B,dataset/2026-08-25__oneplus/class_006__Brazil_Cerrado/PXL_20260825_192731410.jpg,ft_s123,single,8,0.6394587290014978,0,0.9844949180667911,0.9601306810729026,0.003950326550159996,0.0
B,dataset/2026-08-25__oneplus/class_006__Brazil_Cerrado/PXL_20260825_192731410.jpg,ft_s123,multi3,8,0.879354891846465,0,0.9941303214913738,0.987909141652763,0.9764871683022137,0.9773931505303199
B,dataset/2026-08-25__oneplus/class_006__Brazil_Cerrado/PXL_20260825_192742151.jpg,pretrained_l0,single,11,1.0,0,0.0,0.6019735272855377,0.7556327422096448,0.646535718980021
B,dataset/2026-08-25__oneplus/class_006__Brazil_Cerrado/PXL_20260825_192742151.jpg,pretrained_l0,multi3,11,0.9963608242733021,0,2.1963359625305084e-05,1.6696720764041942e-06,0.7303029898914464,0.9406472708739559
B,dataset/2026-08-25__oneplus/class_006__Brazil_Cerrado/PXL_20260825_192742151.jpg,ft_s123,single,11,0.8523065498834399,0,0.9885944865236616,0.984205528977833,0.9183288393297341,0.10081074665384404
B,dataset/2026-08-25__oneplus/class_006__Brazil_Cerrado/PXL_20260825_192742151.jpg,ft_s123,multi3,11,0.8062972859464493,0,0.9950319397022205,0.994619128542027,0.9929368821292776,0.9898242987469038
B,dataset/2026-08-25__oneplus/class_006__Brazil_Cerrado/PXL_20260825_193620536.jpg,pretrained_l0,single,11,1.0,0,0.0,0.47219756146773123,0.5435893861238905,0.5469072758951038
B,dataset/2026-08-25__oneplus/class_006__Brazil_Cerrado/PXL_20260825_193620536.jpg,pretrained_l0,multi3,11,0.9981934855995864,0,0.0,0.6133338062692636,0.7415957850254632,0.8912854503966098
B,dataset/2026-08-25__oneplus/class_006__Brazil_Cerrado/PXL_20260825_193620536.jpg,ft_s123,single,11,0.759648749010775,0,0.9883304722597611,0.9806020575881171,0.9235222499543435,3.3481463444329455e-05
B,dataset/2026-08-25__oneplus/class_006__Brazil_Cerrado/PXL_20260825_193620536.jpg,ft_s123,multi3,11,0.9299476471662507,0,0.9944243515609078,0.9915105448769638,0.989718929283399,0.9857338962260418
B,dataset/2026-08-25__oneplus/class_006__Brazil_Cerrado/PXL_20260825_193630621.jpg,pretrained_l0,single,9,1.0,0,0.0,0.5489973400869664,0.7171598694907205,0.8110203949835941
B,dataset/2026-08-25__oneplus/class_006__Brazil_Cerrado/PXL_20260825_193630621.jpg,pretrained_l0,multi3,9,0.9974029216370424,0,0.0,0.6741731131862309,0.9461087518463811,0.9737498367157905
B,dataset/2026-08-25__oneplus/class_006__Brazil_Cerrado/PXL_20260825_193630621.jpg,ft_s123,single,9,0.7795536598370021,0,0.985967071669693,0.9734267651763272,0.9528616040825653,0.8663599664864041
B,dataset/2026-08-25__oneplus/class_006__Brazil_Cerrado/PXL_20260825_193630621.jpg,ft_s123,multi3,9,0.8653636986823063,0,0.9937568332221746,0.9843705728047967,0.9864241951552413,0.9832919491202681
B,dataset/2026-08-25__oneplus/class_006__Brazil_Cerrado/PXL_20260825_193646943.jpg,pretrained_l0,single,9,1.0,0,0.0,0.5081740626379921,0.6733457460862673,0.6897778180398552
B,dataset/2026-08-25__oneplus/class_006__Brazil_Cerrado/PXL_20260825_193646943.jpg,pretrained_l0,multi3,9,0.9973785575095994,0,0.0,0.7198716658939209,0.9471277343255042,0.9766596262331898
B,dataset/2026-08-25__oneplus/class_006__Brazil_Cerrado/PXL_20260825_193646943.jpg,ft_s123,single,9,0.9290915885124728,0,0.9882641017617518,0.9764033576682252,0.851274619710351,0.0
B,dataset/2026-08-25__oneplus/class_006__Brazil_Cerrado/PXL_20260825_193646943.jpg,ft_s123,multi3,9,0.7423539526730405,0,0.9948011879528463,0.9932280389554782,0.984242089145968,0.9797788309636651
B,dataset/2026-08-25__oneplus/class_007__Brazil_MonteCristo/PXL_20260825_195142962.jpg,pretrained_l0,single,10,1.0,0,0.0,0.5959345903901737,0.8841655196811656,0.945339902999415
B,dataset/2026-08-25__oneplus/class_007__Brazil_MonteCristo/PXL_20260825_195142962.jpg,pretrained_l0,multi3,10,0.9944155928815106,0,0.0,0.6475823989264089,0.9482271245941138,0.9754884038365447
B,dataset/2026-08-25__oneplus/class_007__Brazil_MonteCristo/PXL_20260825_195142962.jpg,ft_s123,single,10,0.8980110293773427,0,0.9837394568585417,0.9834928916459678,0.8906050552873287,0.0
B,dataset/2026-08-25__oneplus/class_007__Brazil_MonteCristo/PXL_20260825_195142962.jpg,ft_s123,multi3,10,0.32281995025232746,0,0.9939136752110103,0.9916847568430771,0.9833612102753576,0.9699235683499939
B,dataset/2026-08-25__oneplus/class_008__Ethiopia_Kochere/PXL_20260825_194450881.jpg,pretrained_l0,single,9,1.0,0,0.0,0.531706676991215,0.640498051002677,0.635426588718053
B,dataset/2026-08-25__oneplus/class_008__Ethiopia_Kochere/PXL_20260825_194450881.jpg,pretrained_l0,multi3,9,0.9976147828906892,0,0.0,0.681090438828084,0.895096515444645,0.9648546766214329
B,dataset/2026-08-25__oneplus/class_008__Ethiopia_Kochere/PXL_20260825_194450881.jpg,ft_s123,single,9,0.5904804656340138,0,0.9853021461414342,0.9866066554246685,0.9633061470847829,0.010991777398309378
B,dataset/2026-08-25__oneplus/class_008__Ethiopia_Kochere/PXL_20260825_194450881.jpg,ft_s123,multi3,9,0.7410835878568763,0,0.994374632502258,0.9930217048623742,0.9900912646675358,0.9829607320394651
B,dataset/2026-08-25__oneplus/class_008__Ethiopia_Kochere/PXL_20260825_194511953.jpg,pretrained_l0,single,9,1.0,0,0.0,0.5283540825501164,0.6424763858545313,0.49435412544888163
B,dataset/2026-08-25__oneplus/class_008__Ethiopia_Kochere/PXL_20260825_194511953.jpg,pretrained_l0,multi3,9,0.9968943246681534,0,0.0,0.6709743425719757,0.9355828747297004,0.9733722789434663
B,dataset/2026-08-25__oneplus/class_008__Ethiopia_Kochere/PXL_20260825_194511953.jpg,ft_s123,single,9,0.875086705025683,0,0.9790536721005912,0.9381256493308073,0.7852526592087613,0.04672140414778509
B,dataset/2026-08-25__oneplus/class_008__Ethiopia_Kochere/PXL_20260825_194511953.jpg,ft_s123,multi3,9,0.16742396694972483,0,0.9894835870039983,0.982302777718366,0.9814071871839452,0.9769698043793122
B,dataset/2026-08-25__oneplus/class_008__Ethiopia_Kochere/PXL_20260825_194531201.jpg,pretrained_l0,single,11,1.0,0,0.0,0.48571104462854137,0.67359213820471,0.5118402483770815
B,dataset/2026-08-25__oneplus/class_008__Ethiopia_Kochere/PXL_20260825_194531201.jpg,pretrained_l0,multi3,11,0.996237010361192,0,0.0,0.634049144656261,0.9380820705038287,0.9729527388782008
B,dataset/2026-08-25__oneplus/class_008__Ethiopia_Kochere/PXL_20260825_194531201.jpg,ft_s123,single,11,0.9385871461895928,0,0.9868541870714985,0.970387989885446,0.19280103349680705,0.0
B,dataset/2026-08-25__oneplus/class_008__Ethiopia_Kochere/PXL_20260825_194531201.jpg,ft_s123,multi3,11,0.9265286630053451,0,0.9936068096331395,0.9822048478243567,0.947477177965946,0.19342860116696975
B,dataset/2026-08-25__oneplus/class_009__Vietnam_Robusta/PXL_20260825_193803506.jpg,pretrained_l0,single,9,1.0,0,0.0,0.5025024380666695,0.6199292153377349,0.5680354791977138
B,dataset/2026-08-25__oneplus/class_009__Vietnam_Robusta/PXL_20260825_193803506.jpg,pretrained_l0,multi3,9,0.9966506841900832,0,0.0,0.615448421723004,0.8515744208628103,0.9415215768434234
B,dataset/2026-08-25__oneplus/class_009__Vietnam_Robusta/PXL_20260825_193803506.jpg,ft_s123,single,9,0.8670531123247421,0,0.993896933791462,0.9920966398754352,0.9858119565321523,0.9762688697773789
B,dataset/2026-08-25__oneplus/class_009__Vietnam_Robusta/PXL_20260825_193803506.jpg,ft_s123,multi3,9,0.5997444987384625,0,0.9948729565206295,0.9829362544711293,0.9559164510874772,0.4606240618313053
B,dataset/2026-08-25__oneplus/class_009__Vietnam_Robusta/PXL_20260825_193838550.jpg,pretrained_l0,single,9,1.0,0,0.0,0.4775680669050712,0.5829344825531746,0.7435666739995007
B,dataset/2026-08-25__oneplus/class_009__Vietnam_Robusta/PXL_20260825_193838550.jpg,pretrained_l0,multi3,9,0.9976714379359939,0,0.0,0.6919713768615321,0.9525734916189805,0.9783368273934312
B,dataset/2026-08-25__oneplus/class_009__Vietnam_Robusta/PXL_20260825_193838550.jpg,ft_s123,single,9,0.8711396422577338,0,0.9861142400052239,0.9852334794858653,0.9766413729152246,0.9000274282131825
B,dataset/2026-08-25__oneplus/class_009__Vietnam_Robusta/PXL_20260825_193838550.jpg,ft_s123,multi3,9,0.6763830023444591,0,0.9923126117542647,0.9826746817215607,0.9834880478542951,0.9756053758946763
B,dataset/2026-08-25__oneplus/class_009__Vietnam_Robusta/PXL_20260825_193900810.jpg,pretrained_l0,single,8,1.0,0,0.0,0.5558962153031649,0.7855393758553938,0.9018599196659736
B,dataset/2026-08-25__oneplus/class_009__Vietnam_Robusta/PXL_20260825_193900810.jpg,pretrained_l0,multi3,8,0.9950982231058759,0,0.0,0.672936166437475,0.9299837348043066,0.9620744436658855
B,dataset/2026-08-25__oneplus/class_009__Vietnam_Robusta/PXL_20260825_193900810.jpg,ft_s123,single,8,0.9196471733057099,0,0.9860850462890318,0.9853403634309387,0.9689330445428006,0.8816649402015255
B,dataset/2026-08-25__oneplus/class_009__Vietnam_Robusta/PXL_20260825_193900810.jpg,ft_s123,multi3,8,0.6388642998399096,0,0.990462211098461,0.9860060633069502,0.9857499701882222,0.9814699734478278
B,dataset/2026-08-27__oneplus_flash/class_001__Ethiopia_Sidamo/PXL_20260827_185539894.jpg,pretrained_l0,single,7,1.0,0,0.938375910190076,0.9818494070419947,0.98442781282197,0.985978847619683
B,dataset/2026-08-27__oneplus_flash/class_001__Ethiopia_Sidamo/PXL_20260827_185539894.jpg,pretrained_l0,multi3,7,0.9851957331714575,0,0.980326545474047,0.9835064946097712,0.984591070163005,0.9851873493950272
B,dataset/2026-08-27__oneplus_flash/class_001__Ethiopia_Sidamo/PXL_20260827_185539894.jpg,ft_s123,single,7,0.9754810275328466,0,0.9907742819153884,0.991524138897709,0.9921010515215469,0.9852139843105939
B,dataset/2026-08-27__oneplus_flash/class_001__Ethiopia_Sidamo/PXL_20260827_185539894.jpg,ft_s123,multi3,7,0.9882518522528323,0,0.9889067441515293,0.9889346221065021,0.9894247419354378,0.9894076684884202
B,dataset/2026-08-27__oneplus_flash/class_006__Brazil_Cerrado/PXL_20260827_184304045.jpg,pretrained_l0,single,10,1.0,0,5.134379548739381e-06,0.9912185258018194,0.9957410720808867,0.9971879927289526
B,dataset/2026-08-27__oneplus_flash/class_006__Brazil_Cerrado/PXL_20260827_184304045.jpg,pretrained_l0,multi3,10,0.9961889391806864,0,0.9715668692945391,0.9811571904466151,0.9880286334845745,0.9912778841025319
B,dataset/2026-08-27__oneplus_flash/class_006__Brazil_Cerrado/PXL_20260827_184304045.jpg,ft_s123,single,10,0.9854436325603411,0,0.9943089805064245,0.9938189312129593,0.9952798856705782,0.9957668488474585
B,dataset/2026-08-27__oneplus_flash/class_006__Brazil_Cerrado/PXL_20260827_184304045.jpg,ft_s123,multi3,10,0.9953109965388979,0,0.9961561546038556,0.9967104318096934,0.9962469239437916,0.9961101231602807
B,dataset/2026-08-27__oneplus_flash/class_007__Brazil_MonteCristo/PXL_20260827_183926181.jpg,pretrained_l0,single,8,1.0,0,0.0,0.9892711998276729,0.9936288092638296,0.9959046145391969
B,dataset/2026-08-27__oneplus_flash/class_007__Brazil_MonteCristo/PXL_20260827_183926181.jpg,pretrained_l0,multi3,8,0.9935870251932114,0,0.9573604681704414,0.9724918157293283,0.9804168534608515,0.9895469732619706
B,dataset/2026-08-27__oneplus_flash/class_007__Brazil_MonteCristo/PXL_20260827_183926181.jpg,ft_s123,single,8,0.9773576141155635,0,0.9874942842419272,0.9868492673474275,0.9874344653007193,0.9862344969342252
B,dataset/2026-08-27__oneplus_flash/class_007__Brazil_MonteCristo/PXL_20260827_183926181.jpg,ft_s123,multi3,8,0.9901295308588223,0,0.9940479817986064,0.9937773122167219,0.9939331867162612,0.992754800869482
B,dataset/2026-08-27__oneplus_flash/class_007__Brazil_MonteCristo/PXL_20260827_184019805.jpg,pretrained_l0,single,12,1.0,0,0.0,0.9784650709212196,0.9879241913222305,0.9939344895605907
B,dataset/2026-08-27__oneplus_flash/class_007__Brazil_MonteCristo/PXL_20260827_184019805.jpg,pretrained_l0,multi3,12,0.991317939422597,0,0.9400607820288909,0.9563708450016121,0.9693167402282907,0.9798171833777368
B,dataset/2026-08-27__oneplus_flash/class_007__Brazil_MonteCristo/PXL_20260827_184019805.jpg,ft_s123,single,12,0.9598289931411763,0,0.9918660174396354,0.9889730722748797,0.990198170933654,0.9914463486904568
B,dataset/2026-08-27__oneplus_flash/class_007__Brazil_MonteCristo/PXL_20260827_184019805.jpg,ft_s123,multi3,12,0.9928189565432186,0,0.995619887238518,0.9964619557391838,0.9957965340151407,0.9956589808233677
B,dataset/2026-08-27__oneplus_flash/class_007__Brazil_MonteCristo/PXL_20260827_184028444.jpg,pretrained_l0,single,12,1.0,0,0.0,0.9844940677843932,0.9924488049027543,0.9959252901808827
B,dataset/2026-08-27__oneplus_flash/class_007__Brazil_MonteCristo/PXL_20260827_184028444.jpg,pretrained_l0,multi3,12,0.9937153225935536,0,0.9519544007995752,0.969687417466795,0.9792412004169827,0.9839096821413031
B,dataset/2026-08-27__oneplus_flash/class_007__Brazil_MonteCristo/PXL_20260827_184028444.jpg,ft_s123,single,12,0.9528784005013808,0,0.9904090714077579,0.9908352124637596,0.9933014536211683,0.9896023228946571
B,dataset/2026-08-27__oneplus_flash/class_007__Brazil_MonteCristo/PXL_20260827_184028444.jpg,ft_s123,multi3,12,0.9900373471380615,0,0.9965680310705053,0.9945858362314258,0.9939439009358627,0.9941123427079125
B,dataset/2026-08-27__oneplus_flash/class_008__Ethiopia_Kochere/PXL_20260827_185816195.jpg,pretrained_l0,single,10,1.0,0,8.867731994005927e-05,0.9950947577552854,0.996230190916569,0.997038320766674
B,dataset/2026-08-27__oneplus_flash/class_008__Ethiopia_Kochere/PXL_20260827_185816195.jpg,pretrained_l0,multi3,10,0.9959584858884157,0,0.9813264312279745,0.9873966671787082,0.9929314066100359,0.9937625354141106
B,dataset/2026-08-27__oneplus_flash/class_008__Ethiopia_Kochere/PXL_20260827_185816195.jpg,ft_s123,single,10,0.675086825687439,0,0.988491044909412,0.9824000875818198,0.9760273232623699,0.6868398042658745
B,dataset/2026-08-27__oneplus_flash/class_008__Ethiopia_Kochere/PXL_20260827_185816195.jpg,ft_s123,multi3,10,0.99019945103108,0,0.9938791576178079,0.9923567190759534,0.9895732071749008,0.9832257060832564
B,dataset/2026-08-27__oneplus_flash/class_009__Vietnam_Robusta/PXL_20260827_185009921.jpg,pretrained_l0,single,11,1.0,0,0.0,0.9312527314183269,0.9656070025277897,0.9846696685613051
B,dataset/2026-08-27__oneplus_flash/class_009__Vietnam_Robusta/PXL_20260827_185009921.jpg,pretrained_l0,multi3,11,0.9886447190531534,0,0.8915156003133162,0.9359560148413425,0.9571361943645196,0.9630819036782363
B,dataset/2026-08-27__oneplus_flash/class_009__Vietnam_Robusta/PXL_20260827_185009921.jpg,ft_s123,single,11,0.9695246834171457,0,0.9929442439609224,0.9873374677931571,0.9877414400402381,0.9876392123967376
B,dataset/2026-08-27__oneplus_flash/class_009__Vietnam_Robusta/PXL_20260827_185009921.jpg,ft_s123,multi3,11,0.9930844245306754,0,0.9917452619412189,0.9928276273588424,0.9939588869525708,0.9937305058616858
B,dataset/2026-08-27__oneplus_flash/class_009__Vietnam_Robusta/PXL_20260827_185045420.jpg,pretrained_l0,single,11,1.0,0,0.0,0.9124098907061469,0.9638253837835395,0.9767243229323147
B,dataset/2026-08-27__oneplus_flash/class_009__Vietnam_Robusta/PXL_20260827_185045420.jpg,pretrained_l0,multi3,11,0.9880814542507309,0,0.9119638162816046,0.9490445859872612,0.9596337548282629,0.9681470945674786
B,dataset/2026-08-27__oneplus_flash/class_009__Vietnam_Robusta/PXL_20260827_185045420.jpg,ft_s123,single,11,0.9785637806255245,0,0.9943540769054443,0.9934034566413635,0.9932390436091193,0.9935326707598636
B,dataset/2026-08-27__oneplus_flash/class_009__Vietnam_Robusta/PXL_20260827_185045420.jpg,ft_s123,multi3,11,0.9939410039746197,0,0.9918689493321546,0.9938587542627298,0.9933997532917492,0.9932862941974712
B,dataset/2026-08-27__oneplus_flash/class_009__Vietnam_Robusta/PXL_20260827_185054898.jpg,pretrained_l0,single,10,1.0,0,0.0,0.9420656030830228,0.9748245981991507,0.986274130740976
B,dataset/2026-08-27__oneplus_flash/class_009__Vietnam_Robusta/PXL_20260827_185054898.jpg,pretrained_l0,multi3,10,0.9921647121090946,0,0.9236512071692432,0.9474610844825203,0.9602622392218293,0.9700286462502573
B,dataset/2026-08-27__oneplus_flash/class_009__Vietnam_Robusta/PXL_20260827_185054898.jpg,ft_s123,single,10,0.9828011853535524,0,0.9921072025622655,0.9899726513502478,0.986998707955262,0.9827247655819085
B,dataset/2026-08-27__oneplus_flash/class_009__Vietnam_Robusta/PXL_20260827_185054898.jpg,ft_s123,multi3,10,0.9910392215516179,0,0.9905646180481996,0.9917287413435638,0.9922905456665075,0.9923706624351463
B,dataset/2026-08-27__oneplus_flash/class_009__Vietnam_Robusta/PXL_20260827_185113995.jpg,pretrained_l0,single,11,1.0,0,0.0,0.9344261838866463,0.9809820557318235,0.994063515056721
B,dataset/2026-08-27__oneplus_flash/class_009__Vietnam_Robusta/PXL_20260827_185113995.jpg,pretrained_l0,multi3,11,0.9881560418312887,0,0.9090041555558563,0.9427362929853328,0.9536959454661649,0.9678937362806833
B,dataset/2026-08-27__oneplus_flash/class_009__Vietnam_Robusta/PXL_20260827_185113995.jpg,ft_s123,single,11,0.9656369507313661,0,0.9928717808998081,0.9931997672045741,0.9934103852447221,0.9924127758872433
B,dataset/2026-08-27__oneplus_flash/class_009__Vietnam_Robusta/PXL_20260827_185113995.jpg,ft_s123,multi3,11,0.9927750974976589,0,0.9878865190625846,0.9880205949825114,0.988677961709158,0.9890461971772893
B,dataset/2026-08-30__oneplus/class_010__Indonesia_Java/PXL_20260830_175826491.jpg,pretrained_l0,single,11,1.0,0,0.8543536741482385,0.9932993969329146,0.8969693225794412,0.4542705767996896
B,dataset/2026-08-30__oneplus/class_010__Indonesia_Java/PXL_20260830_175826491.jpg,pretrained_l0,multi3,11,0.9903074512663546,0,0.9759374176908523,0.9905444627326694,0.9811289585198218,0.9102846896228506
B,dataset/2026-08-30__oneplus/class_010__Indonesia_Java/PXL_20260830_175826491.jpg,ft_s123,single,11,0.9785359261167215,0,0.9880090724125279,0.9909101594139575,0.990109461765063,0.9889764685576203
B,dataset/2026-08-30__oneplus/class_010__Indonesia_Java/PXL_20260830_175826491.jpg,ft_s123,multi3,11,0.9881915482913847,0,0.9889469962863641,0.9884168213211951,0.9882188373866082,0.988241300331907
