item,path,mask,mask_sha256,photo_sha256,session,fallback,area_frac,why_here
random_date_raccoon__class_001__PXL_20260927_101610945,dataset/random_date_raccoon/class_001__Ethiopia_Sidamo/PXL_20260927_101610945.jpg,data/seg_masks/ml3_new_ft_s123/random_date_raccoon__class_001__PXL_20260927_101610945.png,b84e7d49646134da67241035eec953ca5d3ed8a4ad37568972a245990dd6c11e,c68f3e5cefab7ea95446e2806784d4f6bc7a7e67e73db8f9b53aae9ffd9b7739,random_date_raccoon,0,0.9920,random_date_raccoon
random_date_raccoon__class_001__PXL_20260927_103241427,dataset/random_date_raccoon/class_001__Ethiopia_Sidamo/PXL_20260927_103241427.jpg,data/seg_masks/ml3_new_ft_s123/random_date_raccoon__class_001__PXL_20260927_103241427.png,b5dd822b5b4854d6f20536c67fb6a9569ab4566da6707e7faa3d59e85846fe07,9ae83734576670b1c34ec62f95081508b49aa69f051e9ab7ae5a4afc2505b605,random_date_raccoon,1,0.0000,random_date_raccoon
random_date_raccoon__class_013__PXL_20260926_122041643,dataset/random_date_raccoon/class_013__Brazil_SulDeMinas/PXL_20260926_122041643.jpg,data/seg_masks/ml3_new_ft_s123/random_date_raccoon__class_013__PXL_20260926_122041643.png,db5361ecfe7ef5e3908288441d7af5869093ed6f936facd175e8f9a4b0afdff0,0b50b33a6c36b674152818d6c41373f4beb8fc31141a801369c7a852c56b5d78,random_date_raccoon,0,0.9975,random_date_raccoon
random_date_raccoon__class_013__PXL_20260926_122057066,dataset/random_date_raccoon/class_013__Brazil_SulDeMinas/PXL_20260926_122057066.jpg,data/seg_masks/ml3_new_ft_s123/random_date_raccoon__class_013__PXL_20260926_122057066.png,d3b79ae07e2f7b10f856000c557b487fba596b0b83087b6251f5bcdf6117a93a,ea3f1026140057565941f017d74c7b855b0681795cf33fe9c4d230668c1b882b,random_date_raccoon,0,0.9992,random_date_raccoon
random_date_raccoon__class_013__PXL_20260927_064722891,dataset/random_date_raccoon/class_013__Brazil_SulDeMinas/PXL_20260927_064722891.jpg,data/seg_masks/ml3_new_ft_s123/random_date_raccoon__class_013__PXL_20260927_064722891.png,578b874eee7f67e6a0881c5ffe0d9155ad25f865b0b26f393956646e242589a2,96e43d986a9d18b4810e6d0ed2c3858bc9828beac472f8a7a2645fd428b32aaf,random_date_raccoon,0,0.9963,random_date_raccoon
random_date_raccoon__class_013__PXL_20260930_085611461,dataset/random_date_raccoon/class_013__Brazil_SulDeMinas/PXL_20260930_085611461.jpg,data/seg_masks/ml3_new_ft_s123/random_date_raccoon__class_013__PXL_20260930_085611461.png,a352ffba1bb3e969d710532442a93c87b1d511f9cfeb013e966324331af64bdf,aa6f2e90126c2028b5f1745c9d8d7fa0f1374ebb07e57ae8d4892ae4d5b8dfd2,random_date_raccoon,0,0.9983,random_date_raccoon
random_date_raccoon__class_014__PXL_20260927_105921144,dataset/random_date_raccoon/class_014__Colombia_Excelso/PXL_20260927_105921144.jpg,data/seg_masks/ml3_new_ft_s123/random_date_raccoon__class_014__PXL_20260927_105921144.png,3fdc1c9066e798d2fba23b58ee02d4f4613059ac99eed8cb195286678654cead,cc8811f6607f82ed5df83e06ee07d532d45fbd9eed319ddccdd415b0533ffaa5,random_date_raccoon,0,0.9994,random_date_raccoon
random_date_raccoon__class_014__PXL_20260927_105940963,dataset/random_date_raccoon/class_014__Colombia_Excelso/PXL_20260927_105940963.jpg,data/seg_masks/ml3_new_ft_s123/random_date_raccoon__class_014__PXL_20260927_105940963.png,1994c28042b7df98f68eac967e7d492a8422210376868d30a364f3ad1fd3c3aa,7da61fb15754f187a5243dcf87d0f005eae511b066577bda13518cd3e2a32252,random_date_raccoon,0,0.9972,random_date_raccoon
random_date_raccoon__class_014__PXL_20260929_074258845,dataset/random_date_raccoon/class_014__Colombia_Excelso/PXL_20260929_074258845.jpg,data/seg_masks/ml3_new_ft_s123/random_date_raccoon__class_014__PXL_20260929_074258845.png,280470d13ee4194728d6183f2ff7fc5f1db3a903a68fb8558afde1dd5b868165,d31e3e5c405565d0e24592b857234a2b548f5f4b1173a78dc196344ba92fa2f3,random_date_raccoon,0,0.9960,random_date_raccoon
random_date_raccoon__class_014__PXL_20261002_071216473,dataset/random_date_raccoon/class_014__Colombia_Excelso/PXL_20261002_071216473.jpg,data/seg_masks/ml3_new_ft_s123/random_date_raccoon__class_014__PXL_20261002_071216473.png,0bb9ebc1760274e669abcb67fe232dbe5ea9d72f4a8661a164f9adef8abd7394,110a3e1b196129b21e16351c738922aeb234e0ab2a596369518e5883c7b42deb,random_date_raccoon,0,0.3144,random_date_raccoon
random_date_raccoon__class_014__PXL_20261002_071227288,dataset/random_date_raccoon/class_014__Colombia_Excelso/PXL_20261002_071227288.jpg,data/seg_masks/ml3_new_ft_s123/random_date_raccoon__class_014__PXL_20261002_071227288.png,d5a4a2c7fffa64c890fdb22e53f31ba35d318892d8cc8863126a157a4f239c06,071329e9fd9b1d9707cb27c4511c2ada4a548d1a17cdde1b483938325ab39ee6,random_date_raccoon,0,0.9950,random_date_raccoon
random_date_raccoon__class_014__PXL_20261003_061147257,dataset/random_date_raccoon/class_014__Colombia_Excelso/PXL_20261003_061147257.jpg,data/seg_masks/ml3_new_ft_s123/random_date_raccoon__class_014__PXL_20261003_061147257.png,bbf8642cd0993523ec8756a8814042454f77a3e51df75db50e3beca879b5b8ba,8ee9e068ec5015d3afbf0315a481c99721677aed847d37048eeea12151ac5bd9,random_date_raccoon,0,0.3755,random_date_raccoon
random_date_raccoon__class_014__PXL_20261003_061153572,dataset/random_date_raccoon/class_014__Colombia_Excelso/PXL_20261003_061153572.jpg,data/seg_masks/ml3_new_ft_s123/random_date_raccoon__class_014__PXL_20261003_061153572.png,ee0019bc564b192dbae1489f79bc1231a7cc0c83bd8a6e864b4f3d4a510f5ddc,479c0972e5565cf8264fd88fa6c25674666e9ab98ed719fab374271fb73a9b9d,random_date_raccoon,0,0.2939,random_date_raccoon
random_date_raccoon__class_014__PXL_20261003_061158094,dataset/random_date_raccoon/class_014__Colombia_Excelso/PXL_20261003_061158094.jpg,data/seg_masks/ml3_new_ft_s123/random_date_raccoon__class_014__PXL_20261003_061158094.png,3ae71d165116ebfd0acc862f4474921479231b204023f843031c0dba5137c89a,39ee713172cca0a8fef45035c627b7aa9030d87b113662b4655161d7afde11f3,random_date_raccoon,0,0.3911,random_date_raccoon
random_date_raccoon__class_014__PXL_20261003_061204827,dataset/random_date_raccoon/class_014__Colombia_Excelso/PXL_20261003_061204827.jpg,data/seg_masks/ml3_new_ft_s123/random_date_raccoon__class_014__PXL_20261003_061204827.png,fa5bf7460e981d8230cfc5d7847d382a66c9395e997e3a7a2bd904327bff6f90,5809b0e71566321d908f32f0c1eab540e2af4e56bd1cd3c880feab7a772aced1,random_date_raccoon,1,0.0000,random_date_raccoon
random_date_raccoon__class_014__PXL_20261003_061208545,dataset/random_date_raccoon/class_014__Colombia_Excelso/PXL_20261003_061208545.jpg,data/seg_masks/ml3_new_ft_s123/random_date_raccoon__class_014__PXL_20261003_061208545.png,b84b2b6ba23a074931f5c0afdacb607e91397cf28d74d8e690af9340dac2ef84,bbe543274bc685d94f29ded985ebe591eb1e53a05727820bc6a0269271bc55e6,random_date_raccoon,0,0.2717,random_date_raccoon
random_date_raccoon__class_014__PXL_20261004_053708433,dataset/random_date_raccoon/class_014__Colombia_Excelso/PXL_20261004_053708433.jpg,data/seg_masks/ml3_new_ft_s123/random_date_raccoon__class_014__PXL_20261004_053708433.png,e3f48959c6c96620c0a0e33b89c028f22493dc50d0b516c64d297e555076f99d,351a2b519eab40d126d43da0a9a5e92371bbd0b6679e3e404403f35df7f3915e,random_date_raccoon,0,0.4287,random_date_raccoon
random_date_raccoon__class_014__PXL_20261004_053716825,dataset/random_date_raccoon/class_014__Colombia_Excelso/PXL_20261004_053716825.jpg,data/seg_masks/ml3_new_ft_s123/random_date_raccoon__class_014__PXL_20261004_053716825.png,5ceccf18486c03281b9c3af009ae94abbb90ff1c6e94aa473fcdd30991e7340d,c589da66425009382832b6f3ffd03dbf72998d8d08ef5a2451ce2e3e50bb6951,random_date_raccoon,0,0.9988,random_date_raccoon
2026-09-24__oneplus__class_011__PXL_20260924_174814080,dataset/2026-09-24__oneplus/class_011__Peru_Minca/PXL_20260924_174814080.jpg,data/seg_masks/ml3_new_ft_s123/2026-09-24__oneplus__class_011__PXL_20260924_174814080.png,a8c0a15f0bbc209f7eb95c629874803c3d481ad731ad7ec40a0601d11796f89c,b34a22759ce1893117af3e0b496631789c78d5915fe3726b62766cff338f6f6f,2026-09-24__oneplus,1,0.0000,D18 fallback
2026-09-24__oneplus__class_011__PXL_20260924_174902324,dataset/2026-09-24__oneplus/class_011__Peru_Minca/PXL_20260924_174902324.jpg,data/seg_masks/ml3_new_ft_s123/2026-09-24__oneplus__class_011__PXL_20260924_174902324.png,b6421fa97232a3c193d5795fa9b834288ffa6d1725cc16f822c91390af2a2ffb,f920ec7ea670c89b3b9408fbb73119164b8972d72f563da77efb30c64e67737c,2026-09-24__oneplus,1,0.0319,D18 fallback
2026-09-24__oneplus__class_011__PXL_20260924_175346603,dataset/2026-09-24__oneplus/class_011__Peru_Minca/PXL_20260924_175346603.jpg,data/seg_masks/ml3_new_ft_s123/2026-09-24__oneplus__class_011__PXL_20260924_175346603.png,da672a647e62fbf03285d2bd65d94e2712ec56c39c5cf4ca83e15df5b8854cd6,6643c301e61b1a5823f49fde6f545ab1c2e007da2d5fa584aaa175d63b974a36,2026-09-24__oneplus,1,0.0000,D18 fallback
2026-09-24__oneplus__class_011__PXL_20260924_180156334,dataset/2026-09-24__oneplus/class_011__Peru_Minca/PXL_20260924_180156334.jpg,data/seg_masks/ml3_new_ft_s123/2026-09-24__oneplus__class_011__PXL_20260924_180156334.png,a8c0a15f0bbc209f7eb95c629874803c3d481ad731ad7ec40a0601d11796f89c,cad9e82396d40bddd975effb72daba02dc9cc73989c921254d840d9321788ee1,2026-09-24__oneplus,1,0.0000,D18 fallback
2026-09-24__oneplus__class_012__PXL_20260924_102053609,dataset/2026-09-24__oneplus/class_012__Rwanda_Gisuma/PXL_20260924_102053609.jpg,data/seg_masks/ml3_new_ft_s123/2026-09-24__oneplus__class_012__PXL_20260924_102053609.png,da672a647e62fbf03285d2bd65d94e2712ec56c39c5cf4ca83e15df5b8854cd6,2532ec43fde48255572bb5c5506b5be9af40bb65fa6cba9a7959b5dfcd9afaa9,2026-09-24__oneplus,1,0.0000,D18 fallback
2026-09-24__oneplus__class_012__PXL_20260924_102110546,dataset/2026-09-24__oneplus/class_012__Rwanda_Gisuma/PXL_20260924_102110546.jpg,data/seg_masks/ml3_new_ft_s123/2026-09-24__oneplus__class_012__PXL_20260924_102110546.png,a67e3e564bb7559ee6990dc37751c71f6de8c76a5d8e49dd93a8304a9ea3d24b,1bf95f4162778cc2c1e8e5e5194f6f98864ac24def7ba600b3cf6e6a8a61fa63,2026-09-24__oneplus,1,0.0002,D18 fallback
2026-09-24__oneplus__class_012__PXL_20260924_102246984,dataset/2026-09-24__oneplus/class_012__Rwanda_Gisuma/PXL_20260924_102246984.jpg,data/seg_masks/ml3_new_ft_s123/2026-09-24__oneplus__class_012__PXL_20260924_102246984.png,da672a647e62fbf03285d2bd65d94e2712ec56c39c5cf4ca83e15df5b8854cd6,3e268e53ab86fbe546dcfe4088b6ad64eeb08a4b3275e91f8eca71fbd01f645c,2026-09-24__oneplus,1,0.0000,D18 fallback
2026-09-24__oneplus__class_012__PXL_20260924_102444840,dataset/2026-09-24__oneplus/class_012__Rwanda_Gisuma/PXL_20260924_102444840.jpg,data/seg_masks/ml3_new_ft_s123/2026-09-24__oneplus__class_012__PXL_20260924_102444840.png,da672a647e62fbf03285d2bd65d94e2712ec56c39c5cf4ca83e15df5b8854cd6,277b1d2d6fa7334e2f4e9f17d263abd542fc9afc1f4a01c20a5fffbe3975b7a5,2026-09-24__oneplus,1,0.0000,D18 fallback
2026-09-24__oneplus__class_012__PXL_20260924_103135174,dataset/2026-09-24__oneplus/class_012__Rwanda_Gisuma/PXL_20260924_103135174.jpg,data/seg_masks/ml3_new_ft_s123/2026-09-24__oneplus__class_012__PXL_20260924_103135174.png,bffedef2dcbdf7d8ec42756990a8da55d7176c8d43af758b4fff5f47a41eb724,0b1be1945cccc01d4e17b5dcc26af338921b1b682b2b5399367bc98a6306a285,2026-09-24__oneplus,1,0.0000,D18 fallback
2026-09-24__oneplus__class_012__PXL_20260924_103206295,dataset/2026-09-24__oneplus/class_012__Rwanda_Gisuma/PXL_20260924_103206295.jpg,data/seg_masks/ml3_new_ft_s123/2026-09-24__oneplus__class_012__PXL_20260924_103206295.png,da672a647e62fbf03285d2bd65d94e2712ec56c39c5cf4ca83e15df5b8854cd6,07956f025f861ef71481c9b64098def5ba38cd1188448cd50927c9436aed41c9,2026-09-24__oneplus,1,0.0000,D18 fallback
2026-09-24__oneplus__class_012__PXL_20260924_103336653,dataset/2026-09-24__oneplus/class_012__Rwanda_Gisuma/PXL_20260924_103336653.jpg,data/seg_masks/ml3_new_ft_s123/2026-09-24__oneplus__class_012__PXL_20260924_103336653.png,da672a647e62fbf03285d2bd65d94e2712ec56c39c5cf4ca83e15df5b8854cd6,fdeea607e025fbf826c8b73d6fa79c8cf0df220eb3169b509f9304caf7084572,2026-09-24__oneplus,1,0.0000,D18 fallback
2026-09-24__oneplus__class_012__PXL_20260924_103614873,dataset/2026-09-24__oneplus/class_012__Rwanda_Gisuma/PXL_20260924_103614873.jpg,data/seg_masks/ml3_new_ft_s123/2026-09-24__oneplus__class_012__PXL_20260924_103614873.png,da672a647e62fbf03285d2bd65d94e2712ec56c39c5cf4ca83e15df5b8854cd6,ba2009f9016e25cb3c566cf334c40e0678a1a87afbbdc76739b66d54ff067f29,2026-09-24__oneplus,1,0.0000,D18 fallback
2026-09-24__oneplus__class_012__PXL_20260924_103804228,dataset/2026-09-24__oneplus/class_012__Rwanda_Gisuma/PXL_20260924_103804228.jpg,data/seg_masks/ml3_new_ft_s123/2026-09-24__oneplus__class_012__PXL_20260924_103804228.png,da672a647e62fbf03285d2bd65d94e2712ec56c39c5cf4ca83e15df5b8854cd6,39ac375d6618ee72a6144ae963dd0c0422a2c2f7055f4b64b5d3ab9ad10627da,2026-09-24__oneplus,1,0.0000,D18 fallback
2026-09-24__oneplus__class_012__PXL_20260924_103843746,dataset/2026-09-24__oneplus/class_012__Rwanda_Gisuma/PXL_20260924_103843746.jpg,data/seg_masks/ml3_new_ft_s123/2026-09-24__oneplus__class_012__PXL_20260924_103843746.png,da672a647e62fbf03285d2bd65d94e2712ec56c39c5cf4ca83e15df5b8854cd6,8472fda08d7493576586ad987b3f314210eb3c25719c2496331024a30f2600be,2026-09-24__oneplus,1,0.0000,D18 fallback
2026-09-24__oneplus__class_012__PXL_20260924_103948127,dataset/2026-09-24__oneplus/class_012__Rwanda_Gisuma/PXL_20260924_103948127.jpg,data/seg_masks/ml3_new_ft_s123/2026-09-24__oneplus__class_012__PXL_20260924_103948127.png,da672a647e62fbf03285d2bd65d94e2712ec56c39c5cf4ca83e15df5b8854cd6,04b29b57034ee30119c694fa631303f60eee46b550e11518c732f25afe67c22d,2026-09-24__oneplus,1,0.0000,D18 fallback
2026-09-24__oneplus__class_012__PXL_20260924_104055590,dataset/2026-09-24__oneplus/class_012__Rwanda_Gisuma/PXL_20260924_104055590.jpg,data/seg_masks/ml3_new_ft_s123/2026-09-24__oneplus__class_012__PXL_20260924_104055590.png,a8c0a15f0bbc209f7eb95c629874803c3d481ad731ad7ec40a0601d11796f89c,fc41665269d83918b131acdef5aab752f2fbb5024f06bd656085b6ce040d81bd,2026-09-24__oneplus,1,0.0000,D18 fallback
2026-09-24__pixel__class_012__PXL_20260924_055543146,dataset/2026-09-24__pixel/class_012__Rwanda_Gisuma/PXL_20260924_055543146.jpg,data/seg_masks/ml3_new_ft_s123/2026-09-24__pixel__class_012__PXL_20260924_055543146.png,e0b832f837bf63f8ab7a09086aa41b2127f24f9b80d086fb557e04f889c0dc67,65c5dd74fc97994f5cdeea14f8088d34150a04916cbec134ee7cfeb505893059,2026-09-24__pixel,1,0.0000,D18 fallback
2026-09-24__pixel__class_012__PXL_20260924_055707712,dataset/2026-09-24__pixel/class_012__Rwanda_Gisuma/PXL_20260924_055707712.jpg,data/seg_masks/ml3_new_ft_s123/2026-09-24__pixel__class_012__PXL_20260924_055707712.png,e0b832f837bf63f8ab7a09086aa41b2127f24f9b80d086fb557e04f889c0dc67,8f1b26ae03da734d87fbb440199e1a96f2b155b237e7822f55f89743d1c1578f,2026-09-24__pixel,1,0.0000,D18 fallback
2026-09-24__sony__class_012__PIC_20260924_145920,dataset/2026-09-24__sony/class_012__Rwanda_Gisuma/PIC_20260924_145920.JPG,data/seg_masks/ml3_new_ft_s123/2026-09-24__sony__class_012__PIC_20260924_145920.png,f633a12f50db13fda61c40a1e669a4c6eff457abc4df953adf466794f76ab2c9,28627c5f7bab200d84f55ee5c6ba72d2d8244deb036e6875a6b444f4c4664704,2026-09-24__sony,1,0.0000,D18 fallback
2026-09-24__sony__class_012__PIC_20260924_150009,dataset/2026-09-24__sony/class_012__Rwanda_Gisuma/PIC_20260924_150009.JPG,data/seg_masks/ml3_new_ft_s123/2026-09-24__sony__class_012__PIC_20260924_150009.png,f633a12f50db13fda61c40a1e669a4c6eff457abc4df953adf466794f76ab2c9,ac6146e707d803af65422c181fafd26c9b4c0c5740144ee4f2ee30c39a1ba490,2026-09-24__sony,1,0.0000,D18 fallback
2026-09-24__sony__class_012__PIC_20260924_150406,dataset/2026-09-24__sony/class_012__Rwanda_Gisuma/PIC_20260924_150406.JPG,data/seg_masks/ml3_new_ft_s123/2026-09-24__sony__class_012__PIC_20260924_150406.png,f633a12f50db13fda61c40a1e669a4c6eff457abc4df953adf466794f76ab2c9,831cf1e02275b0312da5851d4123f67ab2fb65e174dd8918e8b0c24dfb8fb0a9,2026-09-24__sony,1,0.0000,D18 fallback
2026-09-24__sony__class_012__PIC_20260924_150853,dataset/2026-09-24__sony/class_012__Rwanda_Gisuma/PIC_20260924_150853.JPG,data/seg_masks/ml3_new_ft_s123/2026-09-24__sony__class_012__PIC_20260924_150853.png,f633a12f50db13fda61c40a1e669a4c6eff457abc4df953adf466794f76ab2c9,41643520302dc400251101e3004bf46c52ca93294cecb7a9547321979e217449,2026-09-24__sony,1,0.0000,D18 fallback
2026-09-24__pixel__class_012__PXL_20260924_054856833,dataset/2026-09-24__pixel/class_012__Rwanda_Gisuma/PXL_20260924_054856833.jpg,data/seg_masks/ml3_new_ft_s123/2026-09-24__pixel__class_012__PXL_20260924_054856833.png,c249de71a9a163e90618a64e2e8b804e29dfab3c59b52ec3666bd5616566b9ba,33f5c7126840c437b90952a5839a6f3f80b56b823c566bd552680383f1024a70,2026-09-24__pixel,0,0.9970,stratified shuffle
2026-09-24__sony__class_012__PIC_20260924_151926,dataset/2026-09-24__sony/class_012__Rwanda_Gisuma/PIC_20260924_151926.JPG,data/seg_masks/ml3_new_ft_s123/2026-09-24__sony__class_012__PIC_20260924_151926.png,b793a45b1b57017352e4c43c29c30141580c9a92f9f0f1a4f7efd14e5ca58033,90fc19ac7e0e59dbf819e288428c0b239d0e25e794c6cd4992c67563fa216dc9,2026-09-24__sony,0,0.9973,stratified shuffle
2026-09-24__oneplus__class_012__PXL_20260924_102138994,dataset/2026-09-24__oneplus/class_012__Rwanda_Gisuma/PXL_20260924_102138994.jpg,data/seg_masks/ml3_new_ft_s123/2026-09-24__oneplus__class_012__PXL_20260924_102138994.png,1131aebec8a286bccfae51326c98b5698ff9ad169e9ba322433d1ec311412a8e,5a607fbd23a397b20cb52ccab87fa4e8a929599fc0028b9d820431c938b1143f,2026-09-24__oneplus,0,0.9992,stratified shuffle
2026-09-24__pixel__class_012__PXL_20260924_054647429,dataset/2026-09-24__pixel/class_012__Rwanda_Gisuma/PXL_20260924_054647429.jpg,data/seg_masks/ml3_new_ft_s123/2026-09-24__pixel__class_012__PXL_20260924_054647429.png,407d520bde7a5aeeeb9d9b9d405a2b769ff147540eaa1ebfd0bab2dad350682f,dbc32231d9d1713da92cce6bca435e483cc57afa09b0ce600a204bf0f428f3c7,2026-09-24__pixel,0,0.9975,stratified shuffle
2026-09-24__sony__class_012__PIC_20260924_150512,dataset/2026-09-24__sony/class_012__Rwanda_Gisuma/PIC_20260924_150512.JPG,data/seg_masks/ml3_new_ft_s123/2026-09-24__sony__class_012__PIC_20260924_150512.png,c388299db243ebfbc2a17a4ce613b454d46b889c1b125749afaa428930de108e,aff207fd98616d5824ddcd1ccfb5738f8f844c5cdb73e99a7d9cd6d3ec9606a1,2026-09-24__sony,0,0.9823,stratified shuffle
2026-09-11__oneplus__class_011__PXL_20260911_103622460,dataset/2026-09-11__oneplus/class_011__Peru_Minca/PXL_20260911_103622460.jpg,data/seg_masks/ml3_new_ft_s123/2026-09-11__oneplus__class_011__PXL_20260911_103622460.png,96d1abf496d76bc47fe0e9fab955ece252fc45d19b0831d1a3d2fba9dddfc437,7c1f0b5b88407e30de86e3120ca3d242821f7642fbe961777a63380e24d13114,2026-09-11__oneplus,0,0.9991,stratified shuffle
2026-09-11__pixel__class_011__PXL_20260911_052548831,dataset/2026-09-11__pixel/class_011__Peru_Minca/PXL_20260911_052548831.jpg,data/seg_masks/ml3_new_ft_s123/2026-09-11__pixel__class_011__PXL_20260911_052548831.png,a3a4bf3d2f9fd81d71d45cf0db3d0efc99c4b720f94e518188b4e099b715e605,e50bc1d6ffbff0f83a897696b425a9eb68aa8c9e764c9a935eb77d4d8c61b20a,2026-09-11__pixel,0,0.9991,stratified shuffle
2026-09-11__sony__class_011__PIC_20260911_125018,dataset/2026-09-11__sony/class_011__Peru_Minca/PIC_20260911_125018.JPG,data/seg_masks/ml3_new_ft_s123/2026-09-11__sony__class_011__PIC_20260911_125018.png,dce3acf8d5470e4c662036455534d98b37c423e5a77a1a6b5850184883dad2f1,ec428c4d2bd352899f08d7c179f767cff74c0359cbb8526f5ece9e16a1827ece,2026-09-11__sony,0,0.9972,stratified shuffle
2026-09-24__oneplus__class_011__PXL_20260924_175643227,dataset/2026-09-24__oneplus/class_011__Peru_Minca/PXL_20260924_175643227.jpg,data/seg_masks/ml3_new_ft_s123/2026-09-24__oneplus__class_011__PXL_20260924_175643227.png,ab48d245eb71754ebd1da288aa242f9855374a1f8c8f364fa64b4d454aed6a13,b7fb63e49fbf8ed89114f61e7470f09810b729577848ae1fee2f849031b6be87,2026-09-24__oneplus,0,0.9970,stratified shuffle
2026-09-24__pixel__class_012__PXL_20260924_074353597,dataset/2026-09-24__pixel/class_012__Rwanda_Gisuma/PXL_20260924_074353597.jpg,data/seg_masks/ml3_new_ft_s123/2026-09-24__pixel__class_012__PXL_20260924_074353597.png,1fd8b40da16f93c78a660fa07a04b3b2a3a99294445744b00f82df988155bfd7,9988480163785d216430945b7fa32e72e322d83cb68d258e7dd1181bcf1e3ab8,2026-09-24__pixel,0,0.9964,stratified shuffle
2026-09-24__sony__class_012__PIC_20260924_152302,dataset/2026-09-24__sony/class_012__Rwanda_Gisuma/PIC_20260924_152302.JPG,data/seg_masks/ml3_new_ft_s123/2026-09-24__sony__class_012__PIC_20260924_152302.png,e859c8069299bec2fdea312389bda2e9c33a0d4024c17ea32a642d30aa4c9140,b0446a27d1b12e589f6f74c65f7cfec9cc98b770146ae4a8d33aaed92c11e2ab,2026-09-24__sony,0,0.9961,stratified shuffle
2026-09-24__oneplus__class_012__PXL_20260924_102505548,dataset/2026-09-24__oneplus/class_012__Rwanda_Gisuma/PXL_20260924_102505548.jpg,data/seg_masks/ml3_new_ft_s123/2026-09-24__oneplus__class_012__PXL_20260924_102505548.png,86877aa6fa99768edf79eaf89fbcba531b9a81bb077558fe620a4605087c23ee,6cd89b694ac8929dd3a2d34a9bf44cb9abe1f5ee372e55f4a9945a807ae7e37c,2026-09-24__oneplus,0,0.9483,stratified shuffle
2026-09-24__pixel__class_012__PXL_20260924_054826057,dataset/2026-09-24__pixel/class_012__Rwanda_Gisuma/PXL_20260924_054826057.jpg,data/seg_masks/ml3_new_ft_s123/2026-09-24__pixel__class_012__PXL_20260924_054826057.png,4a00ab6395d01ef56bcdf5c8c29d7a06de13e6db30bed9c77325491c05add519,0635852ef4fde404fd8a900c11402d42dd4f2b1fe7bc33aef2352bf654a8802d,2026-09-24__pixel,0,0.9954,stratified shuffle
2026-09-24__sony__class_012__PIC_20260924_152732,dataset/2026-09-24__sony/class_012__Rwanda_Gisuma/PIC_20260924_152732.JPG,data/seg_masks/ml3_new_ft_s123/2026-09-24__sony__class_012__PIC_20260924_152732.png,c7846340db65bfa97a7e6f6f5007decec09b984ea2c83c54131155e581ecbc2a,f9bf950d576c257c8701e4fd286785825b1d6c8132aaa624a73064d1f6d49868,2026-09-24__sony,0,0.9714,stratified shuffle
2026-09-24__oneplus__class_011__PXL_20260924_180014008,dataset/2026-09-24__oneplus/class_011__Peru_Minca/PXL_20260924_180014008.jpg,data/seg_masks/ml3_new_ft_s123/2026-09-24__oneplus__class_011__PXL_20260924_180014008.png,7c5de78e2adc01e9432109d6fdbf6d16b7bae66fa6237c3833def55ace90bad1,9bf609b78a1750672eb6950fd789aa7030c786c28e8ac5fa013bd612190b982c,2026-09-24__oneplus,0,0.9995,stratified shuffle
2026-09-24__pixel__class_011__PXL_20260924_123831719,dataset/2026-09-24__pixel/class_011__Peru_Minca/PXL_20260924_123831719.jpg,data/seg_masks/ml3_new_ft_s123/2026-09-24__pixel__class_011__PXL_20260924_123831719.png,0eeca3f17e80654912f77d8f29db823fe2e1e7cd46364078947929b2940a17fd,656abb03b07cf7f45be10ce6919ce3862b494d6bc873bf322ab2dab3420da74d,2026-09-24__pixel,0,0.9982,stratified shuffle
2026-09-24__sony__class_012__PIC_20260924_150813,dataset/2026-09-24__sony/class_012__Rwanda_Gisuma/PIC_20260924_150813.JPG,data/seg_masks/ml3_new_ft_s123/2026-09-24__sony__class_012__PIC_20260924_150813.png,b2b7919815038bca72c6e6cc05ab6ddcbbe29361ce382dfcc08a17256a08b2f9,a40ab2db3f130643848e987e2ee1925f875307ad5455614653acfe5315c3a10d,2026-09-24__sony,0,0.9970,stratified shuffle
2026-09-11__oneplus__class_011__PXL_20260911_103706712,dataset/2026-09-11__oneplus/class_011__Peru_Minca/PXL_20260911_103706712.jpg,data/seg_masks/ml3_new_ft_s123/2026-09-11__oneplus__class_011__PXL_20260911_103706712.png,82d769eccb36d33765d243091763b086f3354e17d756053e0ff0eac6d2e7d52b,af0b8f961cd384035d5498ade81b16bbef5bf90fe20512eb4817c0d51fd03065,2026-09-11__oneplus,0,0.9974,stratified shuffle
2026-09-11__pixel__class_011__PXL_20260911_052733489,dataset/2026-09-11__pixel/class_011__Peru_Minca/PXL_20260911_052733489.jpg,data/seg_masks/ml3_new_ft_s123/2026-09-11__pixel__class_011__PXL_20260911_052733489.png,981d28f8c5ab6670ecfb9acfc555c01e1a46e39748e23f17a943bbb1a84939e7,6fab02c74f818b614a75ee84822bd97a22193a4f4ebec6a935c7b031681cd36a,2026-09-11__pixel,0,0.9981,stratified shuffle
2026-09-11__sony__class_011__PIC_20260911_124707,dataset/2026-09-11__sony/class_011__Peru_Minca/PIC_20260911_124707.JPG,data/seg_masks/ml3_new_ft_s123/2026-09-11__sony__class_011__PIC_20260911_124707.png,56427f1ae83087fd48d02260c9672d721ac18ff32e8e5f9330847dcdce52e552,ee6dd6ab944bc03cba02c291a0f92c5acb3ea87d4dbb0cb528af02e2785c85cf,2026-09-11__sony,0,0.9965,stratified shuffle
2026-09-24__pixel__class_012__PXL_20260924_073859032,dataset/2026-09-24__pixel/class_012__Rwanda_Gisuma/PXL_20260924_073859032.jpg,data/seg_masks/ml3_new_ft_s123/2026-09-24__pixel__class_012__PXL_20260924_073859032.png,a2b5d3ca9fb7a26a4ae28eb8b86deb2fc87f993f36a94b684a1c764addb58b19,2e5ccd020b77caccca3680456572ff11ea37206cd5599d957dea1892cd68c864,2026-09-24__pixel,0,0.9985,stratified shuffle
2026-09-24__oneplus__class_011__PXL_20260924_175127678,dataset/2026-09-24__oneplus/class_011__Peru_Minca/PXL_20260924_175127678.jpg,data/seg_masks/ml3_new_ft_s123/2026-09-24__oneplus__class_011__PXL_20260924_175127678.png,e7f928b75ca4f1fb32282d4617fc76a693d4d026599e9aa1136cbb2117eee6b8,e7ef0cdbd97f177e3887f145780ddc02d171e7ccbd02afb6beef7a8af32b363d,2026-09-24__oneplus,0,0.9956,stratified shuffle
2026-09-24__sony__class_012__PIC_20260924_152044,dataset/2026-09-24__sony/class_012__Rwanda_Gisuma/PIC_20260924_152044.JPG,data/seg_masks/ml3_new_ft_s123/2026-09-24__sony__class_012__PIC_20260924_152044.png,7b788740b3db5af6c1658b0bb73f4288e918102602c447718a88493c95ce7d88,30f38e7fc1d06ece9d2d84879658e52c0309cd158a0f394c4f4f541308ac916e,2026-09-24__sony,0,0.9825,stratified shuffle
2026-09-24__pixel__class_012__PXL_20260924_055321291,dataset/2026-09-24__pixel/class_012__Rwanda_Gisuma/PXL_20260924_055321291.jpg,data/seg_masks/ml3_new_ft_s123/2026-09-24__pixel__class_012__PXL_20260924_055321291.png,609a3c6aadf2681c890bee6ea963d6635254e18cab703121682cd517054e0e5f,25e4fa60d36a6b8045a6a99614bae2e5f05f28d5d731e524c185560ae2c44d2d,2026-09-24__pixel,0,0.9989,stratified shuffle
2026-09-24__sony__class_012__PIC_20260924_152928,dataset/2026-09-24__sony/class_012__Rwanda_Gisuma/PIC_20260924_152928.JPG,data/seg_masks/ml3_new_ft_s123/2026-09-24__sony__class_012__PIC_20260924_152928.png,e013650ff01b32a1a4b77986025b8bcb34fa986dfcd587768c2c672417736d5a,2d2c88085872032bf402058955f1fc9ccd9daf20c036b978efcf447b861e512c,2026-09-24__sony,0,0.9964,stratified shuffle
2026-09-24__oneplus__class_011__PXL_20260924_180001823,dataset/2026-09-24__oneplus/class_011__Peru_Minca/PXL_20260924_180001823.jpg,data/seg_masks/ml3_new_ft_s123/2026-09-24__oneplus__class_011__PXL_20260924_180001823.png,4fa3acbfc89c2871c0b63ac9d61f4e839b8fd310032f3318de95cb6a91086f0c,846f318ac75aaa08f01fce5380cb8445a1960d5b67f7dc223eab657381d56dd7,2026-09-24__oneplus,0,0.9985,stratified shuffle
2026-09-24__pixel__class_012__PXL_20260924_074157626,dataset/2026-09-24__pixel/class_012__Rwanda_Gisuma/PXL_20260924_074157626.jpg,data/seg_masks/ml3_new_ft_s123/2026-09-24__pixel__class_012__PXL_20260924_074157626.png,fba207c66235ad5ac9c0ffb6cf4f2c7a07e40c31c8c69b0c88719d1c17d5ffe0,657cbd86652f8b577f9edfa4cbeeb12977824256e455eebd824db55cb985cd24,2026-09-24__pixel,0,0.9987,stratified shuffle
2026-09-24__sony__class_011__PIC_20260924_200521,dataset/2026-09-24__sony/class_011__Peru_Minca/PIC_20260924_200521.JPG,data/seg_masks/ml3_new_ft_s123/2026-09-24__sony__class_011__PIC_20260924_200521.png,3ae81329d12ba5ef965631dbff415a46981684b12bbc877d570266968cfdf9c1,c9a2adfe2807ae371fd140f4dfa1bf6fa9f7607c7af4d7d932c806f12a0bed99,2026-09-24__sony,0,0.9961,stratified shuffle
2026-09-24__oneplus__class_011__PXL_20260924_174728798,dataset/2026-09-24__oneplus/class_011__Peru_Minca/PXL_20260924_174728798.jpg,data/seg_masks/ml3_new_ft_s123/2026-09-24__oneplus__class_011__PXL_20260924_174728798.png,12b154ee76893ca62f04910a0b891bc0611e846c5f3516d761d57128fcf1a538,e8635feb4fdfe3993ae174fb0dc15ca9bb40b8bfb86b1f1a715bf7a0e03cd0e8,2026-09-24__oneplus,0,0.7530,stratified shuffle
2026-09-11__oneplus__class_011__PXL_20260911_103942885,dataset/2026-09-11__oneplus/class_011__Peru_Minca/PXL_20260911_103942885.jpg,data/seg_masks/ml3_new_ft_s123/2026-09-11__oneplus__class_011__PXL_20260911_103942885.png,74e9aa7e33c9fa189d6488d650e318211a1ed2d06abf8a62c98d79edbf1bb234,442825a508249b07745509a4cc3eb8d20a51a6ba4249c64c419ceeee60b21c9a,2026-09-11__oneplus,0,0.9977,stratified shuffle
2026-09-11__pixel__class_011__PXL_20260911_052519526,dataset/2026-09-11__pixel/class_011__Peru_Minca/PXL_20260911_052519526.jpg,data/seg_masks/ml3_new_ft_s123/2026-09-11__pixel__class_011__PXL_20260911_052519526.png,5133e87f4086e695122a02368aeb2318035ac6d10e143e17f89333eae8c3ff11,e700075ca4ce7e55670ba7b7d5853e8bbeabd839c4c1efe518117aa1dba972aa,2026-09-11__pixel,0,0.9874,stratified shuffle
2026-09-11__sony__class_011__PIC_20260911_125032,dataset/2026-09-11__sony/class_011__Peru_Minca/PIC_20260911_125032.JPG,data/seg_masks/ml3_new_ft_s123/2026-09-11__sony__class_011__PIC_20260911_125032.png,fb9ee366919784864a7b552b8838a29e2792b582f8167979c2cde533d189a76e,7bd885eccb5cbd43f889df7336e18a879700e481f87f583ae9540d2cfb7110ff,2026-09-11__sony,0,0.9971,stratified shuffle
2026-09-24__pixel__class_011__PXL_20260924_123716063,dataset/2026-09-24__pixel/class_011__Peru_Minca/PXL_20260924_123716063.jpg,data/seg_masks/ml3_new_ft_s123/2026-09-24__pixel__class_011__PXL_20260924_123716063.png,87c3a10da00794c3307dc7aae96696dff76a43368db69036ade88588cc79df36,fd4e202e3127c8c937a67d163319d247f05a7ecb38fcb3d109e31c0340e12409,2026-09-24__pixel,0,0.9977,stratified shuffle
2026-09-24__sony__class_011__PIC_20260924_200418,dataset/2026-09-24__sony/class_011__Peru_Minca/PIC_20260924_200418.JPG,data/seg_masks/ml3_new_ft_s123/2026-09-24__sony__class_011__PIC_20260924_200418.png,6801daf7936eeaf77091bdd01a715663016e6964f07f2657297d09d752224373,db5ee828d0f1fa92013489ac625779a8f5a5b8691d4d1ccdb61e71c03a19dc44,2026-09-24__sony,0,0.9961,stratified shuffle
2026-09-24__oneplus__class_011__PXL_20260924_175059460,dataset/2026-09-24__oneplus/class_011__Peru_Minca/PXL_20260924_175059460.jpg,data/seg_masks/ml3_new_ft_s123/2026-09-24__oneplus__class_011__PXL_20260924_175059460.png,cf8d1668eda99a71006e82a0b0990e42f85b36b225c4bee708778f270a80c3fa,afa7390dde8b4a942eb1c4d2e0f331d1f8ca852e01020b9e452b62d95fc7ef48,2026-09-24__oneplus,0,0.8429,stratified shuffle
2026-09-24__pixel__class_011__PXL_20260924_124118402,dataset/2026-09-24__pixel/class_011__Peru_Minca/PXL_20260924_124118402.jpg,data/seg_masks/ml3_new_ft_s123/2026-09-24__pixel__class_011__PXL_20260924_124118402.png,ea1ce974cbbc770b50c4e031d372a5a15557f5d9cfaf01eb03a05d8bdf87980c,cdebb87aeec8c55163fb35578e33252cb328e52dd85a2251bee7a3506321b173,2026-09-24__pixel,0,0.9989,stratified shuffle
2026-09-24__sony__class_011__PIC_20260924_200348,dataset/2026-09-24__sony/class_011__Peru_Minca/PIC_20260924_200348.JPG,data/seg_masks/ml3_new_ft_s123/2026-09-24__sony__class_011__PIC_20260924_200348.png,fa0bcab44b8d4900f573702c64dc806aa6811067b7e40013a3860e025acab9ca,2105c9d799e5e0f8fd55938fcc9408f2cedac6974a93e098365d05c21dbfee4a,2026-09-24__sony,0,0.9952,stratified shuffle
2026-09-24__pixel__class_012__PXL_20260924_074057154,dataset/2026-09-24__pixel/class_012__Rwanda_Gisuma/PXL_20260924_074057154.jpg,data/seg_masks/ml3_new_ft_s123/2026-09-24__pixel__class_012__PXL_20260924_074057154.png,ef5abc2b7d5ec8b66e982abe617071660c3f05c7cf33d6885b73623f9f0414f9,22707948fb769cb52d730f4261388192d44fc8dc76247aef00423e66428ee243,2026-09-24__pixel,0,0.9999,stratified shuffle
2026-09-24__oneplus__class_011__PXL_20260924_175814602,dataset/2026-09-24__oneplus/class_011__Peru_Minca/PXL_20260924_175814602.jpg,data/seg_masks/ml3_new_ft_s123/2026-09-24__oneplus__class_011__PXL_20260924_175814602.png,8719b23898d7736c245e485446ef26df6b91be763380f7121e17cc40291b599c,81d707aa521241d3306b5dce888b56864d9da6f6038dc44bc41a30a7e1568df9,2026-09-24__oneplus,0,0.9994,stratified shuffle
2026-09-24__sony__class_012__PIC_20260924_152716,dataset/2026-09-24__sony/class_012__Rwanda_Gisuma/PIC_20260924_152716.JPG,data/seg_masks/ml3_new_ft_s123/2026-09-24__sony__class_012__PIC_20260924_152716.png,73ceb3c89c30aaf8a076c8d2e719e3af3586ac4b6103d29ee6cd4b44659cf40b,929a5f96720bc99f7552d60a73bd02fb538a5ed577e5f2c4625dbd1a73caee1e,2026-09-24__sony,0,0.9960,stratified shuffle
2026-09-24__pixel__class_012__PXL_20260924_073519643,dataset/2026-09-24__pixel/class_012__Rwanda_Gisuma/PXL_20260924_073519643.jpg,data/seg_masks/ml3_new_ft_s123/2026-09-24__pixel__class_012__PXL_20260924_073519643.png,7500f89b48c4f4d917afa771a20adc88ded61a6847e65267bcc5281f0f175d3b,3ec50709cdbfad0349c7d44f2a5ed1e871b16844c6d34425a3a9740657277640,2026-09-24__pixel,0,0.9988,stratified shuffle
2026-09-24__sony__class_012__PIC_20260924_150218,dataset/2026-09-24__sony/class_012__Rwanda_Gisuma/PIC_20260924_150218.JPG,data/seg_masks/ml3_new_ft_s123/2026-09-24__sony__class_012__PIC_20260924_150218.png,acae99b066d757ea0d9e97eb08496b95afaeae5620accdb4537fc64209ee1cec,36ac7593ab91f97df83dca3f9a9c9010c2306165dd70ba6dc907bdab7fd819dd,2026-09-24__sony,0,0.2677,stratified shuffle
2026-09-11__oneplus__class_011__PXL_20260911_103735922,dataset/2026-09-11__oneplus/class_011__Peru_Minca/PXL_20260911_103735922.jpg,data/seg_masks/ml3_new_ft_s123/2026-09-11__oneplus__class_011__PXL_20260911_103735922.png,f381ffceb2086cab39664cff24a844ecf9c4bb32ed01aef5b86a9aaea76e0409,5e7a3cfb7137940d594188886119ca8e397e469a067e526748a47a71ac5c8679,2026-09-11__oneplus,0,0.9993,stratified shuffle
2026-09-11__pixel__class_011__PXL_20260911_052501251,dataset/2026-09-11__pixel/class_011__Peru_Minca/PXL_20260911_052501251.jpg,data/seg_masks/ml3_new_ft_s123/2026-09-11__pixel__class_011__PXL_20260911_052501251.png,5bbbfe3aeb51ef79d02101dfeace338c89888594bece899690407e20c5423d03,f9f5b88180d23821cb71245fa8edafc78a49e8d74397e11fc01c16d4c2ed5006,2026-09-11__pixel,0,0.9989,stratified shuffle
2026-09-11__sony__class_011__PIC_20260911_124815,dataset/2026-09-11__sony/class_011__Peru_Minca/PIC_20260911_124815.JPG,data/seg_masks/ml3_new_ft_s123/2026-09-11__sony__class_011__PIC_20260911_124815.png,f186a3bdc463275c65f03f23f48d0c52cf71a31a0f294c8e8c88b3ea79089c36,10356bf2020c64b16f1c381eb41954147c1ae7241822df3909be361479e5fc62,2026-09-11__sony,0,0.9958,stratified shuffle
2026-09-24__oneplus__class_011__PXL_20260924_175853449,dataset/2026-09-24__oneplus/class_011__Peru_Minca/PXL_20260924_175853449.jpg,data/seg_masks/ml3_new_ft_s123/2026-09-24__oneplus__class_011__PXL_20260924_175853449.png,b216747490ffb8b73240d63d7ece66c1fb44100975ce14780b85c155de9143a4,4b4160e7b501e243d7609e3b33713f632f0f83361fc8a7c6dca27307851429e1,2026-09-24__oneplus,0,0.9998,stratified shuffle
2026-09-24__pixel__class_012__PXL_20260924_055617759,dataset/2026-09-24__pixel/class_012__Rwanda_Gisuma/PXL_20260924_055617759.jpg,data/seg_masks/ml3_new_ft_s123/2026-09-24__pixel__class_012__PXL_20260924_055617759.png,fe4b3ce297756785c8df8754065a6d1ec0c46f898a9119d0439b6c71f625e65a,226a5a03380c604a82c664ed937db84f03ad17ec1211b82b278361d3a1458d20,2026-09-24__pixel,0,0.9316,stratified shuffle
2026-09-24__sony__class_012__PIC_20260924_145627,dataset/2026-09-24__sony/class_012__Rwanda_Gisuma/PIC_20260924_145627.JPG,data/seg_masks/ml3_new_ft_s123/2026-09-24__sony__class_012__PIC_20260924_145627.png,4b3c1fdef66e39b46de5c4cc025e57ba9948a28aa82c7d93a6c0c8db1f383149,e49fe65c78b2127c69b9ec1c36c713cff1e3f7d13b1b62a731a45c0d385a2f44,2026-09-24__sony,0,0.9965,stratified shuffle
2026-09-24__oneplus__class_012__PXL_20260924_103305714,dataset/2026-09-24__oneplus/class_012__Rwanda_Gisuma/PXL_20260924_103305714.jpg,data/seg_masks/ml3_new_ft_s123/2026-09-24__oneplus__class_012__PXL_20260924_103305714.png,6cbf9751de54e17a94d06512da1dd4e764c408ddbc577165cbc6257cc6093434,8c021a11d639ae007c43839dae412e22f7363a5b2f56b3f7000161418d872a53,2026-09-24__oneplus,0,0.9898,stratified shuffle
2026-09-24__pixel__class_011__PXL_20260924_124437879,dataset/2026-09-24__pixel/class_011__Peru_Minca/PXL_20260924_124437879.jpg,data/seg_masks/ml3_new_ft_s123/2026-09-24__pixel__class_011__PXL_20260924_124437879.png,1984229f48a1843eb833f61ca19a98b9151de4a8f1c4a1f3df40a410d2b23d16,5e07f1c92dfe9a01817c39b563eabf2aebd3911a63f07c9a5075c3d02c2e9fc4,2026-09-24__pixel,0,0.8229,stratified shuffle
2026-09-24__sony__class_012__PIC_20260924_152215,dataset/2026-09-24__sony/class_012__Rwanda_Gisuma/PIC_20260924_152215.JPG,data/seg_masks/ml3_new_ft_s123/2026-09-24__sony__class_012__PIC_20260924_152215.png,76c5dd2f52236355ce00459cdc8471667d3b817795c9c3f98cb3f71f8ea119f9,4dbd634557d53e648f8708897fd6f5f64cbdf426ad74b16803c0b98de1a3e3cd,2026-09-24__sony,0,0.9963,stratified shuffle
2026-09-24__oneplus__class_012__PXL_20260924_102611569,dataset/2026-09-24__oneplus/class_012__Rwanda_Gisuma/PXL_20260924_102611569.jpg,data/seg_masks/ml3_new_ft_s123/2026-09-24__oneplus__class_012__PXL_20260924_102611569.png,6636012dd5401cf5a698530b2acd41d91990996eee516a3925506a933829bac1,7d5121d9ebca834f6292f99606e81f886aae40ce68adc2ddf85b6e96faac4bc8,2026-09-24__oneplus,0,0.9967,stratified shuffle
2026-09-24__pixel__class_011__PXL_20260924_123200805,dataset/2026-09-24__pixel/class_011__Peru_Minca/PXL_20260924_123200805.jpg,data/seg_masks/ml3_new_ft_s123/2026-09-24__pixel__class_011__PXL_20260924_123200805.png,a31a456fed34ca379213a1795383ae7f8bd94fb562fdb5457e997c2141340a72,04aaa4b6593a85846197c7f7eef04dbe2ffb5212fbe1780dae3bbbf04b1d5a37,2026-09-24__pixel,0,0.9983,stratified shuffle
2026-09-24__sony__class_012__PIC_20260924_150709,dataset/2026-09-24__sony/class_012__Rwanda_Gisuma/PIC_20260924_150709.JPG,data/seg_masks/ml3_new_ft_s123/2026-09-24__sony__class_012__PIC_20260924_150709.png,1dd400525a1bc1e39a01be8e8945a6790e047a8e23597478c3d10c88d7c85d3c,bb2cf7393b96a6dd55c7244f434a2d1985f468582cce4fd0ade78df94b30d4e8,2026-09-24__sony,0,0.9964,stratified shuffle
2026-09-11__oneplus__class_011__PXL_20260911_103852413,dataset/2026-09-11__oneplus/class_011__Peru_Minca/PXL_20260911_103852413.jpg,data/seg_masks/ml3_new_ft_s123/2026-09-11__oneplus__class_011__PXL_20260911_103852413.png,2c77ffe7a1a866a5ecb9ba496355ee1674da2a12551344ce752cdc8318728182,4bb171e9a742f73b77f771aa923815c5bdb9af671ad73dc9265041dcd0c1301f,2026-09-11__oneplus,0,0.9980,stratified shuffle
2026-09-11__pixel__class_011__PXL_20260911_052641686,dataset/2026-09-11__pixel/class_011__Peru_Minca/PXL_20260911_052641686.jpg,data/seg_masks/ml3_new_ft_s123/2026-09-11__pixel__class_011__PXL_20260911_052641686.png,f9df3fada17597f4eac4b0d3891b0bf0092974b0993509ccc3aeacb940e67bef,5f9a682258114369dc85b2ba30e7613106d3eb5041bef19e46a484d400f80c65,2026-09-11__pixel,0,0.9988,stratified shuffle
2026-09-11__sony__class_011__PIC_20260911_125004,dataset/2026-09-11__sony/class_011__Peru_Minca/PIC_20260911_125004.JPG,data/seg_masks/ml3_new_ft_s123/2026-09-11__sony__class_011__PIC_20260911_125004.png,29bd4d8ae9f37c32e65a0a7a7991ffd6d7f1c8f028ba547036924e067d962186,938eff443da0d0200457dff77514e09b3b81f094ebcddce3fd0b10678c2ff88c,2026-09-11__sony,0,0.9940,stratified shuffle
2026-09-24__pixel__class_012__PXL_20260924_054756745,dataset/2026-09-24__pixel/class_012__Rwanda_Gisuma/PXL_20260924_054756745.jpg,data/seg_masks/ml3_new_ft_s123/2026-09-24__pixel__class_012__PXL_20260924_054756745.png,e3006ce1cc0faa96d460dd26a7cae368176677c6dd29dd199d704304b1857bda,77b25ddf2e15ddfa8ac8e18b1b49f09a1dddcc0bdd65f263f437dd9f28aaf591,2026-09-24__pixel,0,0.9982,stratified shuffle
2026-09-24__oneplus__class_011__PXL_20260924_175004885,dataset/2026-09-24__oneplus/class_011__Peru_Minca/PXL_20260924_175004885.jpg,data/seg_masks/ml3_new_ft_s123/2026-09-24__oneplus__class_011__PXL_20260924_175004885.png,d010152ce749ceeed2645f989d20d123e4f8f5caecd191470e9081cd1dbf1dfe,67e3a8981bf9105b5e269b93dab16e676146005fe3318e760e94823ae5ed3206,2026-09-24__oneplus,0,0.9962,stratified shuffle
2026-09-24__sony__class_011__PIC_20260924_201011,dataset/2026-09-24__sony/class_011__Peru_Minca/PIC_20260924_201011.JPG,data/seg_masks/ml3_new_ft_s123/2026-09-24__sony__class_011__PIC_20260924_201011.png,c300df76a31fe364b71c73a04f10eb69ad23092e568b7cbf942cfc8e1611f8cf,2c86a730999b454f5ebd51e33a4d0e4aee4099f9d5552ec98bf3bb23b4c88fb7,2026-09-24__sony,0,0.9961,stratified shuffle
2026-09-24__pixel__class_012__PXL_20260924_055238524,dataset/2026-09-24__pixel/class_012__Rwanda_Gisuma/PXL_20260924_055238524.jpg,data/seg_masks/ml3_new_ft_s123/2026-09-24__pixel__class_012__PXL_20260924_055238524.png,ba88ec199356fd833b420b9cce00b17b24121aa34e82a7b05037d352a898d95f,f634a286edd659a66ace1f04cac1571412ff90a9522dd60e2bc21573f48de465,2026-09-24__pixel,0,0.9956,stratified shuffle
2026-09-24__oneplus__class_012__PXL_20260924_101810482,dataset/2026-09-24__oneplus/class_012__Rwanda_Gisuma/PXL_20260924_101810482.jpg,data/seg_masks/ml3_new_ft_s123/2026-09-24__oneplus__class_012__PXL_20260924_101810482.png,9540b7ce4f06f571b9c3dc41eabeef42e3ff40b07188990fd90481de061adaf2,9a84712e5c13c196bc6e0fbf7ed5ef4030190280c45f930130e70f8142311254,2026-09-24__oneplus,0,0.9463,stratified shuffle
2026-09-24__sony__class_012__PIC_20260924_152017,dataset/2026-09-24__sony/class_012__Rwanda_Gisuma/PIC_20260924_152017.JPG,data/seg_masks/ml3_new_ft_s123/2026-09-24__sony__class_012__PIC_20260924_152017.png,bfb844e7c46321652bfa127ad0d1c2f46277f4e2347b35d0f3a9295603e52259,b516616224c9faedc33a24ac0467e5f3b53cb572c8cb54cc0863dbffcd91ab84,2026-09-24__sony,0,0.9970,stratified shuffle
2026-09-24__pixel__class_012__PXL_20260924_055142451,dataset/2026-09-24__pixel/class_012__Rwanda_Gisuma/PXL_20260924_055142451.jpg,data/seg_masks/ml3_new_ft_s123/2026-09-24__pixel__class_012__PXL_20260924_055142451.png,e99d82a120f697cd7d5eeaa4119ceef6782d8e77426a805488973c4f605ca209,689a2f5891f35d12d9b332ff34cd6efd427b60eae558a73a4b40e3af001a1fd1,2026-09-24__pixel,0,0.9990,stratified shuffle
2026-09-24__sony__class_011__PIC_20260924_200454,dataset/2026-09-24__sony/class_011__Peru_Minca/PIC_20260924_200454.JPG,data/seg_masks/ml3_new_ft_s123/2026-09-24__sony__class_011__PIC_20260924_200454.png,467bb725172c502ddf6eee73ab93e615f5cc1e916dd6472d7f1f8db2fff09202,e209cde805e711d372cb65a6cd7409bc0b1489e4c6d33e89d0ef8027382a2886,2026-09-24__sony,0,0.7159,stratified shuffle
2026-09-24__oneplus__class_011__PXL_20260924_175742189,dataset/2026-09-24__oneplus/class_011__Peru_Minca/PXL_20260924_175742189.jpg,data/seg_masks/ml3_new_ft_s123/2026-09-24__oneplus__class_011__PXL_20260924_175742189.png,a31902f3eca6c325a9509083084728b66df31e057142bd992bfa351dd5b60eab,920548a1df0b1e9de11edfa5a5c8806d7b5fb7122b291fcf16c5315f6f1a1224,2026-09-24__oneplus,0,0.9981,stratified shuffle
2026-09-24__pixel__class_012__PXL_20260924_055639328,dataset/2026-09-24__pixel/class_012__Rwanda_Gisuma/PXL_20260924_055639328.jpg,data/seg_masks/ml3_new_ft_s123/2026-09-24__pixel__class_012__PXL_20260924_055639328.png,92a18dcd08f38a57af9a0acb3e3bb045656f09a791a6158d84e6dd6ad28c1619,e85de4048a129a3bbdc094768988efe1d54d1cd61ec7bd38c8d3acb25958df5e,2026-09-24__pixel,0,0.9436,stratified shuffle
2026-09-11__oneplus__class_011__PXL_20260911_103839513,dataset/2026-09-11__oneplus/class_011__Peru_Minca/PXL_20260911_103839513.jpg,data/seg_masks/ml3_new_ft_s123/2026-09-11__oneplus__class_011__PXL_20260911_103839513.png,0e74b21df145a6520b854cfec5ae77eb311f4ad6def02a4ea568ed19365e2c99,d5820dda6d956003f553754bedabe71763f6784402b823e2241870d7d99bbf28,2026-09-11__oneplus,0,0.9994,stratified shuffle
2026-09-11__pixel__class_011__PXL_20260911_052433815,dataset/2026-09-11__pixel/class_011__Peru_Minca/PXL_20260911_052433815.jpg,data/seg_masks/ml3_new_ft_s123/2026-09-11__pixel__class_011__PXL_20260911_052433815.png,2b92c63e88b7f0a7ad1deed663ea4979fa0bb112ef560c03284c6d2a9298b510,d9539369a4ff5ec59b8612b4cf8e381ab3b96136575d6673b99f659b98b7d57d,2026-09-11__pixel,0,0.9982,stratified shuffle
2026-09-11__sony__class_011__PIC_20260911_124828,dataset/2026-09-11__sony/class_011__Peru_Minca/PIC_20260911_124828.JPG,data/seg_masks/ml3_new_ft_s123/2026-09-11__sony__class_011__PIC_20260911_124828.png,d04ad98b208c49b9af9c928a0ec52dcac8bc7f50ee4119b96a85418da7615d28,5c128b614ce848b660ceebeaf231f62a7768388a7f00907348056ccba6e60de8,2026-09-11__sony,0,0.9948,stratified shuffle
2026-09-24__sony__class_012__PIC_20260924_152557,dataset/2026-09-24__sony/class_012__Rwanda_Gisuma/PIC_20260924_152557.JPG,data/seg_masks/ml3_new_ft_s123/2026-09-24__sony__class_012__PIC_20260924_152557.png,4cb2502bbbd0b952a6d24b0da6ca0abf318032854dff5458885afa75b7e931a3,7142e8a54e4948959d2ae428be564ef7a6dd9a545191c00820f9caed507e2623,2026-09-24__sony,0,0.9964,stratified shuffle
2026-09-24__pixel__class_012__PXL_20260924_074530013,dataset/2026-09-24__pixel/class_012__Rwanda_Gisuma/PXL_20260924_074530013.jpg,data/seg_masks/ml3_new_ft_s123/2026-09-24__pixel__class_012__PXL_20260924_074530013.png,f4f59aef40ae274cc000ab8945adca471123daedae39c506c31ea7adf6be9932,11b5af1a12a8d7137d8b85e999d749a92755c54c28b834d5334ce66a90c66cca,2026-09-24__pixel,0,0.9944,stratified shuffle
2026-09-24__oneplus__class_011__PXL_20260924_175208275,dataset/2026-09-24__oneplus/class_011__Peru_Minca/PXL_20260924_175208275.jpg,data/seg_masks/ml3_new_ft_s123/2026-09-24__oneplus__class_011__PXL_20260924_175208275.png,177f43563b8d67120f8dd010e39d675c7e518477b4d68382475615d56a8f8c15,6d6a101e7a01d7e1b1f338ffa8f0c868b12a4422d86bf8daaf755d028c098bcf,2026-09-24__oneplus,0,0.9935,stratified shuffle
2026-09-24__sony__class_011__PIC_20260924_201513,dataset/2026-09-24__sony/class_011__Peru_Minca/PIC_20260924_201513.JPG,data/seg_masks/ml3_new_ft_s123/2026-09-24__sony__class_011__PIC_20260924_201513.png,2afe62c78e531401aab33764b8ba655acce4ce8857816dffa4a65c274fd93b43,d2b03e2504c808cca48f25af5c53ffe40236291ecf932ccaa848aa8725b3ff26,2026-09-24__sony,0,0.9945,stratified shuffle
2026-09-24__pixel__class_012__PXL_20260924_073445462,dataset/2026-09-24__pixel/class_012__Rwanda_Gisuma/PXL_20260924_073445462.jpg,data/seg_masks/ml3_new_ft_s123/2026-09-24__pixel__class_012__PXL_20260924_073445462.png,23d8cdb71da4a169add826e656b9116edbfd159c210734ba46d8e88559e3b72d,4985cd36f2a824535070e54a5b5bd839a51f60036d3f0bab513d95bffb06e0c4,2026-09-24__pixel,0,0.9988,stratified shuffle
2026-09-24__oneplus__class_012__PXL_20260924_101636816,dataset/2026-09-24__oneplus/class_012__Rwanda_Gisuma/PXL_20260924_101636816.jpg,data/seg_masks/ml3_new_ft_s123/2026-09-24__oneplus__class_012__PXL_20260924_101636816.png,34168f93d17a4449f5ec4cb31070d30bc8b9d93065dd749ce1bf7aa1b4dcd1e3,26265b5e5722489ba0e7c1f37a9afbdd4390e8ade8a54b945e47d960ce474776,2026-09-24__oneplus,0,0.9996,stratified shuffle
2026-09-24__sony__class_011__PIC_20260924_201133,dataset/2026-09-24__sony/class_011__Peru_Minca/PIC_20260924_201133.JPG,data/seg_masks/ml3_new_ft_s123/2026-09-24__sony__class_011__PIC_20260924_201133.png,c06c7e281e1eadee82e044ca974c3365f0f11903e38085468e09f70533625f3e,025f95aa325b4c16efb566537ba4b93b7c0ac5622e8614db64282d5254cfed26,2026-09-24__sony,0,0.9954,stratified shuffle
2026-09-24__pixel__class_012__PXL_20260924_074224216,dataset/2026-09-24__pixel/class_012__Rwanda_Gisuma/PXL_20260924_074224216.jpg,data/seg_masks/ml3_new_ft_s123/2026-09-24__pixel__class_012__PXL_20260924_074224216.png,8bbc258d880f964ab1e3c99525031d40fb6cb70d677e1a7a4f0aadb5b11637da,3ea069886b93b3b44a20325833b860a0fe847c119fcf6fb0dad82f996c6c1ef7,2026-09-24__pixel,0,0.9989,stratified shuffle
2026-09-24__oneplus__class_012__PXL_20260924_101727235,dataset/2026-09-24__oneplus/class_012__Rwanda_Gisuma/PXL_20260924_101727235.jpg,data/seg_masks/ml3_new_ft_s123/2026-09-24__oneplus__class_012__PXL_20260924_101727235.png,9ee5a87c64365ec4dccc2dbbd15385af69ac9e6c89fa0cf3051b59e87e13b1c2,3876feadc3a76cb0d768a61ab7d9ee43d3bdd3af89a8e1e1f7d00e722099e45e,2026-09-24__oneplus,0,0.9975,stratified shuffle
2026-09-11__oneplus__class_011__PXL_20260911_103654460,dataset/2026-09-11__oneplus/class_011__Peru_Minca/PXL_20260911_103654460.jpg,data/seg_masks/ml3_new_ft_s123/2026-09-11__oneplus__class_011__PXL_20260911_103654460.png,cda3f916b7c944161a4ac18b9521476d6f3af0515cd0ff01c23fe3eb69cff9be,446f9ccc0307ebb63de697b378272184f913368560a8aaf44ea2f9d07d38ee88,2026-09-11__oneplus,0,0.9999,stratified shuffle
2026-09-11__pixel__class_011__PXL_20260911_052530958,dataset/2026-09-11__pixel/class_011__Peru_Minca/PXL_20260911_052530958.jpg,data/seg_masks/ml3_new_ft_s123/2026-09-11__pixel__class_011__PXL_20260911_052530958.png,5d08b0ac52b4d5348bcc05d31da8d2773064ff4d251fb4bd0d172cd5f6976565,878a0d1fda6ac6746ac22a986409f9c3956fa62dd820ab422ba37eca9df398f9,2026-09-11__pixel,0,0.9983,stratified shuffle
2026-09-11__sony__class_011__PIC_20260911_124900,dataset/2026-09-11__sony/class_011__Peru_Minca/PIC_20260911_124900.JPG,data/seg_masks/ml3_new_ft_s123/2026-09-11__sony__class_011__PIC_20260911_124900.png,511979427615dc8f2680008bb8c88694d43c75fca4d10e3dba05e553bf1bfa40,2adeeac8ba3063ede1aab44d0881663223cf41504a0f76b9c66a1a2de2125fd6,2026-09-11__sony,0,0.9964,stratified shuffle
2026-09-24__sony__class_011__PIC_20260924_202153,dataset/2026-09-24__sony/class_011__Peru_Minca/PIC_20260924_202153.JPG,data/seg_masks/ml3_new_ft_s123/2026-09-24__sony__class_011__PIC_20260924_202153.png,9d9b110beffe81b8f284d1579988c166c4f57d1ee1d8d7cf1376b96f9d17e9f2,6048622df97d52c758946764d0ade45c26d0622feafec7b9fc4e2a03ce5f741e,2026-09-24__sony,0,0.9938,stratified shuffle
2026-09-24__pixel__class_012__PXL_20260924_054601778,dataset/2026-09-24__pixel/class_012__Rwanda_Gisuma/PXL_20260924_054601778.jpg,data/seg_masks/ml3_new_ft_s123/2026-09-24__pixel__class_012__PXL_20260924_054601778.png,023e0309ea768df8193dd471ffae5685a90e9ed50e17508c874d3ac205b67905,bb261718b23bbc3bf09af064cf8927db214f51b03f9a0742f652419aa930b83f,2026-09-24__pixel,0,0.8339,stratified shuffle
2026-09-24__sony__class_012__PIC_20260924_150953,dataset/2026-09-24__sony/class_012__Rwanda_Gisuma/PIC_20260924_150953.JPG,data/seg_masks/ml3_new_ft_s123/2026-09-24__sony__class_012__PIC_20260924_150953.png,d5b09680a6f2bd6028e413392af57216b6e83758416a218d9b6ac6551569120e,e8baac1303d331789caa4c339d3a00609c5dc7d76faa953f4556a441bd4e915b,2026-09-24__sony,0,0.9969,stratified shuffle
2026-09-24__oneplus__class_012__PXL_20260924_104154289,dataset/2026-09-24__oneplus/class_012__Rwanda_Gisuma/PXL_20260924_104154289.jpg,data/seg_masks/ml3_new_ft_s123/2026-09-24__oneplus__class_012__PXL_20260924_104154289.png,e14587de0ace52d8fed90105437721e2cb4316bb8bced779dbdc11bb0b8e204e,276843db0eec00fc03fca39cb208424203aae94781f1a826740712f8e65c1c17,2026-09-24__oneplus,0,0.9991,stratified shuffle
2026-09-24__pixel__class_011__PXL_20260924_123051505,dataset/2026-09-24__pixel/class_011__Peru_Minca/PXL_20260924_123051505.jpg,data/seg_masks/ml3_new_ft_s123/2026-09-24__pixel__class_011__PXL_20260924_123051505.png,420b7ef642561ee5afb0d819a7a3d4f08e5b34528e2b8a1a6c0d20732ff8b574,cba69425f37e29255dbe261b5d222b6766ae367ee5c9126e4fdb130720877712,2026-09-24__pixel,0,0.9666,stratified shuffle
2026-09-24__sony__class_011__PIC_20260924_201057,dataset/2026-09-24__sony/class_011__Peru_Minca/PIC_20260924_201057.JPG,data/seg_masks/ml3_new_ft_s123/2026-09-24__sony__class_011__PIC_20260924_201057.png,dd41e01509f7a32a425abcb2f9e30fe2e220f78c656e8a20c5363b26915249ae,9dfa50568af8417031879563b598646f1f505c74bc526628ab7accd6c7536bd0,2026-09-24__sony,0,0.9945,stratified shuffle
2026-09-24__pixel__class_011__PXL_20260924_124216973,dataset/2026-09-24__pixel/class_011__Peru_Minca/PXL_20260924_124216973.jpg,data/seg_masks/ml3_new_ft_s123/2026-09-24__pixel__class_011__PXL_20260924_124216973.png,e0dfd891b26948567f5f0bedf5f33433b687152f1e27421933ba0a9d086a61a4,f0d41b71b23de19b40c36c9ca30415dda14a07a47ea63934826af7e7932e415d,2026-09-24__pixel,0,0.9993,stratified shuffle
2026-09-24__oneplus__class_011__PXL_20260924_180037009,dataset/2026-09-24__oneplus/class_011__Peru_Minca/PXL_20260924_180037009.jpg,data/seg_masks/ml3_new_ft_s123/2026-09-24__oneplus__class_011__PXL_20260924_180037009.png,d0bb99d76ef3031759f17a2e1a9f0ca2d8276f539c124e647166bc43ca1e4b0c,ddba827427d27b3e5815848ee35d26f91732c271f99dc8340ff6642dcda744df,2026-09-24__oneplus,0,0.9490,stratified shuffle
2026-09-24__sony__class_012__PIC_20260924_152849,dataset/2026-09-24__sony/class_012__Rwanda_Gisuma/PIC_20260924_152849.JPG,data/seg_masks/ml3_new_ft_s123/2026-09-24__sony__class_012__PIC_20260924_152849.png,92bad59a23f690697a0a2d9c142d20860e82045073eaf8314f7e7693af72ed03,163c5956344f193125603e4aabcb735726caa3645ae136b6692053e645d82681,2026-09-24__sony,0,0.9966,stratified shuffle
2026-09-11__oneplus__class_011__PXL_20260911_103522456,dataset/2026-09-11__oneplus/class_011__Peru_Minca/PXL_20260911_103522456.jpg,data/seg_masks/ml3_new_ft_s123/2026-09-11__oneplus__class_011__PXL_20260911_103522456.png,0ce79535c2e124d9afb14b50ee07974b8b47a8a35c070245c7d73b84dd86911c,b2647bab5fe5901d961f660788c66ff87246edab6d6620b67963befb59103d13,2026-09-11__oneplus,0,0.9974,stratified shuffle
2026-09-11__pixel__class_011__PXL_20260911_052654983,dataset/2026-09-11__pixel/class_011__Peru_Minca/PXL_20260911_052654983.jpg,data/seg_masks/ml3_new_ft_s123/2026-09-11__pixel__class_011__PXL_20260911_052654983.png,a12c867f1b688ba7b0112a91d05bbe2321132fe32a35dc4ada03f78be3e957f5,eb89cb6c0d3f1b65ff1615e7d15d003ed3e83a86b49d9859131537ac9a0545af,2026-09-11__pixel,0,0.9991,stratified shuffle
2026-09-11__sony__class_011__PIC_20260911_124938,dataset/2026-09-11__sony/class_011__Peru_Minca/PIC_20260911_124938.JPG,data/seg_masks/ml3_new_ft_s123/2026-09-11__sony__class_011__PIC_20260911_124938.png,c092bc5c2c4dac98573608ec0805bb2e6d19addf62e1827fa06116ef55d0c2bd,480662b7773e49335dbb6533b2dfcefadf020b67a9805edaf7785e54143ef08d,2026-09-11__sony,0,0.9907,stratified shuffle
2026-09-24__pixel__class_012__PXL_20260924_054456514,dataset/2026-09-24__pixel/class_012__Rwanda_Gisuma/PXL_20260924_054456514.jpg,data/seg_masks/ml3_new_ft_s123/2026-09-24__pixel__class_012__PXL_20260924_054456514.png,c8b429656bf4f6c702f5574e50fc3efcc28afde390b6ebf1961a932f330f3509,e52544bc0ba4574f2bc6558d1e1cee33d4ee08243cb424aebbc9a66736052054,2026-09-24__pixel,0,0.9945,stratified shuffle
2026-09-24__oneplus__class_012__PXL_20260924_102010125,dataset/2026-09-24__oneplus/class_012__Rwanda_Gisuma/PXL_20260924_102010125.jpg,data/seg_masks/ml3_new_ft_s123/2026-09-24__oneplus__class_012__PXL_20260924_102010125.png,23958244825723fc0c556b6ec1e5fbb7f34115c8b85e181a3e88d027e698ec55,6974da4c262f33676f33819dbdf2fdb7791ba7b7253cf484b12f562518eb3280,2026-09-24__oneplus,0,0.9995,stratified shuffle
2026-09-24__sony__class_012__PIC_20260924_152335,dataset/2026-09-24__sony/class_012__Rwanda_Gisuma/PIC_20260924_152335.JPG,data/seg_masks/ml3_new_ft_s123/2026-09-24__sony__class_012__PIC_20260924_152335.png,b7510aea6dae7724b5038e3e21e8e584800156f6890ce1abdfc18a421f888bfc,cdd073c7096a4e65ca96924cc0d32c2590b41982685ec2b2f36d0dced12bb538,2026-09-24__sony,0,0.9961,stratified shuffle
2026-09-24__pixel__class_011__PXL_20260924_123221170,dataset/2026-09-24__pixel/class_011__Peru_Minca/PXL_20260924_123221170.jpg,data/seg_masks/ml3_new_ft_s123/2026-09-24__pixel__class_011__PXL_20260924_123221170.png,b2bec47db35762f0f548c3de22bf95ed7da90f3239151fe284ca14f0b0e64a73,a046b2bae4d6713f94f6452eadb96b4dfca76f8e42c98b24f5f0404b0045d513,2026-09-24__pixel,0,0.9943,stratified shuffle
2026-09-24__oneplus__class_012__PXL_20260924_102545655,dataset/2026-09-24__oneplus/class_012__Rwanda_Gisuma/PXL_20260924_102545655.jpg,data/seg_masks/ml3_new_ft_s123/2026-09-24__oneplus__class_012__PXL_20260924_102545655.png,01b99bf4aa0b779c240cf3e362780491b284c839d1f5dd7abfc55c66100c56ce,e8291a9725f73cf84539f285532cfef313f9dd989df3ee8fee14427d4335f718,2026-09-24__oneplus,0,0.9946,stratified shuffle
2026-09-24__sony__class_011__PIC_20260924_200809,dataset/2026-09-24__sony/class_011__Peru_Minca/PIC_20260924_200809.JPG,data/seg_masks/ml3_new_ft_s123/2026-09-24__sony__class_011__PIC_20260924_200809.png,7b9b3f85fa6bd29646034ee08d5bd35837cce3d1783aaf55dd9f32c807602289,994976eaebb6abbbffd753d169fa1e8962aafc52386b20527d9796f2d6510074,2026-09-24__sony,0,0.8262,stratified shuffle
2026-09-24__pixel__class_012__PXL_20260924_055038934,dataset/2026-09-24__pixel/class_012__Rwanda_Gisuma/PXL_20260924_055038934.jpg,data/seg_masks/ml3_new_ft_s123/2026-09-24__pixel__class_012__PXL_20260924_055038934.png,012af2d72d0ff818da5106fe3fcd4797c645886a9fb34ee3fb1beb190788db32,20fd7e33227dc9834ccce99e3773bb208e9d5acd7ca789a497710c91831e81a8,2026-09-24__pixel,0,0.9983,stratified shuffle
2026-09-24__oneplus__class_012__PXL_20260924_104125771,dataset/2026-09-24__oneplus/class_012__Rwanda_Gisuma/PXL_20260924_104125771.jpg,data/seg_masks/ml3_new_ft_s123/2026-09-24__oneplus__class_012__PXL_20260924_104125771.png,0f7ceb8fef27682da3e11db78b5a05c8e3f042617f49d151e885fd2133d094ef,deac498fc8531099047834fbb4092766f2995b48a12effe3f0e366eac943bba6,2026-09-24__oneplus,0,0.9965,stratified shuffle
2026-09-24__sony__class_011__PIC_20260924_201633,dataset/2026-09-24__sony/class_011__Peru_Minca/PIC_20260924_201633.JPG,data/seg_masks/ml3_new_ft_s123/2026-09-24__sony__class_011__PIC_20260924_201633.png,8d746ab2c28f253d685b0e7bf0bc041dcb37dcc30d022eadb46b685432ae8c8e,d4f4f29d07ea74a2d204dc58ca23964ca0106e4f1885210a0c5ed5fb99c2276a,2026-09-24__sony,0,0.9612,stratified shuffle
2026-09-24__pixel__class_011__PXL_20260924_123038808,dataset/2026-09-24__pixel/class_011__Peru_Minca/PXL_20260924_123038808.jpg,data/seg_masks/ml3_new_ft_s123/2026-09-24__pixel__class_011__PXL_20260924_123038808.png,af4eabbed4d821bf9e66167032a0d39c9da411ed700a148383345366e283035e,0bf1f62226383658990775ef41c2f3f11d6b2fd9163302ffdb8965137f5a6550,2026-09-24__pixel,0,0.9944,stratified shuffle
2026-09-11__oneplus__class_011__PXL_20260911_103804073,dataset/2026-09-11__oneplus/class_011__Peru_Minca/PXL_20260911_103804073.jpg,data/seg_masks/ml3_new_ft_s123/2026-09-11__oneplus__class_011__PXL_20260911_103804073.png,acd9e9ad77589a881b23c0dc5ad98300e175fddbfc345a54ff3a83947ec95651,05f6db1d8ef760dcef70ee799b1b74f78c3167f1da4a8c26dc29dc798cc96e48,2026-09-11__oneplus,0,0.9992,stratified shuffle
2026-09-11__pixel__class_011__PXL_20260911_052451965,dataset/2026-09-11__pixel/class_011__Peru_Minca/PXL_20260911_052451965.jpg,data/seg_masks/ml3_new_ft_s123/2026-09-11__pixel__class_011__PXL_20260911_052451965.png,2ef8add8bfb1a9b2a9a414d436f75c470f2ea181e5395ea563bebef9846bf7c3,85d028a77ea4fce4779f7f0b862c006d94a07d1c58def9d67647e9c337d23145,2026-09-11__pixel,0,0.9979,stratified shuffle
2026-09-11__sony__class_011__PIC_20260911_125045,dataset/2026-09-11__sony/class_011__Peru_Minca/PIC_20260911_125045.JPG,data/seg_masks/ml3_new_ft_s123/2026-09-11__sony__class_011__PIC_20260911_125045.png,849380bd052b02ee33ecf31672385b669cbfe3659037db24ec50c39c38a8a067,f5b1fa8d8f07865bb4f8ca7ea563a7cd2623ab958bbd2cf527d50bdd8403c55d,2026-09-11__sony,0,0.9971,stratified shuffle
2026-09-24__sony__class_011__PIC_20260924_202005,dataset/2026-09-24__sony/class_011__Peru_Minca/PIC_20260924_202005.JPG,data/seg_masks/ml3_new_ft_s123/2026-09-24__sony__class_011__PIC_20260924_202005.png,e5a6fa79a130c52ad8d183061188be80115702270b60131f86be2eb50c2474e4,1f614e3ef2c53125d8cc22c5ca94e06aa9ebd1957eaa1f4963cfcfba8187d9d2,2026-09-24__sony,0,0.9961,stratified shuffle
2026-09-24__pixel__class_012__PXL_20260924_073730789,dataset/2026-09-24__pixel/class_012__Rwanda_Gisuma/PXL_20260924_073730789.jpg,data/seg_masks/ml3_new_ft_s123/2026-09-24__pixel__class_012__PXL_20260924_073730789.png,2fee49673e4aed7565e94d7c05ac1a37bc8f8fb0586575a19eb718c937ba25a1,d3ffe48f33dfb2255e702c6fa4703d6b2c9cdafedc37eaf3a18225f33170cb0d,2026-09-24__pixel,0,0.9984,stratified shuffle
2026-09-24__oneplus__class_011__PXL_20260924_175043854,dataset/2026-09-24__oneplus/class_011__Peru_Minca/PXL_20260924_175043854.jpg,data/seg_masks/ml3_new_ft_s123/2026-09-24__oneplus__class_011__PXL_20260924_175043854.png,ca43251d1f491e07596420b9e7b5a055c7a8abb3f6159f29934368da0e41d04c,d10620ed3d550c15c358813695c765bdb75718397aabf6d750903c32ee7a258d,2026-09-24__oneplus,0,0.8856,stratified shuffle
2026-09-24__sony__class_012__PIC_20260924_150637,dataset/2026-09-24__sony/class_012__Rwanda_Gisuma/PIC_20260924_150637.JPG,data/seg_masks/ml3_new_ft_s123/2026-09-24__sony__class_012__PIC_20260924_150637.png,3852a8408778f41293b476235e7d32cb182dbb1a20a1ca077afadccbed10c1bd,226b8b73f6d199c91cb1ac08e0c948307add249a70a78177615e71c552ccce0b,2026-09-24__sony,0,0.8856,stratified shuffle
2026-09-24__pixel__class_011__PXL_20260924_123337653,dataset/2026-09-24__pixel/class_011__Peru_Minca/PXL_20260924_123337653.jpg,data/seg_masks/ml3_new_ft_s123/2026-09-24__pixel__class_011__PXL_20260924_123337653.png,2dbd740cc41cbb6d49e54e3f42bea8728cb15c6f4ae3d93d309a74f58c52a20e,ecb784fd2fb510696ba9210b036b257bff9b5d43a0e673f768fb7319bebb4163,2026-09-24__pixel,0,0.9976,stratified shuffle
2026-09-24__oneplus__class_011__PXL_20260924_175330148,dataset/2026-09-24__oneplus/class_011__Peru_Minca/PXL_20260924_175330148.jpg,data/seg_masks/ml3_new_ft_s123/2026-09-24__oneplus__class_011__PXL_20260924_175330148.png,1cc1a179af30c799e3186fa819628d40ef47bcc356548c58fa4b2ad7dab443e9,2c48864315353a25f55a4af2dbfadd1291f1d810e967e05a55e476bf4ddb61ba,2026-09-24__oneplus,0,0.9844,stratified shuffle
2026-09-24__sony__class_012__PIC_20260924_152647,dataset/2026-09-24__sony/class_012__Rwanda_Gisuma/PIC_20260924_152647.JPG,data/seg_masks/ml3_new_ft_s123/2026-09-24__sony__class_012__PIC_20260924_152647.png,ca39c580a3832567db8575b6dd0c9dbec83cbffe8730eed37deff2afb93956ed,43039e847435e580d849fa097208a9290fbe380c86e598a2804843f0541675da,2026-09-24__sony,0,0.9959,stratified shuffle
2026-09-24__pixel__class_012__PXL_20260924_073502995,dataset/2026-09-24__pixel/class_012__Rwanda_Gisuma/PXL_20260924_073502995.jpg,data/seg_masks/ml3_new_ft_s123/2026-09-24__pixel__class_012__PXL_20260924_073502995.png,bd2296cb7cf801ee8ecc9be38f4199d9c8ef3f5c360641d14025d2d0ee25c21f,0062455d5bd7029d7670ba272991c1f9ba3a2164504ab2cdc6bc7dd8ecaa9443,2026-09-24__pixel,0,0.9993,stratified shuffle
2026-09-24__oneplus__class_012__PXL_20260924_102640298,dataset/2026-09-24__oneplus/class_012__Rwanda_Gisuma/PXL_20260924_102640298.jpg,data/seg_masks/ml3_new_ft_s123/2026-09-24__oneplus__class_012__PXL_20260924_102640298.png,07894486c0260e7b6f2b93bbc3bc181ccbd0e088be6c44c073d9150ec526163f,8a30343e73096cdc8bf74ab1d6d747be72d5d578940172dda4856fddec5ca69b,2026-09-24__oneplus,0,0.9985,stratified shuffle
2026-09-11__oneplus__class_011__PXL_20260911_103553589,dataset/2026-09-11__oneplus/class_011__Peru_Minca/PXL_20260911_103553589.jpg,data/seg_masks/ml3_new_ft_s123/2026-09-11__oneplus__class_011__PXL_20260911_103553589.png,6e61a99813c85713ef71f1e94b96f20ab04c75b965d13d55864bceb801496129,20f8836a45aa743fdd6cb911edfc98c5d7c66884f9844d5468df3dcfb0da9b0b,2026-09-11__oneplus,0,0.9979,stratified shuffle
2026-09-11__pixel__class_011__PXL_20260911_052417917,dataset/2026-09-11__pixel/class_011__Peru_Minca/PXL_20260911_052417917.jpg,data/seg_masks/ml3_new_ft_s123/2026-09-11__pixel__class_011__PXL_20260911_052417917.png,19418ac9a6301441e407d6ef7f4d542e99db0efb07789060df56775712bd2de3,f5cb4e60d1343670548199cb6f8c5f35658539dc169e4cf90dd369856497af72,2026-09-11__pixel,0,0.9985,stratified shuffle
2026-09-11__sony__class_011__PIC_20260911_125214,dataset/2026-09-11__sony/class_011__Peru_Minca/PIC_20260911_125214.JPG,data/seg_masks/ml3_new_ft_s123/2026-09-11__sony__class_011__PIC_20260911_125214.png,08dbf2850c731b1bc739f76afed5d07b2d54f9b269f3dc2790b460cd6013bb1c,17c9d8f79295211c0e2d25013bcd8a622d0f6c8a78d3a19a77f6757fa399989f,2026-09-11__sony,0,0.9980,stratified shuffle
2026-09-24__sony__class_011__PIC_20260924_201113,dataset/2026-09-24__sony/class_011__Peru_Minca/PIC_20260924_201113.JPG,data/seg_masks/ml3_new_ft_s123/2026-09-24__sony__class_011__PIC_20260924_201113.png,99081c2fd8c1c55c0f7b2e38483d2b861273e39e4298b9ff22261827e09f93d7,93a9fa93b305cb152979981176571b3ec714e9b36697e796bd3f8b3ba7fefe38,2026-09-24__sony,0,0.9944,stratified shuffle
2026-09-24__pixel__class_011__PXL_20260924_123735036,dataset/2026-09-24__pixel/class_011__Peru_Minca/PXL_20260924_123735036.jpg,data/seg_masks/ml3_new_ft_s123/2026-09-24__pixel__class_011__PXL_20260924_123735036.png,c8d1a1398703e2a837fafbd6b5cbec973105e428c8ca83c12a615b9a6b56b08a,c58ee6903cd17b889d820ffc6703ab4edf11aee6f4574d883f5a633e85704fcf,2026-09-24__pixel,0,0.9955,stratified shuffle
2026-09-24__oneplus__class_011__PXL_20260924_175617052,dataset/2026-09-24__oneplus/class_011__Peru_Minca/PXL_20260924_175617052.jpg,data/seg_masks/ml3_new_ft_s123/2026-09-24__oneplus__class_011__PXL_20260924_175617052.png,f7b73ea91b318b6bae214f4f72dabac4594c35a7f3c4b63be351b16e5bba7214,a991cd43c37b6abb88cbc9d2404809f51e96d5b9348779a72c2022f14b8527de,2026-09-24__oneplus,0,0.9979,stratified shuffle
2026-09-24__sony__class_011__PIC_20260924_202024,dataset/2026-09-24__sony/class_011__Peru_Minca/PIC_20260924_202024.JPG,data/seg_masks/ml3_new_ft_s123/2026-09-24__sony__class_011__PIC_20260924_202024.png,4959a4cf921d7d933acee8230a12ea838cf087f65e508aa4962b2329c49a8f01,339e537173f454980f6d55a29a5fff55341a286685cb1e3cf2949154506fe8ee,2026-09-24__sony,0,0.9861,stratified shuffle
2026-09-24__pixel__class_011__PXL_20260924_123010061,dataset/2026-09-24__pixel/class_011__Peru_Minca/PXL_20260924_123010061.jpg,data/seg_masks/ml3_new_ft_s123/2026-09-24__pixel__class_011__PXL_20260924_123010061.png,ed98836e17507a6cba8c46bc1ecd3e6ceedfa269f987fd6943cb8b554a22cc87,e5d49b24b42d2171f2da167225b7eb8068b98af01ca8556c8f361b44a6dccee4,2026-09-24__pixel,0,0.9991,stratified shuffle
2026-09-24__pixel__class_011__PXL_20260924_124346231,dataset/2026-09-24__pixel/class_011__Peru_Minca/PXL_20260924_124346231.jpg,data/seg_masks/ml3_new_ft_s123/2026-09-24__pixel__class_011__PXL_20260924_124346231.png,23018d08e20298f81601db14671039eda19e4117dbb64e90e15774e5514a75d5,54cadb475d0902ba11c5a24f5d596d777d428bc765e324294664075d0012417d,2026-09-24__pixel,0,0.9934,stratified shuffle
2026-09-24__sony__class_011__PIC_20260924_201230,dataset/2026-09-24__sony/class_011__Peru_Minca/PIC_20260924_201230.JPG,data/seg_masks/ml3_new_ft_s123/2026-09-24__sony__class_011__PIC_20260924_201230.png,57240c8be4edb975411fa213995dc59dfcd68f48ddfce5872f69499bd900ab46,c003f53779d0ffdcd834e988fce33a1b9cab72eaee8fa5dd76caad11d62703cf,2026-09-24__sony,0,0.9954,stratified shuffle
2026-09-24__oneplus__class_012__PXL_20260924_102332019,dataset/2026-09-24__oneplus/class_012__Rwanda_Gisuma/PXL_20260924_102332019.jpg,data/seg_masks/ml3_new_ft_s123/2026-09-24__oneplus__class_012__PXL_20260924_102332019.png,29b3e3d58dd0c970664e9639ef5a277605330de287c2e618e64ae77e15a954f9,71c9dd25d4a20442125601de5f0114307f22004d173f1120b1aebfbc5fd8b72a,2026-09-24__oneplus,0,0.9938,stratified shuffle
2026-09-24__pixel__class_012__PXL_20260924_073658202,dataset/2026-09-24__pixel/class_012__Rwanda_Gisuma/PXL_20260924_073658202.jpg,data/seg_masks/ml3_new_ft_s123/2026-09-24__pixel__class_012__PXL_20260924_073658202.png,70c87676b3176c8650a9363433db4eefa65ad37c254f30d33e063b6eb1160e52,06071910bc56193acd01a1dc3ffa3eadd2207eb290065fe7785773d7f680587e,2026-09-24__pixel,0,0.9981,stratified shuffle
2026-09-24__sony__class_011__PIC_20260924_201350,dataset/2026-09-24__sony/class_011__Peru_Minca/PIC_20260924_201350.JPG,data/seg_masks/ml3_new_ft_s123/2026-09-24__sony__class_011__PIC_20260924_201350.png,930dad07d532a7b569ee12a2a83ebaedf08884a09301cdad92a319cf1dd13002,88130a51a98516bc51ebf4c11ba83a034a85b3429536b5222a44994cf033bde6,2026-09-24__sony,0,0.9941,stratified shuffle
2026-09-11__oneplus__class_011__PXL_20260911_103514697,dataset/2026-09-11__oneplus/class_011__Peru_Minca/PXL_20260911_103514697.jpg,data/seg_masks/ml3_new_ft_s123/2026-09-11__oneplus__class_011__PXL_20260911_103514697.png,bda8218a3120cdd5d4d62235a7ecce0774675f8fa5069fc121b1756aa7fadaf9,a532df839c3601e43be31bb5e85424132f0443242646fb655cbc82c3654169c8,2026-09-11__oneplus,0,0.9973,stratified shuffle
2026-09-11__pixel__class_011__PXL_20260911_052409641,dataset/2026-09-11__pixel/class_011__Peru_Minca/PXL_20260911_052409641.jpg,data/seg_masks/ml3_new_ft_s123/2026-09-11__pixel__class_011__PXL_20260911_052409641.png,ff618c3f385ee5bb6c785af7059f7f98f2da96a8854cfdfbcfb4d7dee64cb77b,f48355398cb1e790c137543f19d61ecadd0b6932b22b417db9250c67b213c41c,2026-09-11__pixel,0,0.9985,stratified shuffle
2026-09-11__sony__class_011__PIC_20260911_124800,dataset/2026-09-11__sony/class_011__Peru_Minca/PIC_20260911_124800.JPG,data/seg_masks/ml3_new_ft_s123/2026-09-11__sony__class_011__PIC_20260911_124800.png,882f8f111b92e9b4cc78746b74dd10f5a71bf761248c828178c69c478d2e7d6d,3cc28cf13240819d2a38b8d72a2cbbb6a39f1fa4545066ad0f1576ddd0008f87,2026-09-11__sony,0,0.9970,stratified shuffle
2026-09-24__oneplus__class_011__PXL_20260924_174654341,dataset/2026-09-24__oneplus/class_011__Peru_Minca/PXL_20260924_174654341.jpg,data/seg_masks/ml3_new_ft_s123/2026-09-24__oneplus__class_011__PXL_20260924_174654341.png,262926e38f7f5ed34cf518d9414c1d7c7e8ffbc283cdcdc51d5c52a3a688e23a,8d9f0b8bf81bdbb529e1d1e72edff2429dbeaefede04ed80b09cb43b1c9b737a,2026-09-24__oneplus,0,0.9971,stratified shuffle
2026-09-24__pixel__class_011__PXL_20260924_123700966,dataset/2026-09-24__pixel/class_011__Peru_Minca/PXL_20260924_123700966.jpg,data/seg_masks/ml3_new_ft_s123/2026-09-24__pixel__class_011__PXL_20260924_123700966.png,3d4fe31594346570dd3fcd058386a60bca65727851efc5539b52a146eddc26a7,80cfff84dbf2987a0676c01850673285a6ee4b8d7813aa40e02a3c60dd05b6a8,2026-09-24__pixel,0,0.9986,stratified shuffle
2026-09-24__sony__class_011__PIC_20260924_200940,dataset/2026-09-24__sony/class_011__Peru_Minca/PIC_20260924_200940.JPG,data/seg_masks/ml3_new_ft_s123/2026-09-24__sony__class_011__PIC_20260924_200940.png,37b2ab9e0634ee4aed40f32055eab5e94e03a14c501e6ef2c3379a1b6d239507,0e2976c9cab7e5fa1f0dc887182237a3aa5757816cbd9b67716f86149ed2c523,2026-09-24__sony,0,0.9963,stratified shuffle
2026-09-24__oneplus__class_012__PXL_20260924_101831523,dataset/2026-09-24__oneplus/class_012__Rwanda_Gisuma/PXL_20260924_101831523.jpg,data/seg_masks/ml3_new_ft_s123/2026-09-24__oneplus__class_012__PXL_20260924_101831523.png,60db6aa95799f66a80bf4cda40edc9ba294c9216d8e55d8ec7826f0fcc4b60de,47e04e5c5f08d79bd922e0ebbbee0f9bf064658d3b50c7f8972c413031e90c19,2026-09-24__oneplus,0,0.9973,stratified shuffle
2026-09-24__pixel__class_011__PXL_20260924_124046055,dataset/2026-09-24__pixel/class_011__Peru_Minca/PXL_20260924_124046055.jpg,data/seg_masks/ml3_new_ft_s123/2026-09-24__pixel__class_011__PXL_20260924_124046055.png,b1161dbcf5a2f066c6111ddc16f683eb98fb8f6e2d0e96df2d467ac65a2ff548,6d28c90d3154c2da27e47eac4eacf255692f6c683a386985b4934b1754fe6346,2026-09-24__pixel,0,0.9987,stratified shuffle
2026-09-24__sony__class_011__PIC_20260924_200643,dataset/2026-09-24__sony/class_011__Peru_Minca/PIC_20260924_200643.JPG,data/seg_masks/ml3_new_ft_s123/2026-09-24__sony__class_011__PIC_20260924_200643.png,9eaaedaf17a9744140e73ac43cd4c6e0a8bd4c60a4d6958ae440768e62881f02,192a827351155fc8d553baee31ef791b38c255261817e6d860efd74714e6ad9f,2026-09-24__sony,0,0.9958,stratified shuffle
2026-09-24__oneplus__class_012__PXL_20260924_102754363,dataset/2026-09-24__oneplus/class_012__Rwanda_Gisuma/PXL_20260924_102754363.jpg,data/seg_masks/ml3_new_ft_s123/2026-09-24__oneplus__class_012__PXL_20260924_102754363.png,b36d92a350d56cba8d7075ac933e3afe46407665b5ed7161d3fc0634ca2778df,ed9a8ffb02f946d376dd49d2db52dedc244b19cf6ca1206cb364cb8cbe39a59c,2026-09-24__oneplus,0,0.9926,stratified shuffle
2026-09-24__pixel__class_012__PXL_20260924_073541478,dataset/2026-09-24__pixel/class_012__Rwanda_Gisuma/PXL_20260924_073541478.jpg,data/seg_masks/ml3_new_ft_s123/2026-09-24__pixel__class_012__PXL_20260924_073541478.png,d84cebe9b31b391ab84068129873d63fa81f4915c9c8ad52ae688ca94d460650,8b726038f9efae875f287aa5cd44f5c57449de79c5b89c270f6ddd76e38382d1,2026-09-24__pixel,0,0.9971,stratified shuffle
2026-09-24__sony__class_012__PIC_20260924_153029,dataset/2026-09-24__sony/class_012__Rwanda_Gisuma/PIC_20260924_153029.JPG,data/seg_masks/ml3_new_ft_s123/2026-09-24__sony__class_012__PIC_20260924_153029.png,e0666083cae1c7a3ba06ce50d72e4b49232c1d0ffe6a7d1b4f95f8a0579db3ef,41ff38c6561905dd180f4708cdd8a9abd009b57458699cddc54fd07ce3c542ed,2026-09-24__sony,0,0.9944,stratified shuffle
2026-09-11__oneplus__class_011__PXL_20260911_103602670,dataset/2026-09-11__oneplus/class_011__Peru_Minca/PXL_20260911_103602670.jpg,data/seg_masks/ml3_new_ft_s123/2026-09-11__oneplus__class_011__PXL_20260911_103602670.png,7d938123651448a910f9a7fdf2150065ae5fe9cb27878c9ce338c778637544be,23c00680798259ab7f570adae234e37eadebd4c26c2371838faed974619e7928,2026-09-11__oneplus,0,0.9978,stratified shuffle
2026-09-11__pixel__class_011__PXL_20260911_052511172,dataset/2026-09-11__pixel/class_011__Peru_Minca/PXL_20260911_052511172.jpg,data/seg_masks/ml3_new_ft_s123/2026-09-11__pixel__class_011__PXL_20260911_052511172.png,ec296d356f0d702260debb2a3e7819777fa85bc9979c03c9b684320c23814031,fd471f07b0ebefbad8c853ca3ca4dbe9f6a5f36b33a3bb2def21f66f6890ea5e,2026-09-11__pixel,0,0.9982,stratified shuffle
2026-09-11__sony__class_011__PIC_20260911_124657,dataset/2026-09-11__sony/class_011__Peru_Minca/PIC_20260911_124657.JPG,data/seg_masks/ml3_new_ft_s123/2026-09-11__sony__class_011__PIC_20260911_124657.png,1b47f98afeaa4d544665a1c288a2d2c2e009761b0ab5013e48169b3d54131cdc,90c61fd16dce59612b3b493a566508e368f2c94b848d5012040c456db11f0e0a,2026-09-11__sony,0,0.9956,stratified shuffle
2026-09-24__pixel__class_012__PXL_20260924_055741725,dataset/2026-09-24__pixel/class_012__Rwanda_Gisuma/PXL_20260924_055741725.jpg,data/seg_masks/ml3_new_ft_s123/2026-09-24__pixel__class_012__PXL_20260924_055741725.png,dc368a53b3574fee7590f7a6db8260423a2d89e3b7bb66cbbc7f88588a39e495,865590c237a33dc1334ff41618b33e84a8705803a838b3bc7c1fb50ea9913df5,2026-09-24__pixel,0,0.8246,stratified shuffle
2026-09-24__oneplus__class_012__PXL_20260924_104146221,dataset/2026-09-24__oneplus/class_012__Rwanda_Gisuma/PXL_20260924_104146221.jpg,data/seg_masks/ml3_new_ft_s123/2026-09-24__oneplus__class_012__PXL_20260924_104146221.png,0b6570134ae2dcc9df07ef2ed1d70de904c09a97134adbbb6425e8f62da60322,764ae2c0981a323a94dbc1edb7d7d95ab33bf436c39d78bf4e77b7b9796b2c6a,2026-09-24__oneplus,0,0.9848,stratified shuffle
2026-09-24__sony__class_011__PIC_20260924_200435,dataset/2026-09-24__sony/class_011__Peru_Minca/PIC_20260924_200435.JPG,data/seg_masks/ml3_new_ft_s123/2026-09-24__sony__class_011__PIC_20260924_200435.png,0a6af1481c62cc57f14bae8f51312f388daf4ab66535b5f64f8c573ba6c1c91c,17e05f39d156b5c8f79dd6b90cf27a234d9e3a52a4fedb2739bb8a49bfa70de3,2026-09-24__sony,0,0.7933,stratified shuffle
2026-09-24__pixel__class_011__PXL_20260924_124459056,dataset/2026-09-24__pixel/class_011__Peru_Minca/PXL_20260924_124459056.jpg,data/seg_masks/ml3_new_ft_s123/2026-09-24__pixel__class_011__PXL_20260924_124459056.png,8bfa4c45bcac75632ce54acba0c7618df003becb5fcc5e3433f9b635430551af,d9ab1ca2f31fd25c664befd81b601f4fb5be54d1327620dedd6432672f910a41,2026-09-24__pixel,0,0.9991,stratified shuffle
2026-09-24__sony__class_012__PIC_20260924_150436,dataset/2026-09-24__sony/class_012__Rwanda_Gisuma/PIC_20260924_150436.JPG,data/seg_masks/ml3_new_ft_s123/2026-09-24__sony__class_012__PIC_20260924_150436.png,739d07c01543bd5013162c7d1bf5c82015f824516f7b4a9cdb3c8c49bdc83594,d9c4bc79255db3a8101f2e089dffe2df58dfd8e588d750b6405f24430cdc7f21,2026-09-24__sony,0,0.9964,stratified shuffle
2026-09-24__oneplus__class_011__PXL_20260924_175020982,dataset/2026-09-24__oneplus/class_011__Peru_Minca/PXL_20260924_175020982.jpg,data/seg_masks/ml3_new_ft_s123/2026-09-24__oneplus__class_011__PXL_20260924_175020982.png,0e4afd07aa108531c8e2a662ef93ba57bac01ac9161b5e57e70ced6ccdad98d2,283871e4901d37d55c50ebc423893549566e12bfee3aef8831c1beec4a9a6ec2,2026-09-24__oneplus,0,0.9978,stratified shuffle
2026-09-24__pixel__class_012__PXL_20260924_073820038,dataset/2026-09-24__pixel/class_012__Rwanda_Gisuma/PXL_20260924_073820038.jpg,data/seg_masks/ml3_new_ft_s123/2026-09-24__pixel__class_012__PXL_20260924_073820038.png,9337071fa708c4f199e7455d2a4a87c6c976a6821e4d7a0315bbba94cb02b950,4a082e55ce536e78249f921a2ce586d5a63319eb60b46e3865167b80845b218a,2026-09-24__pixel,0,0.9971,stratified shuffle
2026-09-24__sony__class_012__PIC_20260924_152510,dataset/2026-09-24__sony/class_012__Rwanda_Gisuma/PIC_20260924_152510.JPG,data/seg_masks/ml3_new_ft_s123/2026-09-24__sony__class_012__PIC_20260924_152510.png,efff0d8adcb0cb2ce1885e538802e9393b4f9fedc9d05bcd021bfb05d4cd2734,0b68a2b07059372b4b3f814ef7252968333ce856aeb6bfb1b4e047a0bca62fc8,2026-09-24__sony,0,0.9862,stratified shuffle
2026-09-24__oneplus__class_011__PXL_20260924_175310303,dataset/2026-09-24__oneplus/class_011__Peru_Minca/PXL_20260924_175310303.jpg,data/seg_masks/ml3_new_ft_s123/2026-09-24__oneplus__class_011__PXL_20260924_175310303.png,033dee50d7efbe50c3fa9037b2d0051c7461b3dd33cc3ca5d7a457436b439f30,f4cf03b86910c00ef2ae3ea973cb3d79ad9759a2c403aedae3289247d833640d,2026-09-24__oneplus,0,0.9980,stratified shuffle
2026-09-11__oneplus__class_011__PXL_20260911_103922010,dataset/2026-09-11__oneplus/class_011__Peru_Minca/PXL_20260911_103922010.jpg,data/seg_masks/ml3_new_ft_s123/2026-09-11__oneplus__class_011__PXL_20260911_103922010.png,fe3fbc6c5fad458272c694cc3796552b9e91f8ab13f4dfcff610719fdeac0248,653f95bd42fd9b2d2cc63903dfa2d9a52ea4446fed56a2fade1a3a85777f6786,2026-09-11__oneplus,0,0.9961,stratified shuffle
2026-09-11__pixel__class_011__PXL_20260911_052709459,dataset/2026-09-11__pixel/class_011__Peru_Minca/PXL_20260911_052709459.jpg,data/seg_masks/ml3_new_ft_s123/2026-09-11__pixel__class_011__PXL_20260911_052709459.png,db117daa5a4289d7793827062995a06b59c80e3c8fd9b0cc4fa93c20137caae6,8f6e17cb1be99db5f1aa8f7bf4ff2a3cc6612c113b4360e391eb15c8226d8d87,2026-09-11__pixel,0,0.9990,stratified shuffle
2026-09-11__sony__class_011__PIC_20260911_124841,dataset/2026-09-11__sony/class_011__Peru_Minca/PIC_20260911_124841.JPG,data/seg_masks/ml3_new_ft_s123/2026-09-11__sony__class_011__PIC_20260911_124841.png,e62439c0b8a0c4b07afaaa9192a9ff7ed6f1a2b611daf26f4dbcfd90002f54a1,83c79b414d9da94cf0df494ff068c3e7a85ec49811ffdcd8d78ab07c63529c89,2026-09-11__sony,0,0.9960,stratified shuffle
2026-09-24__pixel__class_012__PXL_20260924_054741129,dataset/2026-09-24__pixel/class_012__Rwanda_Gisuma/PXL_20260924_054741129.jpg,data/seg_masks/ml3_new_ft_s123/2026-09-24__pixel__class_012__PXL_20260924_054741129.png,b4fcfbba28a32a0317c7c1edbfeb2a906e53261bf8ef06b628c8919fffcaa92d,db00ca5f08c288ac57763d54c01f9a33bfba2aeae1473188e7fd093fca86627c,2026-09-24__pixel,0,0.9989,stratified shuffle
2026-09-24__sony__class_012__PIC_20260924_153053,dataset/2026-09-24__sony/class_012__Rwanda_Gisuma/PIC_20260924_153053.JPG,data/seg_masks/ml3_new_ft_s123/2026-09-24__sony__class_012__PIC_20260924_153053.png,bf13241cff2416fa392bb7f000dfe18e01ae382295d3220df4e8878fbe2836b6,2c417205643bfbecf7ee0319e3b9410b7253815b56929d51be9824e28a903093,2026-09-24__sony,0,0.9943,stratified shuffle
2026-09-24__oneplus__class_012__PXL_20260924_102813127,dataset/2026-09-24__oneplus/class_012__Rwanda_Gisuma/PXL_20260924_102813127.jpg,data/seg_masks/ml3_new_ft_s123/2026-09-24__oneplus__class_012__PXL_20260924_102813127.png,5df3983bcde90bca4dd87d190d9cfd7f449edf88d875198a9d05c5a2f4c7e159,93e1440956deea579c180055361d03a5e6e9ee84bc565ff498a1fe7bcadb8efd,2026-09-24__oneplus,0,0.9999,stratified shuffle
2026-09-24__pixel__class_012__PXL_20260924_054942889,dataset/2026-09-24__pixel/class_012__Rwanda_Gisuma/PXL_20260924_054942889.jpg,data/seg_masks/ml3_new_ft_s123/2026-09-24__pixel__class_012__PXL_20260924_054942889.png,4c817be272a03e8f6b690c20e9d57855e2728f7bb9daf26c48123de049e8dcc3,889166b90608ebc674f67aa9db8693af97d9c2655caa785cb5b2efe499cc0b0b,2026-09-24__pixel,0,0.9983,stratified shuffle
2026-09-24__sony__class_012__PIC_20260924_150540,dataset/2026-09-24__sony/class_012__Rwanda_Gisuma/PIC_20260924_150540.JPG,data/seg_masks/ml3_new_ft_s123/2026-09-24__sony__class_012__PIC_20260924_150540.png,bc7184be280a5b6310053f2183798bee5ee7329d53c5b4b48a21e1ad31df4eb5,7554db457a7c37680c7b2ccef47af4fa4ca21a4e9d4a07526d3d2efaf8228c4e,2026-09-24__sony,0,0.9808,stratified shuffle
2026-09-24__pixel__class_011__PXL_20260924_123916832,dataset/2026-09-24__pixel/class_011__Peru_Minca/PXL_20260924_123916832.jpg,data/seg_masks/ml3_new_ft_s123/2026-09-24__pixel__class_011__PXL_20260924_123916832.png,817df939c7f58adad0c9365abb28fa5c96576cf4da1e8180a92563c9367e0310,f3cd5d3468ec9ad9b90a3d3d9b5819d7d013d56b765d22499359db507ba17898,2026-09-24__pixel,0,0.9990,stratified shuffle
2026-09-24__oneplus__class_011__PXL_20260924_180118224,dataset/2026-09-24__oneplus/class_011__Peru_Minca/PXL_20260924_180118224.jpg,data/seg_masks/ml3_new_ft_s123/2026-09-24__oneplus__class_011__PXL_20260924_180118224.png,191779c808f597872e2b9b28d7f4cc7ee8062b544e6c3656aad0ee06bf5792d2,47eaaabf81838fff7af0b4d4333e033e5a30029560aaf2f50004de00ec63e929,2026-09-24__oneplus,0,0.9876,stratified shuffle
2026-09-24__sony__class_011__PIC_20260924_201455,dataset/2026-09-24__sony/class_011__Peru_Minca/PIC_20260924_201455.JPG,data/seg_masks/ml3_new_ft_s123/2026-09-24__sony__class_011__PIC_20260924_201455.png,798edde9e7f3c9afdcaf9b3579ff7be09f60f354088b1a2f4e9db4886e045aec,b90dde8ca5011a8c5a2bdbc70f3a4a23816fe169258ccccc19f9455dca354a9f,2026-09-24__sony,0,0.9953,stratified shuffle
2026-09-24__pixel__class_012__PXL_20260924_074404425,dataset/2026-09-24__pixel/class_012__Rwanda_Gisuma/PXL_20260924_074404425.jpg,data/seg_masks/ml3_new_ft_s123/2026-09-24__pixel__class_012__PXL_20260924_074404425.png,c98c562b487f0ad8460ce12256820f82436fe804c05528d7b8d9347d14c9dbd7,25e6fb8db3ad4b30e6044a8cb55d4cb1ce70209831503d2952921cbdc087cb16,2026-09-24__pixel,0,0.9959,stratified shuffle
2026-09-24__sony__class_011__PIC_20260924_201710,dataset/2026-09-24__sony/class_011__Peru_Minca/PIC_20260924_201710.JPG,data/seg_masks/ml3_new_ft_s123/2026-09-24__sony__class_011__PIC_20260924_201710.png,1b342fc6dca0ec0b8cb3400b561d861c3f2b9f4cc0774756f888e4e8a76cbc93,547ff7990414259209de36aaf1710e06030d455723058ac0485dbbc4114da67e,2026-09-24__sony,0,0.9950,stratified shuffle
2026-09-11__oneplus__class_011__PXL_20260911_103613617,dataset/2026-09-11__oneplus/class_011__Peru_Minca/PXL_20260911_103613617.jpg,data/seg_masks/ml3_new_ft_s123/2026-09-11__oneplus__class_011__PXL_20260911_103613617.png,535295dcf95faaf53d1b1b0883de84a043c5568d2254c913a26968db05ab1665,35ce66ad4f89cc4c6726dc21a003debe1f718f8166e4c88661fceb81f3384bcd,2026-09-11__oneplus,0,0.9970,stratified shuffle
2026-09-11__pixel__class_011__PXL_20260911_052803063,dataset/2026-09-11__pixel/class_011__Peru_Minca/PXL_20260911_052803063.jpg,data/seg_masks/ml3_new_ft_s123/2026-09-11__pixel__class_011__PXL_20260911_052803063.png,fab9f2422658601afe777c6060c8d6500b2fc3e61eb7e609c7db5ffc5d0a9e99,dcbc889241170e7ef7c2e27edf111f7f3b7c936debedbf7ee488e7cc2be793db,2026-09-11__pixel,0,0.9985,stratified shuffle
2026-09-11__sony__class_011__PIC_20260911_124720,dataset/2026-09-11__sony/class_011__Peru_Minca/PIC_20260911_124720.JPG,data/seg_masks/ml3_new_ft_s123/2026-09-11__sony__class_011__PIC_20260911_124720.png,971eec52bd29d7f54b497fa1422e27d868d303de2058681d60f6135c9ba33647,3f0c239239cee779c2b591ced80017cd494f19a9a4c00f479c427063e45450ba,2026-09-11__sony,0,0.9953,stratified shuffle
2026-09-24__oneplus__class_012__PXL_20260924_102940877,dataset/2026-09-24__oneplus/class_012__Rwanda_Gisuma/PXL_20260924_102940877.jpg,data/seg_masks/ml3_new_ft_s123/2026-09-24__oneplus__class_012__PXL_20260924_102940877.png,0b0cb3af64a85775a98da75a54573fe1f716d9b0f13a34d3e7c077853f04bde6,4122d831edb05031cb26dd0df2a5a589ff42655bd95eedd3084d33d7f6a40503,2026-09-24__oneplus,0,0.9999,stratified shuffle
2026-09-24__pixel__class_012__PXL_20260924_074323601,dataset/2026-09-24__pixel/class_012__Rwanda_Gisuma/PXL_20260924_074323601.jpg,data/seg_masks/ml3_new_ft_s123/2026-09-24__pixel__class_012__PXL_20260924_074323601.png,02893526e6339d82606774b9ec062ccd2fe082756fcd7debaa346bfce20d43fc,6e9838d6d41b4e969501f97d619c310500cea730079418e6143a41856bd018e6,2026-09-24__pixel,0,0.9980,stratified shuffle
2026-09-24__sony__class_012__PIC_20260924_145542,dataset/2026-09-24__sony/class_012__Rwanda_Gisuma/PIC_20260924_145542.JPG,data/seg_masks/ml3_new_ft_s123/2026-09-24__sony__class_012__PIC_20260924_145542.png,7027028e74f8ff7a11b1782694558696443b5b834ed84251fb18e4a069a4bd44,9a66ebf37fcf9d96c4088dc9bc9cde829575d6bbc6e4994544d36debb5fcc6ee,2026-09-24__sony,0,0.9969,stratified shuffle
2026-09-24__oneplus__class_012__PXL_20260924_102907099,dataset/2026-09-24__oneplus/class_012__Rwanda_Gisuma/PXL_20260924_102907099.jpg,data/seg_masks/ml3_new_ft_s123/2026-09-24__oneplus__class_012__PXL_20260924_102907099.png,4df0d6af0100a583522d99c4d827fa6513b1e8ebce48e41fa7ede3ab801e1595,53891ed32485fe6aaf43e495463c09397ad9edcd30b9d7fdcb6b7fcb42ab6b7a,2026-09-24__oneplus,0,0.9949,stratified shuffle
2026-09-24__pixel__class_011__PXL_20260924_124413885,dataset/2026-09-24__pixel/class_011__Peru_Minca/PXL_20260924_124413885.jpg,data/seg_masks/ml3_new_ft_s123/2026-09-24__pixel__class_011__PXL_20260924_124413885.png,5e7de851b0934d15154a3a22a7c00f9e566eaf231244db8290f7eb308dbaf928,c96f17f75c4bc48a9a856e2cc0d85a1fcef4709d678167dc4268ed295c46038b,2026-09-24__pixel,0,0.9961,stratified shuffle
2026-09-24__sony__class_012__PIC_20260924_152441,dataset/2026-09-24__sony/class_012__Rwanda_Gisuma/PIC_20260924_152441.JPG,data/seg_masks/ml3_new_ft_s123/2026-09-24__sony__class_012__PIC_20260924_152441.png,bf59b58d9eb9359e5c7dacdd14689040fe98dde0d6a814e9a848d1a950245226,ee8eb89c99d3d2d80f322c6bccab99e0ce617cb6fea350544969a3d9faf5b5e4,2026-09-24__sony,0,0.9973,stratified shuffle
2026-09-24__oneplus__class_011__PXL_20260924_175721588,dataset/2026-09-24__oneplus/class_011__Peru_Minca/PXL_20260924_175721588.jpg,data/seg_masks/ml3_new_ft_s123/2026-09-24__oneplus__class_011__PXL_20260924_175721588.png,172689b46d283589cc3d28e798ab0839d2b063b012b4620abf6ef8ae9b1e5f87,9e2e64bc15ff2c0b65db9f23b5f2c616f454a32a081e721a83ca27627463020f,2026-09-24__oneplus,0,0.9985,stratified shuffle
2026-09-24__pixel__class_011__PXL_20260924_123128657,dataset/2026-09-24__pixel/class_011__Peru_Minca/PXL_20260924_123128657.jpg,data/seg_masks/ml3_new_ft_s123/2026-09-24__pixel__class_011__PXL_20260924_123128657.png,91e6f09bbb7ae8b1f29754f81a96fdb55b18a610d486f507fec33ac15b06f31e,ba0f0960d2dc0a9f3c5ed5daa8fd3dc9696645c1e66959df8e40535dd996dd56,2026-09-24__pixel,0,0.9969,stratified shuffle
2026-09-24__sony__class_012__PIC_20260924_145832,dataset/2026-09-24__sony/class_012__Rwanda_Gisuma/PIC_20260924_145832.JPG,data/seg_masks/ml3_new_ft_s123/2026-09-24__sony__class_012__PIC_20260924_145832.png,28603115f61015f2e2b3689a051230fc8588f61788a50904554ed36bfbc96cb2,c9960d9deee505d969d1315e4afdd4f8c1204bb81d2d1fe7191629c8e9acacc7,2026-09-24__sony,0,0.7454,stratified shuffle
2026-09-11__oneplus__class_011__PXL_20260911_103912927,dataset/2026-09-11__oneplus/class_011__Peru_Minca/PXL_20260911_103912927.jpg,data/seg_masks/ml3_new_ft_s123/2026-09-11__oneplus__class_011__PXL_20260911_103912927.png,606db8d8e6e53cbebddeb240e90e46596c443536be9d3f1248053adcb0e26879,3e17b76b5987cd5c93b01773ffd8b555eedec5158482b504417e80838dd83c2f,2026-09-11__oneplus,0,0.9964,stratified shuffle
2026-09-11__pixel__class_011__PXL_20260911_052846770,dataset/2026-09-11__pixel/class_011__Peru_Minca/PXL_20260911_052846770.jpg,data/seg_masks/ml3_new_ft_s123/2026-09-11__pixel__class_011__PXL_20260911_052846770.png,845b03543fc44d1b15f7538d6f9f2eab80f3da6c5eda702ee0ba92c1306da9b2,d7ed3545e800ccb6336049bfebb016863484476da3aaf201eafe517546ff1ea7,2026-09-11__pixel,0,0.9998,stratified shuffle
2026-09-11__sony__class_011__PIC_20260911_125143,dataset/2026-09-11__sony/class_011__Peru_Minca/PIC_20260911_125143.JPG,data/seg_masks/ml3_new_ft_s123/2026-09-11__sony__class_011__PIC_20260911_125143.png,a6c6e8e52f324cd9c5acb703f6314729f2146502a84057b339a8fbad8e9d4cd9,c90f8346d632cdd943fdf3e12c0c1a1abc3ac81ee5c93cb8cd38b37bfaf893e4,2026-09-11__sony,0,0.9963,stratified shuffle
2026-09-24__pixel__class_012__PXL_20260924_074124922,dataset/2026-09-24__pixel/class_012__Rwanda_Gisuma/PXL_20260924_074124922.jpg,data/seg_masks/ml3_new_ft_s123/2026-09-24__pixel__class_012__PXL_20260924_074124922.png,d699e2a23f8e6850f624128447d64dde3a713a49f3298448cb3c4649284d769e,cf4c36f8d4ee92e12aed776a0e6f0688b6162edb3d9510c1fcce54efd3774dee,2026-09-24__pixel,0,0.9997,stratified shuffle
2026-09-24__oneplus__class_011__PXL_20260924_180052927,dataset/2026-09-24__oneplus/class_011__Peru_Minca/PXL_20260924_180052927.jpg,data/seg_masks/ml3_new_ft_s123/2026-09-24__oneplus__class_011__PXL_20260924_180052927.png,1bbf91f6f9661a1f52de31bea60d58364b71a49541468c6ff3c3d237a1ab07ca,0fa2f05db5285ef1c67cae21cd20950cd1760863e0fb6084cd411bb45a2b3edd,2026-09-24__oneplus,0,0.6459,stratified shuffle
2026-09-24__sony__class_012__PIC_20260924_145707,dataset/2026-09-24__sony/class_012__Rwanda_Gisuma/PIC_20260924_145707.JPG,data/seg_masks/ml3_new_ft_s123/2026-09-24__sony__class_012__PIC_20260924_145707.png,ad2f9145ed93bb1da76badb2762321f1aabc7e9df9bccfad5c51318b5601b685,1d673fd3480d1e96134442dd0579aceb17e37e40eb8b9684908edf35bdd41639,2026-09-24__sony,0,0.9793,stratified shuffle
2026-09-24__pixel__class_011__PXL_20260924_123945276,dataset/2026-09-24__pixel/class_011__Peru_Minca/PXL_20260924_123945276.jpg,data/seg_masks/ml3_new_ft_s123/2026-09-24__pixel__class_011__PXL_20260924_123945276.png,0e631fc7f763bdd710bf02301a26a4cfdea69c56d26317df12dd08d8507f5bb9,3bda36c13b562bf0ae55bf54a759d39e94214920b018f3b45094a64d5f5b3c58,2026-09-24__pixel,0,0.9995,stratified shuffle
2026-09-24__oneplus__class_011__PXL_20260924_175255560,dataset/2026-09-24__oneplus/class_011__Peru_Minca/PXL_20260924_175255560.jpg,data/seg_masks/ml3_new_ft_s123/2026-09-24__oneplus__class_011__PXL_20260924_175255560.png,7726eff3b00e1b9590fef5b249090e59b69a9104b0dff58cda856f319d5f2245,e34cbd4be7f281671985003248f7a71291307a4e2299c9bef0bdb3e8865c5a0c,2026-09-24__oneplus,0,0.9997,stratified shuffle
2026-09-24__sony__class_011__PIC_20260924_201949,dataset/2026-09-24__sony/class_011__Peru_Minca/PIC_20260924_201949.JPG,data/seg_masks/ml3_new_ft_s123/2026-09-24__sony__class_011__PIC_20260924_201949.png,9534ff852dcc617a2d6e9438f0616343f38d75b5f729adb02c027132e20862b7,11fd130251fd6d597786f4b58c59d11142c35832fc8cb7381bbb41f1ab6e4b21,2026-09-24__sony,0,0.9748,stratified shuffle
2026-09-24__pixel__class_012__PXL_20260924_055213820,dataset/2026-09-24__pixel/class_012__Rwanda_Gisuma/PXL_20260924_055213820.jpg,data/seg_masks/ml3_new_ft_s123/2026-09-24__pixel__class_012__PXL_20260924_055213820.png,3083fce9086ee9a789b2eded39e2b5f6ff5d0b5fd11de30654a1ef4e896af9b4,f8b9533b9a261aecb07cfa34836e888ee65f6ed666679f3601d223f610a94f32,2026-09-24__pixel,0,0.9989,stratified shuffle
2026-09-24__sony__class_012__PIC_20260924_152625,dataset/2026-09-24__sony/class_012__Rwanda_Gisuma/PIC_20260924_152625.JPG,data/seg_masks/ml3_new_ft_s123/2026-09-24__sony__class_012__PIC_20260924_152625.png,502c5ffe5117b709f1baddb256a0b2927cb54b1a75081b8b0e974565a15851e3,27bcfea90bd7c65515d02ba2ef4e2f457540654b6e3adb8328c439a65d8ed619,2026-09-24__sony,0,0.9947,stratified shuffle
2026-09-24__oneplus__class_012__PXL_20260924_103026914,dataset/2026-09-24__oneplus/class_012__Rwanda_Gisuma/PXL_20260924_103026914.jpg,data/seg_masks/ml3_new_ft_s123/2026-09-24__oneplus__class_012__PXL_20260924_103026914.png,c6d4db506b953495393a9461bc28957ad756c0026d4090c12f6822822a52b51a,989549bf77ab92b1e180217778e78b9930c93f355fc35e99898b884d136c9542,2026-09-24__oneplus,0,0.9900,stratified shuffle
2026-09-24__pixel__class_011__PXL_20260924_123310255,dataset/2026-09-24__pixel/class_011__Peru_Minca/PXL_20260924_123310255.jpg,data/seg_masks/ml3_new_ft_s123/2026-09-24__pixel__class_011__PXL_20260924_123310255.png,6e66550af1ac9ec29ecce2b771893d5ba2a75798d2c9f8b80de0046b36f9c7b8,d9e4dd6252db774f844f9e6a8087ac32c5aaec107c866b25fa51cd60508d22b1,2026-09-24__pixel,0,0.9213,stratified shuffle
2026-09-11__oneplus__class_011__PXL_20260911_103826688,dataset/2026-09-11__oneplus/class_011__Peru_Minca/PXL_20260911_103826688.jpg,data/seg_masks/ml3_new_ft_s123/2026-09-11__oneplus__class_011__PXL_20260911_103826688.png,cb4e1a264fd70bf1ec9cba55f8567c16f23a2c1a101ddb4eb2dfd3178816565c,dfcd27734ee1937821246e9d490f82943e2f154dbc00d4c4ed2f318ad2fea0bb,2026-09-11__oneplus,0,0.9995,stratified shuffle
2026-09-11__pixel__class_011__PXL_20260911_052359836,dataset/2026-09-11__pixel/class_011__Peru_Minca/PXL_20260911_052359836.jpg,data/seg_masks/ml3_new_ft_s123/2026-09-11__pixel__class_011__PXL_20260911_052359836.png,7ed3b2637590147c67896027ba1beea0a8bcac2df73923c1385475b3c2c258a4,adcd70963650a87d886bb69082a1696a5b5b5432b926db0e06a9a08f7734ea4a,2026-09-11__pixel,0,0.9976,stratified shuffle
2026-09-11__sony__class_011__PIC_20260911_124734,dataset/2026-09-11__sony/class_011__Peru_Minca/PIC_20260911_124734.JPG,data/seg_masks/ml3_new_ft_s123/2026-09-11__sony__class_011__PIC_20260911_124734.png,0fe5014304b2b148bd5310be3c3b114a273569ff863ab96dbea5eb70576a140e,4978c410f290d7b692d194608cc9405b4ebac5ac9be4cb88eeed4b0c3912fa9d,2026-09-11__sony,0,0.9976,stratified shuffle
2026-09-24__sony__class_011__PIC_20260924_201748,dataset/2026-09-24__sony/class_011__Peru_Minca/PIC_20260924_201748.JPG,data/seg_masks/ml3_new_ft_s123/2026-09-24__sony__class_011__PIC_20260924_201748.png,c01f642742f25cb6f3a92eaf1e04f3c5cbbc6533264ba95dc4269a6748c9696f,39fe0eb7b4afb49ebc9d1740e5096654d033f97bc85dff83c5ace8fab0feddc5,2026-09-24__sony,0,0.9965,stratified shuffle
2026-09-24__pixel__class_011__PXL_20260924_123412090,dataset/2026-09-24__pixel/class_011__Peru_Minca/PXL_20260924_123412090.jpg,data/seg_masks/ml3_new_ft_s123/2026-09-24__pixel__class_011__PXL_20260924_123412090.png,d857627727daf290f04cc184ce188b3bbbd28b533d2e2ad9c5b7bf83b0da4524,4018828a1f29fc0a1b2080ac9c9c6d1a70e2744b05f6beb26a21546f2add8895,2026-09-24__pixel,0,0.9973,stratified shuffle
2026-09-24__oneplus__class_011__PXL_20260924_175418086,dataset/2026-09-24__oneplus/class_011__Peru_Minca/PXL_20260924_175418086.jpg,data/seg_masks/ml3_new_ft_s123/2026-09-24__oneplus__class_011__PXL_20260924_175418086.png,bc5ca02bbaf2bdc7037e91f200c4998bfecf9c0e45e255fb069dc358bba4038c,02ff325e352823b4ebda94846921b19ae5c6036932df476d7a52f01bd78e1dc8,2026-09-24__oneplus,0,0.9991,stratified shuffle
2026-09-24__sony__class_011__PIC_20260924_201151,dataset/2026-09-24__sony/class_011__Peru_Minca/PIC_20260924_201151.JPG,data/seg_masks/ml3_new_ft_s123/2026-09-24__sony__class_011__PIC_20260924_201151.png,7ab366a94002d386f78110622bab7b115fea530689b8d8c8a06c937ffd195e43,a9956f7906e0f28dbd965ddd25d2dd68ccd9415b49dbd9523befd35a659b5033,2026-09-24__sony,0,0.9744,stratified shuffle
2026-09-24__pixel__class_012__PXL_20260924_055404017,dataset/2026-09-24__pixel/class_012__Rwanda_Gisuma/PXL_20260924_055404017.jpg,data/seg_masks/ml3_new_ft_s123/2026-09-24__pixel__class_012__PXL_20260924_055404017.png,beead691fd6d323730edfa5b178775ddcb295851bce17eb97ee2de2a51631452,f1d76bce9efff1ba8cc0ec36a326a3886a7e9bab6cdfb523e5ad1f22d6a70cd4,2026-09-24__pixel,0,0.9979,stratified shuffle
2026-09-24__oneplus__class_012__PXL_20260924_101907094,dataset/2026-09-24__oneplus/class_012__Rwanda_Gisuma/PXL_20260924_101907094.jpg,data/seg_masks/ml3_new_ft_s123/2026-09-24__oneplus__class_012__PXL_20260924_101907094.png,39855cb081f0ea4a3453f9e350f9d380c172b2d76541cadd7fa69825bc954b51,c24918ccb9ef3be988da4e3449d5a8dc54ca0f8e407070469a8c48876015bbd9,2026-09-24__oneplus,0,0.9991,stratified shuffle
2026-09-24__sony__class_011__PIC_20260924_200602,dataset/2026-09-24__sony/class_011__Peru_Minca/PIC_20260924_200602.JPG,data/seg_masks/ml3_new_ft_s123/2026-09-24__sony__class_011__PIC_20260924_200602.png,09cf599f263bb1de656c8a1195ff0f839e9e4590b9717e76cecddd340c6ee44e,ce0823a60c6469445398bc597c0fbc05739ae16ea71948f068c071fc08c338b0,2026-09-24__sony,0,0.9963,stratified shuffle
2026-09-24__pixel__class_011__PXL_20260924_124305391,dataset/2026-09-24__pixel/class_011__Peru_Minca/PXL_20260924_124305391.jpg,data/seg_masks/ml3_new_ft_s123/2026-09-24__pixel__class_011__PXL_20260924_124305391.png,461a7cd95dcd62e98c480f19094c1a95001b2c87706f6a105e024b0fafbf55aa,e282c16895eba8335aa33d9cccbd89c8d207ee2a6c30e4c8610f857f2d21fa84,2026-09-24__pixel,0,0.9962,stratified shuffle
2026-09-24__oneplus__class_012__PXL_20260924_103720480,dataset/2026-09-24__oneplus/class_012__Rwanda_Gisuma/PXL_20260924_103720480.jpg,data/seg_masks/ml3_new_ft_s123/2026-09-24__oneplus__class_012__PXL_20260924_103720480.png,ec36bfe58353eaae8985ba7b501a5ddf49ced713ee62d968f99250749f6fa91f,da7f58968b6b2fb77bedf79eb062a93d460db77a0299506cbcc171623a8f24dd,2026-09-24__oneplus,0,0.6285,stratified shuffle
2026-09-11__oneplus__class_011__PXL_20260911_103529897,dataset/2026-09-11__oneplus/class_011__Peru_Minca/PXL_20260911_103529897.jpg,data/seg_masks/ml3_new_ft_s123/2026-09-11__oneplus__class_011__PXL_20260911_103529897.png,3cbfd19f13146d2cb3643e9ed9ded9697a7853278a28f022be87e2faa196cede,c2ebaa9dfc2c20ec8aa8ca726dc25d088152bed66e7d163252f5b67a49e2f2cb,2026-09-11__oneplus,0,0.9997,stratified shuffle
2026-09-11__pixel__class_011__PXL_20260911_052627823,dataset/2026-09-11__pixel/class_011__Peru_Minca/PXL_20260911_052627823.jpg,data/seg_masks/ml3_new_ft_s123/2026-09-11__pixel__class_011__PXL_20260911_052627823.png,8bf54fff8e7ae7e60f79f99e204801f0e10d5617acb7a03454ef4c73bb2b4bd3,0292f6268f22f67d8e45fab3ecc7dad2b3b2fca1bcff81e7ab174cafa79e1668,2026-09-11__pixel,0,0.9986,stratified shuffle
2026-09-11__sony__class_011__PIC_20260911_124952,dataset/2026-09-11__sony/class_011__Peru_Minca/PIC_20260911_124952.JPG,data/seg_masks/ml3_new_ft_s123/2026-09-11__sony__class_011__PIC_20260911_124952.png,f6ea3a588a4275d281246a584914bc67285b7de86e01569595dc7d210464aa70,fd80cd2640cc353a4b7789a5082b8e5571b28e81e3c12f43740548db8a260c80,2026-09-11__sony,0,0.9922,stratified shuffle
2026-09-24__sony__class_012__PIC_20260924_152807,dataset/2026-09-24__sony/class_012__Rwanda_Gisuma/PIC_20260924_152807.JPG,data/seg_masks/ml3_new_ft_s123/2026-09-24__sony__class_012__PIC_20260924_152807.png,bd6a4df16e9ff221039b879785ccf16b45e49f5bbfc72bb78df3a2dcd13950dd,a6fa7b119a8675b6d27e29bee4705301a79f9997d5f19cf9fc76f812e640cb85,2026-09-24__sony,0,0.9966,stratified shuffle
2026-09-24__pixel__class_011__PXL_20260924_123018340,dataset/2026-09-24__pixel/class_011__Peru_Minca/PXL_20260924_123018340.jpg,data/seg_masks/ml3_new_ft_s123/2026-09-24__pixel__class_011__PXL_20260924_123018340.png,f83e5ee38e8bffb1126eb7bcd672b955b7f65fe110b0d57c0c50c9b3eaf56800,d2e63b84ee6a376c96cb71b034532b60b22845bbcd3bf084004ab9e25456edb4,2026-09-24__pixel,0,0.9956,stratified shuffle
2026-09-24__sony__class_012__PIC_20260924_152120,dataset/2026-09-24__sony/class_012__Rwanda_Gisuma/PIC_20260924_152120.JPG,data/seg_masks/ml3_new_ft_s123/2026-09-24__sony__class_012__PIC_20260924_152120.png,305e5d1c81d59eafbba4e26524ed6de53bad117078dc67fa164cd3f237de2011,2c5bb36738d8d17254d71d9bbbc543ade07b7f69f32bef28bb7fc82e434e1e6b,2026-09-24__sony,0,0.9622,stratified shuffle
2026-09-24__oneplus__class_011__PXL_20260924_175458979,dataset/2026-09-24__oneplus/class_011__Peru_Minca/PXL_20260924_175458979.jpg,data/seg_masks/ml3_new_ft_s123/2026-09-24__oneplus__class_011__PXL_20260924_175458979.png,0274fde1c1a4e70ca23f3b719af049f6524e0eb8d43f994276f4490fe8fa34f7,fe08807d76b75784ecd1510a65e2990d2c79a719c121900784ae55c9d007219f,2026-09-24__oneplus,0,0.9999,stratified shuffle
2026-09-24__pixel__class_012__PXL_20260924_074632302,dataset/2026-09-24__pixel/class_012__Rwanda_Gisuma/PXL_20260924_074632302.jpg,data/seg_masks/ml3_new_ft_s123/2026-09-24__pixel__class_012__PXL_20260924_074632302.png,2d6a1f157d3418579dbeac6e9560e8c87460b9d671f38d65033b288f1b75a0bb,b5ca04782047898b5474f90cdc6a026ddfe019aab139c0f816e3890c4d699462,2026-09-24__pixel,0,0.9986,stratified shuffle
2026-09-24__sony__class_011__PIC_20260924_201534,dataset/2026-09-24__sony/class_011__Peru_Minca/PIC_20260924_201534.JPG,data/seg_masks/ml3_new_ft_s123/2026-09-24__sony__class_011__PIC_20260924_201534.png,45036151415242a9d1cee7c261a95db757900af1036e91aa25113ff1b1fc90cb,351f3060bcbf913aaf3b33a7ead0c88ac8abc9298890c2e9fa8f21ddba132127,2026-09-24__sony,0,0.9641,stratified shuffle
2026-09-24__pixel__class_011__PXL_20260924_124030902,dataset/2026-09-24__pixel/class_011__Peru_Minca/PXL_20260924_124030902.jpg,data/seg_masks/ml3_new_ft_s123/2026-09-24__pixel__class_011__PXL_20260924_124030902.png,546db91f8c52471a5b1234542081d12bee8aedd123e421bbcc7f652b1e37d6cd,722ade8409469ba9a4e8b071c08a9758d0069e7b963d17ba1d7d36d6d5647e3d,2026-09-24__pixel,0,0.9988,stratified shuffle
2026-09-24__oneplus__class_012__PXL_20260924_103427011,dataset/2026-09-24__oneplus/class_012__Rwanda_Gisuma/PXL_20260924_103427011.jpg,data/seg_masks/ml3_new_ft_s123/2026-09-24__oneplus__class_012__PXL_20260924_103427011.png,98de3b6049d8c28c9a934aa33b66d8b88c98fcf4a00c9dbc0b5ee91253a5ef9e,68bdf16c562cd101b7744641b9dd59267cb708d731ae7ef76a371fb06eb4c2b1,2026-09-24__oneplus,0,0.9995,stratified shuffle
2026-09-24__sony__class_012__PIC_20260924_150056,dataset/2026-09-24__sony/class_012__Rwanda_Gisuma/PIC_20260924_150056.JPG,data/seg_masks/ml3_new_ft_s123/2026-09-24__sony__class_012__PIC_20260924_150056.png,2c0e64a7fd0e21369fa2986ed546e5aab47dd4112db92e118a2c864c3084d142,c1d5fdaa39c8007cf4f8bf88fbff53fe49baa8fb4241795bba1dbb212676f828,2026-09-24__sony,0,0.9979,stratified shuffle
2026-09-11__oneplus__class_011__PXL_20260911_103544274,dataset/2026-09-11__oneplus/class_011__Peru_Minca/PXL_20260911_103544274.jpg,data/seg_masks/ml3_new_ft_s123/2026-09-11__oneplus__class_011__PXL_20260911_103544274.png,61331b091f34d42dfada63bec625af144f24a4559b68135b3af8d3818afe91ba,b670a086998283a8b4b6afac9dbf4450e928f9b3b9055e537c812d48f1589868,2026-09-11__oneplus,0,0.9957,stratified shuffle
2026-09-11__pixel__class_011__PXL_20260911_052748958,dataset/2026-09-11__pixel/class_011__Peru_Minca/PXL_20260911_052748958.jpg,data/seg_masks/ml3_new_ft_s123/2026-09-11__pixel__class_011__PXL_20260911_052748958.png,411d8facfe16d4d0928898b5da1ae3950576bf6e22dab62de502264844bbd292,234e8eaade1041fb8d1c7989d1b0579a2d899f8ef0cf3235d8d94a484ccfc501,2026-09-11__pixel,0,0.9988,stratified shuffle
2026-09-11__sony__class_011__PIC_20260911_125056,dataset/2026-09-11__sony/class_011__Peru_Minca/PIC_20260911_125056.JPG,data/seg_masks/ml3_new_ft_s123/2026-09-11__sony__class_011__PIC_20260911_125056.png,83bb63b501b9a8ced5c93a011344deac6681785796b7e77eb55c36581f0c9317,18f4f3bda8eb4a47004783c43cd1d491b7001f7b9f7b76f54f40d8554b3bebba,2026-09-11__sony,0,0.9964,stratified shuffle
2026-09-24__pixel__class_012__PXL_20260924_054415323,dataset/2026-09-24__pixel/class_012__Rwanda_Gisuma/PXL_20260924_054415323.jpg,data/seg_masks/ml3_new_ft_s123/2026-09-24__pixel__class_012__PXL_20260924_054415323.png,dd9583310cc7b40c1ff8a9a24147a39ad1a03293fa3723e381ffc230546e4a98,4fa033378a69f9fa552cb418351d3a9d1e5ab07ecba00cb88ba7bc73d5da4bd8,2026-09-24__pixel,0,0.9852,stratified shuffle
2026-09-24__oneplus__class_011__PXL_20260924_174744565,dataset/2026-09-24__oneplus/class_011__Peru_Minca/PXL_20260924_174744565.jpg,data/seg_masks/ml3_new_ft_s123/2026-09-24__oneplus__class_011__PXL_20260924_174744565.png,397a9a0ca3436c492a7d1093c7d49026e66f0e59d26819559a042cc5bcac0415,80cec76665545eb7f514e040e21be5c3ca87e5c098b9d5a7e91ce1131d769aa2,2026-09-24__oneplus,0,0.9845,stratified shuffle
2026-09-24__sony__class_011__PIC_20260924_202039,dataset/2026-09-24__sony/class_011__Peru_Minca/PIC_20260924_202039.JPG,data/seg_masks/ml3_new_ft_s123/2026-09-24__sony__class_011__PIC_20260924_202039.png,d32d2b22823888bd2e5a7da7a4cd8e5d9d44c7f3b7b89fe985476a04ede0155c,1b02066ca815e0477894a01889e0b7dd7f3d93640f038b642f7fc83fb3509da8,2026-09-24__sony,0,0.9397,stratified shuffle
2026-09-24__pixel__class_012__PXL_20260924_054328836,dataset/2026-09-24__pixel/class_012__Rwanda_Gisuma/PXL_20260924_054328836.jpg,data/seg_masks/ml3_new_ft_s123/2026-09-24__pixel__class_012__PXL_20260924_054328836.png,98ce80b89bb547f0f2312dceea45c8b441b026286e262a27c99923917d1c1d8c,808b80b4f77fc5f1e9f2ecac04ab59545a05fcbead92ded0d1ba8876e66d250c,2026-09-24__pixel,0,0.3375,stratified shuffle
2026-09-24__oneplus__class_011__PXL_20260924_174706651,dataset/2026-09-24__oneplus/class_011__Peru_Minca/PXL_20260924_174706651.jpg,data/seg_masks/ml3_new_ft_s123/2026-09-24__oneplus__class_011__PXL_20260924_174706651.png,ca77c121156c6f72d9b61de08217b47e74808e3be108cdb1c7ed8908896202ca,3154987d5a6af519c572919443da05803ede87792230f4b78c724dce1a2d2f52,2026-09-24__oneplus,0,0.9989,stratified shuffle
2026-09-24__sony__class_012__PIC_20260924_150617,dataset/2026-09-24__sony/class_012__Rwanda_Gisuma/PIC_20260924_150617.JPG,data/seg_masks/ml3_new_ft_s123/2026-09-24__sony__class_012__PIC_20260924_150617.png,addc57689442fa3e5e3aae9b312a1c2174216e1a206ef4528a423724566a96d4,7d8ebb1964684e90369b2bf992af3ff283d2d44192bcb82ed6158a8cfa34a28d,2026-09-24__sony,0,0.8941,stratified shuffle
2026-09-24__pixel__class_011__PXL_20260924_124011026,dataset/2026-09-24__pixel/class_011__Peru_Minca/PXL_20260924_124011026.jpg,data/seg_masks/ml3_new_ft_s123/2026-09-24__pixel__class_011__PXL_20260924_124011026.png,f98eaa10c2700dc061847ec19493445c63af13d7c49c137ba2122ae2693eae4e,66dc2a4075fafd9389804d8a67e30d71141015d4395fc7c889e73d64a5dfeb66,2026-09-24__pixel,0,0.9992,stratified shuffle
2026-09-24__oneplus__class_012__PXL_20260924_102721024,dataset/2026-09-24__oneplus/class_012__Rwanda_Gisuma/PXL_20260924_102721024.jpg,data/seg_masks/ml3_new_ft_s123/2026-09-24__oneplus__class_012__PXL_20260924_102721024.png,92b2f0dc5196491180dd565cf673f56d1f5221fee0e0ade613bdf25586265356,eb655ba3768c4fe7eb062c09c065c4c168c44afde040e41d5c4fc09a30ef9de1,2026-09-24__oneplus,0,0.9966,stratified shuffle
2026-09-24__sony__class_011__PIC_20260924_200826,dataset/2026-09-24__sony/class_011__Peru_Minca/PIC_20260924_200826.JPG,data/seg_masks/ml3_new_ft_s123/2026-09-24__sony__class_011__PIC_20260924_200826.png,4bdb3ea665e1b6a5f792e6b17327ab976c93fbeeb0987187e805325027f5ef0a,b184f252006d44becf3df30ecab8c29ef8819cd06012bd4dd45373b04ad355ca,2026-09-24__sony,0,0.8990,stratified shuffle
2026-09-24__pixel__class_011__PXL_20260924_123234050,dataset/2026-09-24__pixel/class_011__Peru_Minca/PXL_20260924_123234050.jpg,data/seg_masks/ml3_new_ft_s123/2026-09-24__pixel__class_011__PXL_20260924_123234050.png,c329b492f67fbe660cff6451de39426bd3b3f5836b96cc8c226cf3b3ea871c08,b85ed9b014b446b39dafad49feef8c057d84bdf2755075c11a76c4ec0d33a041,2026-09-24__pixel,0,0.9986,stratified shuffle
2026-09-11__oneplus__class_011__PXL_20260911_103815268,dataset/2026-09-11__oneplus/class_011__Peru_Minca/PXL_20260911_103815268.jpg,data/seg_masks/ml3_new_ft_s123/2026-09-11__oneplus__class_011__PXL_20260911_103815268.png,230f07ed1bdc3b7fb9f6e844b4ab3085834fd490530f03ccf527f2db17a09f35,fd306e59b795e4748f16c5b8ea8ecfb3cd46e65dad7e2eda61cf57ec193755d0,2026-09-11__oneplus,0,0.9996,stratified shuffle
2026-09-11__pixel__class_011__PXL_20260911_052722718,dataset/2026-09-11__pixel/class_011__Peru_Minca/PXL_20260911_052722718.jpg,data/seg_masks/ml3_new_ft_s123/2026-09-11__pixel__class_011__PXL_20260911_052722718.png,a35c287eb25e4f66baf79c358deee54d9fe9ea575e25267ec0933450f51217ba,f42ae94f3ecd7976a547660115e06853ecde2ef27548d7315fcbe2515491c556,2026-09-11__pixel,0,0.9986,stratified shuffle
2026-09-11__sony__class_011__PIC_20260911_124749,dataset/2026-09-11__sony/class_011__Peru_Minca/PIC_20260911_124749.JPG,data/seg_masks/ml3_new_ft_s123/2026-09-11__sony__class_011__PIC_20260911_124749.png,2d7ceed9c9d6169dc1e5b602ca340aec60d65592189a83be762bd48f456dd0f0,318c4271ed52b15bd088ddf87e066c9a32f4c13b754ac88b32d14f6b1ae1f2c7,2026-09-11__sony,0,0.9963,stratified shuffle
2026-09-24__sony__class_012__PIC_20260924_145750,dataset/2026-09-24__sony/class_012__Rwanda_Gisuma/PIC_20260924_145750.JPG,data/seg_masks/ml3_new_ft_s123/2026-09-24__sony__class_012__PIC_20260924_145750.png,c75ea276d65d01c8360828ce8942f3123054d8aba0b9b69003f8b6484de921a0,75f68e2577e61f48e33b885d568770d81bb3ceff4022481c22e96e206d4b6cff,2026-09-24__sony,0,0.9962,stratified shuffle
2026-09-24__pixel__class_011__PXL_20260924_123759039,dataset/2026-09-24__pixel/class_011__Peru_Minca/PXL_20260924_123759039.jpg,data/seg_masks/ml3_new_ft_s123/2026-09-24__pixel__class_011__PXL_20260924_123759039.png,8466ec175f32894abd08eba2ec676553999b5a6db23b40239f6076822d11c1ae,84731471d5d239b333ceea73a45eb6dda4e402cb0236a9201a3ad7ef6d243719,2026-09-24__pixel,0,0.9975,stratified shuffle
2026-09-24__oneplus__class_012__PXL_20260924_102841212,dataset/2026-09-24__oneplus/class_012__Rwanda_Gisuma/PXL_20260924_102841212.jpg,data/seg_masks/ml3_new_ft_s123/2026-09-24__oneplus__class_012__PXL_20260924_102841212.png,9e2ce9c22c2102207bdcd5220e320c9e9f5c6a860ae9ffe327c3871b5ac4235a,54a839c01b9d2fa4bec32070939f83e270d074ed934bb47299e8deda2d4e3b62,2026-09-24__oneplus,0,0.9932,stratified shuffle
2026-09-24__sony__class_012__PIC_20260924_150744,dataset/2026-09-24__sony/class_012__Rwanda_Gisuma/PIC_20260924_150744.JPG,data/seg_masks/ml3_new_ft_s123/2026-09-24__sony__class_012__PIC_20260924_150744.png,f5ee1c3d50984fa34eea1f81d3f8b42712bf65b8096fb154ba175d76b753c6b4,092e42650849c37a26364b468bb423492db9fa8746c89b4d3464d4a9e3c1ae04,2026-09-24__sony,0,0.9965,stratified shuffle
2026-09-24__pixel__class_011__PXL_20260924_123251607,dataset/2026-09-24__pixel/class_011__Peru_Minca/PXL_20260924_123251607.jpg,data/seg_masks/ml3_new_ft_s123/2026-09-24__pixel__class_011__PXL_20260924_123251607.png,dd6af05d729d2a794805bb3cec6bba180ff5892071e43d26d47d43f7ab7f4cfe,814ff150134443b953ee2aaf3a36f95e147ebe3953a8f64478f38f84d468707e,2026-09-24__pixel,0,0.9868,stratified shuffle
2026-09-24__oneplus__class_012__PXL_20260924_103114778,dataset/2026-09-24__oneplus/class_012__Rwanda_Gisuma/PXL_20260924_103114778.jpg,data/seg_masks/ml3_new_ft_s123/2026-09-24__oneplus__class_012__PXL_20260924_103114778.png,31c0f4c82b60783e5596968687a2c6df4267ae57918a175360437bdf136a1655,355d96569858a0bc955718cb1f4e09f94ac0f1a5673818548d17a97d17d83090,2026-09-24__oneplus,0,0.3599,stratified shuffle
2026-09-24__sony__class_011__PIC_20260924_202114,dataset/2026-09-24__sony/class_011__Peru_Minca/PIC_20260924_202114.JPG,data/seg_masks/ml3_new_ft_s123/2026-09-24__sony__class_011__PIC_20260924_202114.png,78206940d3b88a56e645772eb754e7a49bad287f3376fa5549b8ccc07cab9648,5e2bb12a2bc3d734942cc7f04992a4b7bce7befc03c3afce486c604084738065,2026-09-24__sony,0,0.9943,stratified shuffle
2026-09-24__pixel__class_012__PXL_20260924_074250480,dataset/2026-09-24__pixel/class_012__Rwanda_Gisuma/PXL_20260924_074250480.jpg,data/seg_masks/ml3_new_ft_s123/2026-09-24__pixel__class_012__PXL_20260924_074250480.png,b5e996a993f67d1e2c00343f9f647bc40e941d6eb8810faf9233e3f53f3131b9,5ba5e342989681f9b7e78b97a4526ed67d6a9e051bf37e38cc932afc76004408,2026-09-24__pixel,0,0.9982,stratified shuffle
2026-09-24__oneplus__class_012__PXL_20260924_103653328,dataset/2026-09-24__oneplus/class_012__Rwanda_Gisuma/PXL_20260924_103653328.jpg,data/seg_masks/ml3_new_ft_s123/2026-09-24__oneplus__class_012__PXL_20260924_103653328.png,50cb07dfc089eed587e17fcfc830b1ae3e1bb0240812c7e1be5d212f1d4470c2,4907bb3f8aab7dda55b7e78905e2e39fd250e3d200108d761590f0036e71cbf9,2026-09-24__oneplus,0,0.6394,stratified shuffle
2026-09-11__oneplus__class_011__PXL_20260911_103932482,dataset/2026-09-11__oneplus/class_011__Peru_Minca/PXL_20260911_103932482.jpg,data/seg_masks/ml3_new_ft_s123/2026-09-11__oneplus__class_011__PXL_20260911_103932482.png,e6e3afd6b1cf6d6aabd4bda47aec816ffebef82c97a5073dcbd1d5455da6ee3f,9d2d55317df571b5bfe08253b7e2bd1dd4e9031e28ce695cb21f525cbc6400f9,2026-09-11__oneplus,0,0.9972,stratified shuffle
2026-09-11__pixel__class_011__PXL_20260911_052540421,dataset/2026-09-11__pixel/class_011__Peru_Minca/PXL_20260911_052540421.jpg,data/seg_masks/ml3_new_ft_s123/2026-09-11__pixel__class_011__PXL_20260911_052540421.png,0a66e68287b42518f28e8f1f9564fb3059b95a23f655e64ee4ba0d98091c9d61,1fca4f4ce37be3721b6d3ebfe1ad6868f435552c9b5c5d47919c5640d8ebd2a6,2026-09-11__pixel,0,0.9975,stratified shuffle
2026-09-11__sony__class_011__PIC_20260911_125127,dataset/2026-09-11__sony/class_011__Peru_Minca/PIC_20260911_125127.JPG,data/seg_masks/ml3_new_ft_s123/2026-09-11__sony__class_011__PIC_20260911_125127.png,80744168e4b5b35ca7f8a365dbfb0eae04062691967c625742519ec794b162e9,335fe74f9d36aa323a46832edf57313d4a91cb3af7e0be45afb86381c81ca3f6,2026-09-11__sony,0,0.9966,stratified shuffle
2026-09-24__sony__class_012__PIC_20260924_152141,dataset/2026-09-24__sony/class_012__Rwanda_Gisuma/PIC_20260924_152141.JPG,data/seg_masks/ml3_new_ft_s123/2026-09-24__sony__class_012__PIC_20260924_152141.png,40c68a479b18557f014ec46e067e9059220e1e9797800d389ed11cb2d7c4a9b7,5d4005db1639b4e7aa2154a13193f39ce30d2e20334a6b161c35c2678c8127ed,2026-09-24__sony,0,0.5575,stratified shuffle
2026-09-24__pixel__class_012__PXL_20260924_055557513,dataset/2026-09-24__pixel/class_012__Rwanda_Gisuma/PXL_20260924_055557513.jpg,data/seg_masks/ml3_new_ft_s123/2026-09-24__pixel__class_012__PXL_20260924_055557513.png,7df0ef6505908fab9523846dbe22a1d7fa401cfd3ee9f694afd7030b957fd0df,e471cecb181ebc6be0c13b484c2eca9c85e9f28facda74312f36efc63be65910,2026-09-24__pixel,0,0.9947,stratified shuffle
2026-09-24__oneplus__class_012__PXL_20260924_102202898,dataset/2026-09-24__oneplus/class_012__Rwanda_Gisuma/PXL_20260924_102202898.jpg,data/seg_masks/ml3_new_ft_s123/2026-09-24__oneplus__class_012__PXL_20260924_102202898.png,87ff2ed37894657ee0f285638761d013bc306081cd6d09d252b206776124a816,04c97b19b286d60032af4765d642ac5de7735e5f4de5aa65b0fc6cc1a6a17c69,2026-09-24__oneplus,0,0.9911,stratified shuffle
2026-09-24__sony__class_011__PIC_20260924_200724,dataset/2026-09-24__sony/class_011__Peru_Minca/PIC_20260924_200724.JPG,data/seg_masks/ml3_new_ft_s123/2026-09-24__sony__class_011__PIC_20260924_200724.png,af0e954cfa817a201a029b06afccb12f4d4fa1b8af770c9a53614849e1af98c9,d8e2e84843b65e6c226b88eb7c2e7cfe74c89b22dc9a98ac562e9401c1a97631,2026-09-24__sony,0,0.9953,stratified shuffle
2026-09-24__pixel__class_011__PXL_20260924_124532686,dataset/2026-09-24__pixel/class_011__Peru_Minca/PXL_20260924_124532686.jpg,data/seg_masks/ml3_new_ft_s123/2026-09-24__pixel__class_011__PXL_20260924_124532686.png,105bf85cea438d323cdd78e2210de3b16d818f193102429a37fe72b9d0f01696,cb5b147c6d72b3563a54011b8d61353dd1190789a5fa2dec77d19032c4f12d87,2026-09-24__pixel,0,0.9963,stratified shuffle
