# ML-3 D13 strip manifest: coffeecv/strip_metadata.py, exiftool 13.25
# started 2026-10-05T11:39:11+00:00
# exiftool -gps:all= -xmp:gps*= -makernotes:all= -xmp-gcamera:hdrplusmakernote= -xmp-xmpnote:all= -jumbf:all= -ifd1:all= -previewimage= -*serialnumber= -artist= -copyright= -ownername= -xpauthor= -xmp-dc:creator= -xmp-dc:rights= -iptc:by-line= -iptc:by-linetitle= -iptc:copyrightnotice=
# Q8 pre-strip backup on the VM, ~/ml3_prestrip/ (outside the checkout and its DVC cache), sha256 equal on both ends; test extraction on the VM listed all 345 files, names and sizes equal to the local ones (2026-10-05):
#   dataset_new_ignored.tar ddf8e41f7ecd72f3325f42000498553a058a15b9cff6fc1b0b775eeff5bb2b66
#   2026-08-06__box_pictures.tar 6772adb0fd02b7b59a8707c7d7b1e9452d235aee8c4c12081f2ddcd398c0368a
# paths are as stripped; P4 moves dataset_new_ignored/<session> to dataset/<session>
path,sha256_before,sha256_after,pixel_sha256,removed
dataset_new_ignored/2026-09-11__oneplus/class_011__Peru_Minca/PXL_20260911_103514697.jpg,913ecd27eec45a6932cc389f29bf17ec546bd7de015388e5306ceb422fe8aed7,a532df839c3601e43be31bb5e85424132f0443242646fb655cbc82c3654169c8,a6207d82b3bb4caa364d24de669330a05124a7d62ea41337c2d833d0a574f797,EXIF:GPS:GPSAltitude EXIF:GPS:GPSAltitudeRef EXIF:GPS:GPSDateStamp EXIF:GPS:GPSImgDirection EXIF:GPS:GPSImgDirectionRef EXIF:GPS:GPSLatitude EXIF:GPS:GPSLatitudeRef EXIF:GPS:GPSLongitude EXIF:GPS:GPSLongitudeRef EXIF:GPS:GPSTimeStamp EXIF:GPS:GPSVersionID EXIF:IFD1:Compression EXIF:IFD1:Orientation EXIF:IFD1:ResolutionUnit EXIF:IFD1:ThumbnailImage EXIF:IFD1:ThumbnailLength EXIF:IFD1:ThumbnailOffset EXIF:IFD1:XResolution EXIF:IFD1:YResolution XMP:XMP-GCamera:HdrPlusMakernote XMP:XMP-xmpNote:HasExtendedXMP
dataset_new_ignored/2026-09-11__oneplus/class_011__Peru_Minca/PXL_20260911_103522456.jpg,80e428de083b7a221e5bf2b3b2fd99900ad46824698d548d99645469872467e3,b2647bab5fe5901d961f660788c66ff87246edab6d6620b67963befb59103d13,268cbaf173b4d9b63b14aae4ffb9ffa892b1339ea22fb2fa2d83b4e252babfc4,EXIF:GPS:GPSAltitude EXIF:GPS:GPSAltitudeRef EXIF:GPS:GPSDateStamp EXIF:GPS:GPSImgDirection EXIF:GPS:GPSImgDirectionRef EXIF:GPS:GPSLatitude EXIF:GPS:GPSLatitudeRef EXIF:GPS:GPSLongitude EXIF:GPS:GPSLongitudeRef EXIF:GPS:GPSTimeStamp EXIF:GPS:GPSVersionID EXIF:IFD1:Compression EXIF:IFD1:Orientation EXIF:IFD1:ResolutionUnit EXIF:IFD1:ThumbnailImage EXIF:IFD1:ThumbnailLength EXIF:IFD1:ThumbnailOffset EXIF:IFD1:XResolution EXIF:IFD1:YResolution XMP:XMP-GCamera:HdrPlusMakernote XMP:XMP-xmpNote:HasExtendedXMP
dataset_new_ignored/2026-09-11__oneplus/class_011__Peru_Minca/PXL_20260911_103529897.jpg,8e4522cf5dff6b15bb0a74b65d92da22795d0d5c6b65e19372774fc1576a2a4f,c2ebaa9dfc2c20ec8aa8ca726dc25d088152bed66e7d163252f5b67a49e2f2cb,7e0d652f9135580ae12d5c622be63bacae05fbca7184b2f24595039e8f6d3026,EXIF:GPS:GPSAltitude EXIF:GPS:GPSAltitudeRef EXIF:GPS:GPSDateStamp EXIF:GPS:GPSImgDirection EXIF:GPS:GPSImgDirectionRef EXIF:GPS:GPSLatitude EXIF:GPS:GPSLatitudeRef EXIF:GPS:GPSLongitude EXIF:GPS:GPSLongitudeRef EXIF:GPS:GPSTimeStamp EXIF:GPS:GPSVersionID EXIF:IFD1:Compression EXIF:IFD1:Orientation EXIF:IFD1:ResolutionUnit EXIF:IFD1:ThumbnailImage EXIF:IFD1:ThumbnailLength EXIF:IFD1:ThumbnailOffset EXIF:IFD1:XResolution EXIF:IFD1:YResolution XMP:XMP-GCamera:HdrPlusMakernote XMP:XMP-xmpNote:HasExtendedXMP
dataset_new_ignored/2026-09-11__oneplus/class_011__Peru_Minca/PXL_20260911_103544274.jpg,7a390cc4d03e8fa08b1f740b7364201d8e118c0e09f162294322e20e927d9689,b670a086998283a8b4b6afac9dbf4450e928f9b3b9055e537c812d48f1589868,8d4ed5134d168d3c40e3246404d58bcd3ff3119558a1a0f9312beea308e5422e,EXIF:GPS:GPSAltitude EXIF:GPS:GPSAltitudeRef EXIF:GPS:GPSDateStamp EXIF:GPS:GPSImgDirection EXIF:GPS:GPSImgDirectionRef EXIF:GPS:GPSLatitude EXIF:GPS:GPSLatitudeRef EXIF:GPS:GPSLongitude EXIF:GPS:GPSLongitudeRef EXIF:GPS:GPSTimeStamp EXIF:GPS:GPSVersionID EXIF:IFD1:Compression EXIF:IFD1:Orientation EXIF:IFD1:ResolutionUnit EXIF:IFD1:ThumbnailImage EXIF:IFD1:ThumbnailLength EXIF:IFD1:ThumbnailOffset EXIF:IFD1:XResolution EXIF:IFD1:YResolution XMP:XMP-GCamera:HdrPlusMakernote XMP:XMP-xmpNote:HasExtendedXMP
dataset_new_ignored/2026-09-11__oneplus/class_011__Peru_Minca/PXL_20260911_103553589.jpg,2f920fa499393ff1578af3b4002e1de3e8ed253d9de35a41b4676e346a20c801,20f8836a45aa743fdd6cb911edfc98c5d7c66884f9844d5468df3dcfb0da9b0b,a3de92ea386ebb046b05b50949ff2b48aaa69116136703f63e157581f3d3a675,EXIF:GPS:GPSAltitude EXIF:GPS:GPSAltitudeRef EXIF:GPS:GPSDateStamp EXIF:GPS:GPSImgDirection EXIF:GPS:GPSImgDirectionRef EXIF:GPS:GPSLatitude EXIF:GPS:GPSLatitudeRef EXIF:GPS:GPSLongitude EXIF:GPS:GPSLongitudeRef EXIF:GPS:GPSTimeStamp EXIF:GPS:GPSVersionID EXIF:IFD1:Compression EXIF:IFD1:Orientation EXIF:IFD1:ResolutionUnit EXIF:IFD1:ThumbnailImage EXIF:IFD1:ThumbnailLength EXIF:IFD1:ThumbnailOffset EXIF:IFD1:XResolution EXIF:IFD1:YResolution XMP:XMP-GCamera:HdrPlusMakernote XMP:XMP-xmpNote:HasExtendedXMP
dataset_new_ignored/2026-09-11__oneplus/class_011__Peru_Minca/PXL_20260911_103602670.jpg,54d675ad29689d50c4e838ba8e79c64e27140e48b71a03658dab4cfd62a836af,23c00680798259ab7f570adae234e37eadebd4c26c2371838faed974619e7928,c6cf1e80ddce4eba94083fd3a29e180a4510bec773b0827bc6735f703bc98dc0,EXIF:GPS:GPSAltitude EXIF:GPS:GPSAltitudeRef EXIF:GPS:GPSDateStamp EXIF:GPS:GPSImgDirection EXIF:GPS:GPSImgDirectionRef EXIF:GPS:GPSLatitude EXIF:GPS:GPSLatitudeRef EXIF:GPS:GPSLongitude EXIF:GPS:GPSLongitudeRef EXIF:GPS:GPSTimeStamp EXIF:GPS:GPSVersionID EXIF:IFD1:Compression EXIF:IFD1:Orientation EXIF:IFD1:ResolutionUnit EXIF:IFD1:ThumbnailImage EXIF:IFD1:ThumbnailLength EXIF:IFD1:ThumbnailOffset EXIF:IFD1:XResolution EXIF:IFD1:YResolution XMP:XMP-GCamera:HdrPlusMakernote XMP:XMP-xmpNote:HasExtendedXMP
dataset_new_ignored/2026-09-11__oneplus/class_011__Peru_Minca/PXL_20260911_103613617.jpg,c7a3fe4688be3738ebf78d232f6bdd6c28a510fee8229d423046365c88689c5a,35ce66ad4f89cc4c6726dc21a003debe1f718f8166e4c88661fceb81f3384bcd,d5250f6cb3777ddbbdb200dd8fe7ae40568ea51a8410448772a0cfa553d5b7f6,EXIF:GPS:GPSAltitude EXIF:GPS:GPSAltitudeRef EXIF:GPS:GPSDateStamp EXIF:GPS:GPSImgDirection EXIF:GPS:GPSImgDirectionRef EXIF:GPS:GPSLatitude EXIF:GPS:GPSLatitudeRef EXIF:GPS:GPSLongitude EXIF:GPS:GPSLongitudeRef EXIF:GPS:GPSTimeStamp EXIF:GPS:GPSVersionID EXIF:IFD1:Compression EXIF:IFD1:Orientation EXIF:IFD1:ResolutionUnit EXIF:IFD1:ThumbnailImage EXIF:IFD1:ThumbnailLength EXIF:IFD1:ThumbnailOffset EXIF:IFD1:XResolution EXIF:IFD1:YResolution XMP:XMP-GCamera:HdrPlusMakernote XMP:XMP-xmpNote:HasExtendedXMP
dataset_new_ignored/2026-09-11__oneplus/class_011__Peru_Minca/PXL_20260911_103622460.jpg,100eb09170c3ee23f451bca32a0d5d09bb0af0558305d430a56cf1c9eba74722,7c1f0b5b88407e30de86e3120ca3d242821f7642fbe961777a63380e24d13114,97f7dc08b4224a10e1e35e9b8bfeefc778f165c8963e2121e3ef057cdafe265b,EXIF:GPS:GPSAltitude EXIF:GPS:GPSAltitudeRef EXIF:GPS:GPSDateStamp EXIF:GPS:GPSImgDirection EXIF:GPS:GPSImgDirectionRef EXIF:GPS:GPSLatitude EXIF:GPS:GPSLatitudeRef EXIF:GPS:GPSLongitude EXIF:GPS:GPSLongitudeRef EXIF:GPS:GPSTimeStamp EXIF:GPS:GPSVersionID EXIF:IFD1:Compression EXIF:IFD1:Orientation EXIF:IFD1:ResolutionUnit EXIF:IFD1:ThumbnailImage EXIF:IFD1:ThumbnailLength EXIF:IFD1:ThumbnailOffset EXIF:IFD1:XResolution EXIF:IFD1:YResolution XMP:XMP-GCamera:HdrPlusMakernote XMP:XMP-xmpNote:HasExtendedXMP
dataset_new_ignored/2026-09-11__oneplus/class_011__Peru_Minca/PXL_20260911_103654460.jpg,f8f047698dbd60fb14c03187384978d80dc73a28e66c8d8ebeb8efc169033352,446f9ccc0307ebb63de697b378272184f913368560a8aaf44ea2f9d07d38ee88,bb5126f8fb798eed037bb91ad72fdb352da297042f93b757ab84d38ec32b9e7e,EXIF:GPS:GPSAltitude EXIF:GPS:GPSAltitudeRef EXIF:GPS:GPSDateStamp EXIF:GPS:GPSImgDirection EXIF:GPS:GPSImgDirectionRef EXIF:GPS:GPSLatitude EXIF:GPS:GPSLatitudeRef EXIF:GPS:GPSLongitude EXIF:GPS:GPSLongitudeRef EXIF:GPS:GPSTimeStamp EXIF:GPS:GPSVersionID EXIF:IFD1:Compression EXIF:IFD1:Orientation EXIF:IFD1:ResolutionUnit EXIF:IFD1:ThumbnailImage EXIF:IFD1:ThumbnailLength EXIF:IFD1:ThumbnailOffset EXIF:IFD1:XResolution EXIF:IFD1:YResolution XMP:XMP-GCamera:HdrPlusMakernote XMP:XMP-xmpNote:HasExtendedXMP
dataset_new_ignored/2026-09-11__oneplus/class_011__Peru_Minca/PXL_20260911_103706712.jpg,8cb60d4d943313c6b4e32af9a2c673e84ac424d7f6bcf8d48ffac48dc139a27d,af0b8f961cd384035d5498ade81b16bbef5bf90fe20512eb4817c0d51fd03065,9801c5a2eb5b90f8db50c32bbebaacb83a7bd1732773584c5a7f027d9fb40b13,EXIF:GPS:GPSAltitude EXIF:GPS:GPSAltitudeRef EXIF:GPS:GPSDateStamp EXIF:GPS:GPSImgDirection EXIF:GPS:GPSImgDirectionRef EXIF:GPS:GPSLatitude EXIF:GPS:GPSLatitudeRef EXIF:GPS:GPSLongitude EXIF:GPS:GPSLongitudeRef EXIF:GPS:GPSTimeStamp EXIF:GPS:GPSVersionID EXIF:IFD1:Compression EXIF:IFD1:Orientation EXIF:IFD1:ResolutionUnit EXIF:IFD1:ThumbnailImage EXIF:IFD1:ThumbnailLength EXIF:IFD1:ThumbnailOffset EXIF:IFD1:XResolution EXIF:IFD1:YResolution XMP:XMP-GCamera:HdrPlusMakernote XMP:XMP-xmpNote:HasExtendedXMP
dataset_new_ignored/2026-09-11__oneplus/class_011__Peru_Minca/PXL_20260911_103735922.jpg,d28d5f565b23db99ea0e052872b7eabd975a2226af20aedcd64842b7a76e806f,5e7a3cfb7137940d594188886119ca8e397e469a067e526748a47a71ac5c8679,4b7c8b0b9567ba6d7e0362a674bba781eaebe89d1bf26723eee1e8da6c761c10,EXIF:GPS:GPSAltitude EXIF:GPS:GPSAltitudeRef EXIF:GPS:GPSDateStamp EXIF:GPS:GPSImgDirection EXIF:GPS:GPSImgDirectionRef EXIF:GPS:GPSLatitude EXIF:GPS:GPSLatitudeRef EXIF:GPS:GPSLongitude EXIF:GPS:GPSLongitudeRef EXIF:GPS:GPSTimeStamp EXIF:GPS:GPSVersionID EXIF:IFD1:Compression EXIF:IFD1:Orientation EXIF:IFD1:ResolutionUnit EXIF:IFD1:ThumbnailImage EXIF:IFD1:ThumbnailLength EXIF:IFD1:ThumbnailOffset EXIF:IFD1:XResolution EXIF:IFD1:YResolution XMP:XMP-GCamera:HdrPlusMakernote XMP:XMP-xmpNote:HasExtendedXMP
dataset_new_ignored/2026-09-11__oneplus/class_011__Peru_Minca/PXL_20260911_103804073.jpg,1621dc5d807f06cc8ef6b0efa99d9b5a9034d299018843304f9d41f185fdc1e9,05f6db1d8ef760dcef70ee799b1b74f78c3167f1da4a8c26dc29dc798cc96e48,8e5dcdd80e866d3830b3f99b0038f3f2933a10751d6b04c1d573eca4db56e65f,EXIF:GPS:GPSAltitude EXIF:GPS:GPSAltitudeRef EXIF:GPS:GPSDateStamp EXIF:GPS:GPSImgDirection EXIF:GPS:GPSImgDirectionRef EXIF:GPS:GPSLatitude EXIF:GPS:GPSLatitudeRef EXIF:GPS:GPSLongitude EXIF:GPS:GPSLongitudeRef EXIF:GPS:GPSTimeStamp EXIF:GPS:GPSVersionID EXIF:IFD1:Compression EXIF:IFD1:Orientation EXIF:IFD1:ResolutionUnit EXIF:IFD1:ThumbnailImage EXIF:IFD1:ThumbnailLength EXIF:IFD1:ThumbnailOffset EXIF:IFD1:XResolution EXIF:IFD1:YResolution XMP:XMP-GCamera:HdrPlusMakernote XMP:XMP-xmpNote:HasExtendedXMP
dataset_new_ignored/2026-09-11__oneplus/class_011__Peru_Minca/PXL_20260911_103815268.jpg,ed1f089958c34fb956c5128e7081736a0fe2701cbc87af6854f06767f81bb32b,fd306e59b795e4748f16c5b8ea8ecfb3cd46e65dad7e2eda61cf57ec193755d0,30314c1d780c1b6286353b5863a3a175b63f90e02997c318918bd963d8e87d92,EXIF:GPS:GPSAltitude EXIF:GPS:GPSAltitudeRef EXIF:GPS:GPSDateStamp EXIF:GPS:GPSImgDirection EXIF:GPS:GPSImgDirectionRef EXIF:GPS:GPSLatitude EXIF:GPS:GPSLatitudeRef EXIF:GPS:GPSLongitude EXIF:GPS:GPSLongitudeRef EXIF:GPS:GPSTimeStamp EXIF:GPS:GPSVersionID EXIF:IFD1:Compression EXIF:IFD1:Orientation EXIF:IFD1:ResolutionUnit EXIF:IFD1:ThumbnailImage EXIF:IFD1:ThumbnailLength EXIF:IFD1:ThumbnailOffset EXIF:IFD1:XResolution EXIF:IFD1:YResolution XMP:XMP-GCamera:HdrPlusMakernote XMP:XMP-xmpNote:HasExtendedXMP
dataset_new_ignored/2026-09-11__oneplus/class_011__Peru_Minca/PXL_20260911_103826688.jpg,776ff1d34a7dab4ce05c0f405b5ee41deb0c44397ae5b3b9cfb979998568c1ba,dfcd27734ee1937821246e9d490f82943e2f154dbc00d4c4ed2f318ad2fea0bb,764e31a92bf42002cb00a9f64bafc17c4827b9004d62522b74f1f98b5e81de98,EXIF:GPS:GPSAltitude EXIF:GPS:GPSAltitudeRef EXIF:GPS:GPSDateStamp EXIF:GPS:GPSImgDirection EXIF:GPS:GPSImgDirectionRef EXIF:GPS:GPSLatitude EXIF:GPS:GPSLatitudeRef EXIF:GPS:GPSLongitude EXIF:GPS:GPSLongitudeRef EXIF:GPS:GPSTimeStamp EXIF:GPS:GPSVersionID EXIF:IFD1:Compression EXIF:IFD1:Orientation EXIF:IFD1:ResolutionUnit EXIF:IFD1:ThumbnailImage EXIF:IFD1:ThumbnailLength EXIF:IFD1:ThumbnailOffset EXIF:IFD1:XResolution EXIF:IFD1:YResolution XMP:XMP-GCamera:HdrPlusMakernote XMP:XMP-xmpNote:HasExtendedXMP
dataset_new_ignored/2026-09-11__oneplus/class_011__Peru_Minca/PXL_20260911_103839513.jpg,7c085e4ffcb47aaa9936d9bb47c49dd5e5e38700fb5a28bfde1f6954b9dbbc95,d5820dda6d956003f553754bedabe71763f6784402b823e2241870d7d99bbf28,4c318b02de1b047c1d75acc02f5706ae5e70d33c06da3f63e25005b91655ae33,EXIF:GPS:GPSAltitude EXIF:GPS:GPSAltitudeRef EXIF:GPS:GPSDateStamp EXIF:GPS:GPSImgDirection EXIF:GPS:GPSImgDirectionRef EXIF:GPS:GPSLatitude EXIF:GPS:GPSLatitudeRef EXIF:GPS:GPSLongitude EXIF:GPS:GPSLongitudeRef EXIF:GPS:GPSTimeStamp EXIF:GPS:GPSVersionID EXIF:IFD1:Compression EXIF:IFD1:Orientation EXIF:IFD1:ResolutionUnit EXIF:IFD1:ThumbnailImage EXIF:IFD1:ThumbnailLength EXIF:IFD1:ThumbnailOffset EXIF:IFD1:XResolution EXIF:IFD1:YResolution XMP:XMP-GCamera:HdrPlusMakernote XMP:XMP-xmpNote:HasExtendedXMP
dataset_new_ignored/2026-09-11__oneplus/class_011__Peru_Minca/PXL_20260911_103852413.jpg,f35b0c473d120500b6f9e32698e650378beea86024a94004edf7485e206430cf,4bb171e9a742f73b77f771aa923815c5bdb9af671ad73dc9265041dcd0c1301f,70e8f8a0c666e32395b789af82408ad1c56479a5b2a9ae2c1188cc55d815ded3,EXIF:GPS:GPSAltitude EXIF:GPS:GPSAltitudeRef EXIF:GPS:GPSDateStamp EXIF:GPS:GPSImgDirection EXIF:GPS:GPSImgDirectionRef EXIF:GPS:GPSLatitude EXIF:GPS:GPSLatitudeRef EXIF:GPS:GPSLongitude EXIF:GPS:GPSLongitudeRef EXIF:GPS:GPSTimeStamp EXIF:GPS:GPSVersionID EXIF:IFD1:Compression EXIF:IFD1:Orientation EXIF:IFD1:ResolutionUnit EXIF:IFD1:ThumbnailImage EXIF:IFD1:ThumbnailLength EXIF:IFD1:ThumbnailOffset EXIF:IFD1:XResolution EXIF:IFD1:YResolution XMP:XMP-GCamera:HdrPlusMakernote XMP:XMP-xmpNote:HasExtendedXMP
dataset_new_ignored/2026-09-11__oneplus/class_011__Peru_Minca/PXL_20260911_103912927.jpg,0906f2bdfb81d3f0dd3689d2e69854a198099872cca8d3a38084ff8df7ea5cd3,3e17b76b5987cd5c93b01773ffd8b555eedec5158482b504417e80838dd83c2f,e7cb46902506553a7adad625964a68b290deda9894e8984e9c2e8290995d9267,EXIF:GPS:GPSAltitude EXIF:GPS:GPSAltitudeRef EXIF:GPS:GPSDateStamp EXIF:GPS:GPSImgDirection EXIF:GPS:GPSImgDirectionRef EXIF:GPS:GPSLatitude EXIF:GPS:GPSLatitudeRef EXIF:GPS:GPSLongitude EXIF:GPS:GPSLongitudeRef EXIF:GPS:GPSTimeStamp EXIF:GPS:GPSVersionID EXIF:IFD1:Compression EXIF:IFD1:Orientation EXIF:IFD1:ResolutionUnit EXIF:IFD1:ThumbnailImage EXIF:IFD1:ThumbnailLength EXIF:IFD1:ThumbnailOffset EXIF:IFD1:XResolution EXIF:IFD1:YResolution XMP:XMP-GCamera:HdrPlusMakernote XMP:XMP-xmpNote:HasExtendedXMP
dataset_new_ignored/2026-09-11__oneplus/class_011__Peru_Minca/PXL_20260911_103922010.jpg,89b86ba2c2004d63f3eeb8f4ea105cba89785459be29b2eb495169bc1a5d3796,653f95bd42fd9b2d2cc63903dfa2d9a52ea4446fed56a2fade1a3a85777f6786,767568147e0960c9e560f89c562321c3e870ccd86471b6bcc8d0ca06d4a8c1f0,EXIF:GPS:GPSAltitude EXIF:GPS:GPSAltitudeRef EXIF:GPS:GPSDateStamp EXIF:GPS:GPSImgDirection EXIF:GPS:GPSImgDirectionRef EXIF:GPS:GPSLatitude EXIF:GPS:GPSLatitudeRef EXIF:GPS:GPSLongitude EXIF:GPS:GPSLongitudeRef EXIF:GPS:GPSTimeStamp EXIF:GPS:GPSVersionID EXIF:IFD1:Compression EXIF:IFD1:Orientation EXIF:IFD1:ResolutionUnit EXIF:IFD1:ThumbnailImage EXIF:IFD1:ThumbnailLength EXIF:IFD1:ThumbnailOffset EXIF:IFD1:XResolution EXIF:IFD1:YResolution XMP:XMP-GCamera:HdrPlusMakernote XMP:XMP-xmpNote:HasExtendedXMP
dataset_new_ignored/2026-09-11__oneplus/class_011__Peru_Minca/PXL_20260911_103932482.jpg,76daa5e5ac1d21c2523afba337d1517056fb7d6cf8840a129efc916c3faf9675,9d2d55317df571b5bfe08253b7e2bd1dd4e9031e28ce695cb21f525cbc6400f9,b88d340567d01d6537b09e38b0180a4da2f786fad245b2c804295addcf03bf0b,EXIF:GPS:GPSAltitude EXIF:GPS:GPSAltitudeRef EXIF:GPS:GPSDateStamp EXIF:GPS:GPSImgDirection EXIF:GPS:GPSImgDirectionRef EXIF:GPS:GPSLatitude EXIF:GPS:GPSLatitudeRef EXIF:GPS:GPSLongitude EXIF:GPS:GPSLongitudeRef EXIF:GPS:GPSTimeStamp EXIF:GPS:GPSVersionID EXIF:IFD1:Compression EXIF:IFD1:Orientation EXIF:IFD1:ResolutionUnit EXIF:IFD1:ThumbnailImage EXIF:IFD1:ThumbnailLength EXIF:IFD1:ThumbnailOffset EXIF:IFD1:XResolution EXIF:IFD1:YResolution XMP:XMP-GCamera:HdrPlusMakernote XMP:XMP-xmpNote:HasExtendedXMP
dataset_new_ignored/2026-09-11__oneplus/class_011__Peru_Minca/PXL_20260911_103942885.jpg,76f5d1c1d011f8b526dde8ca3ffeae2f9b7b19bb20169e1bcbc106a4f203471b,442825a508249b07745509a4cc3eb8d20a51a6ba4249c64c419ceeee60b21c9a,04219066daa7500200ae54e1c1b441fe61c7dcea712c4676ea1ef72d8987aee5,EXIF:GPS:GPSAltitude EXIF:GPS:GPSAltitudeRef EXIF:GPS:GPSDateStamp EXIF:GPS:GPSImgDirection EXIF:GPS:GPSImgDirectionRef EXIF:GPS:GPSLatitude EXIF:GPS:GPSLatitudeRef EXIF:GPS:GPSLongitude EXIF:GPS:GPSLongitudeRef EXIF:GPS:GPSTimeStamp EXIF:GPS:GPSVersionID EXIF:IFD1:Compression EXIF:IFD1:Orientation EXIF:IFD1:ResolutionUnit EXIF:IFD1:ThumbnailImage EXIF:IFD1:ThumbnailLength EXIF:IFD1:ThumbnailOffset EXIF:IFD1:XResolution EXIF:IFD1:YResolution XMP:XMP-GCamera:HdrPlusMakernote XMP:XMP-xmpNote:HasExtendedXMP
dataset_new_ignored/2026-09-11__pixel/class_011__Peru_Minca/PXL_20260911_052359836.jpg,8feaf6607fc322a3ce835c9b7aca15d91b9ecf7cae8908eda7fa4a3c95bcf247,adcd70963650a87d886bb69082a1696a5b5b5432b926db0e06a9a08f7734ea4a,74ec97eb29b6cf21acbe2c9bd3205ea467d87da1f6ee974a48ec93142ee12572,EXIF:GPS:GPSAltitude EXIF:GPS:GPSAltitudeRef EXIF:GPS:GPSDateStamp EXIF:GPS:GPSImgDirection EXIF:GPS:GPSImgDirectionRef EXIF:GPS:GPSLatitude EXIF:GPS:GPSLatitudeRef EXIF:GPS:GPSLongitude EXIF:GPS:GPSLongitudeRef EXIF:GPS:GPSTimeStamp EXIF:GPS:GPSVersionID EXIF:IFD1:Compression EXIF:IFD1:Orientation EXIF:IFD1:ResolutionUnit EXIF:IFD1:ThumbnailImage EXIF:IFD1:ThumbnailLength EXIF:IFD1:ThumbnailOffset EXIF:IFD1:XResolution EXIF:IFD1:YResolution JUMBF:CBOR:ActionsAction JUMBF:CBOR:ActionsDescription JUMBF:CBOR:ActionsDigitalSourceType JUMBF:CBOR:Alg JUMBF:CBOR:Claim_Generator_InfoName JUMBF:CBOR:Claim_Generator_InfoVersion JUMBF:CBOR:Created_AssertionsHash JUMBF:CBOR:Created_AssertionsUrl JUMBF:CBOR:ExclusionsLength JUMBF:CBOR:ExclusionsStart JUMBF:CBOR:Hash JUMBF:CBOR:InstanceID JUMBF:CBOR:Item0 JUMBF:CBOR:Item1Pad JUMBF:CBOR:Item1Pad2 JUMBF:CBOR:Item1SigTst2TstTokensVal JUMBF:CBOR:Item2 JUMBF:CBOR:Item3 JUMBF:CBOR:Pad JUMBF:CBOR:Pad2 JUMBF:CBOR:PartsHashAssertionHash JUMBF:CBOR:PartsHashAssertionUrl JUMBF:CBOR:PartsLocationByteOffset JUMBF:CBOR:PartsLocationLength JUMBF:CBOR:PartsOptional JUMBF:CBOR:Signature JUMBF:JUMDLabel JUMBF:JUMDToggles JUMBF:JUMDType XMP:XMP-GCamera:HdrPlusMakernote XMP:XMP-xmpNote:HasExtendedXMP
dataset_new_ignored/2026-09-11__pixel/class_011__Peru_Minca/PXL_20260911_052409641.jpg,4206c716ea3d2086530045dd244f9d912754b1ae33da0b4886aff57ccbb6d444,f48355398cb1e790c137543f19d61ecadd0b6932b22b417db9250c67b213c41c,39cbe592f62b3c4163eac13ac023712a370e57aaec633dc6fc53e21a493d8fbe,EXIF:GPS:GPSAltitude EXIF:GPS:GPSAltitudeRef EXIF:GPS:GPSDateStamp EXIF:GPS:GPSImgDirection EXIF:GPS:GPSImgDirectionRef EXIF:GPS:GPSLatitude EXIF:GPS:GPSLatitudeRef EXIF:GPS:GPSLongitude EXIF:GPS:GPSLongitudeRef EXIF:GPS:GPSTimeStamp EXIF:GPS:GPSVersionID EXIF:IFD1:Compression EXIF:IFD1:Orientation EXIF:IFD1:ResolutionUnit EXIF:IFD1:ThumbnailImage EXIF:IFD1:ThumbnailLength EXIF:IFD1:ThumbnailOffset EXIF:IFD1:XResolution EXIF:IFD1:YResolution JUMBF:CBOR:ActionsAction JUMBF:CBOR:ActionsDescription JUMBF:CBOR:ActionsDigitalSourceType JUMBF:CBOR:Alg JUMBF:CBOR:Claim_Generator_InfoName JUMBF:CBOR:Claim_Generator_InfoVersion JUMBF:CBOR:Created_AssertionsHash JUMBF:CBOR:Created_AssertionsUrl JUMBF:CBOR:ExclusionsLength JUMBF:CBOR:ExclusionsStart JUMBF:CBOR:Hash JUMBF:CBOR:InstanceID JUMBF:CBOR:Item0 JUMBF:CBOR:Item1Pad JUMBF:CBOR:Item1Pad2 JUMBF:CBOR:Item1SigTst2TstTokensVal JUMBF:CBOR:Item2 JUMBF:CBOR:Item3 JUMBF:CBOR:Pad JUMBF:CBOR:Pad2 JUMBF:CBOR:PartsHashAssertionHash JUMBF:CBOR:PartsHashAssertionUrl JUMBF:CBOR:PartsLocationByteOffset JUMBF:CBOR:PartsLocationLength JUMBF:CBOR:PartsOptional JUMBF:CBOR:Signature JUMBF:JUMDLabel JUMBF:JUMDToggles JUMBF:JUMDType XMP:XMP-GCamera:HdrPlusMakernote XMP:XMP-xmpNote:HasExtendedXMP
dataset_new_ignored/2026-09-11__pixel/class_011__Peru_Minca/PXL_20260911_052417917.jpg,aebf649a2a801a9db54791991b26c9b2c24e9fc0176a7348745f4a279de04d96,f5cb4e60d1343670548199cb6f8c5f35658539dc169e4cf90dd369856497af72,96f32655cb568aebd9d7a5b3d517a163e5b857aa082532217e287ffa4901b98b,EXIF:GPS:GPSAltitude EXIF:GPS:GPSAltitudeRef EXIF:GPS:GPSDateStamp EXIF:GPS:GPSImgDirection EXIF:GPS:GPSImgDirectionRef EXIF:GPS:GPSLatitude EXIF:GPS:GPSLatitudeRef EXIF:GPS:GPSLongitude EXIF:GPS:GPSLongitudeRef EXIF:GPS:GPSTimeStamp EXIF:GPS:GPSVersionID EXIF:IFD1:Compression EXIF:IFD1:Orientation EXIF:IFD1:ResolutionUnit EXIF:IFD1:ThumbnailImage EXIF:IFD1:ThumbnailLength EXIF:IFD1:ThumbnailOffset EXIF:IFD1:XResolution EXIF:IFD1:YResolution JUMBF:CBOR:ActionsAction JUMBF:CBOR:ActionsDescription JUMBF:CBOR:ActionsDigitalSourceType JUMBF:CBOR:Alg JUMBF:CBOR:Claim_Generator_InfoName JUMBF:CBOR:Claim_Generator_InfoVersion JUMBF:CBOR:Created_AssertionsHash JUMBF:CBOR:Created_AssertionsUrl JUMBF:CBOR:ExclusionsLength JUMBF:CBOR:ExclusionsStart JUMBF:CBOR:Hash JUMBF:CBOR:InstanceID JUMBF:CBOR:Item0 JUMBF:CBOR:Item1Pad JUMBF:CBOR:Item1Pad2 JUMBF:CBOR:Item1SigTst2TstTokensVal JUMBF:CBOR:Item2 JUMBF:CBOR:Item3 JUMBF:CBOR:Pad JUMBF:CBOR:Pad2 JUMBF:CBOR:PartsHashAssertionHash JUMBF:CBOR:PartsHashAssertionUrl JUMBF:CBOR:PartsLocationByteOffset JUMBF:CBOR:PartsLocationLength JUMBF:CBOR:PartsOptional JUMBF:CBOR:Signature JUMBF:JUMDLabel JUMBF:JUMDToggles JUMBF:JUMDType XMP:XMP-GCamera:HdrPlusMakernote XMP:XMP-xmpNote:HasExtendedXMP
dataset_new_ignored/2026-09-11__pixel/class_011__Peru_Minca/PXL_20260911_052433815.jpg,0d4d8bb41401a4735b489fca61dcb00e4a328f693377d77d034d288a49246b0b,d9539369a4ff5ec59b8612b4cf8e381ab3b96136575d6673b99f659b98b7d57d,287b33d55d9e36aff34ce24740a5ec1b622c4ea238e0371b6f8721dc65e88319,EXIF:GPS:GPSAltitude EXIF:GPS:GPSAltitudeRef EXIF:GPS:GPSDateStamp EXIF:GPS:GPSImgDirection EXIF:GPS:GPSImgDirectionRef EXIF:GPS:GPSLatitude EXIF:GPS:GPSLatitudeRef EXIF:GPS:GPSLongitude EXIF:GPS:GPSLongitudeRef EXIF:GPS:GPSTimeStamp EXIF:GPS:GPSVersionID EXIF:IFD1:Compression EXIF:IFD1:Orientation EXIF:IFD1:ResolutionUnit EXIF:IFD1:ThumbnailImage EXIF:IFD1:ThumbnailLength EXIF:IFD1:ThumbnailOffset EXIF:IFD1:XResolution EXIF:IFD1:YResolution JUMBF:CBOR:ActionsAction JUMBF:CBOR:ActionsDescription JUMBF:CBOR:ActionsDigitalSourceType JUMBF:CBOR:Alg JUMBF:CBOR:Claim_Generator_InfoName JUMBF:CBOR:Claim_Generator_InfoVersion JUMBF:CBOR:Created_AssertionsHash JUMBF:CBOR:Created_AssertionsUrl JUMBF:CBOR:ExclusionsLength JUMBF:CBOR:ExclusionsStart JUMBF:CBOR:Hash JUMBF:CBOR:InstanceID JUMBF:CBOR:Item0 JUMBF:CBOR:Item1Pad JUMBF:CBOR:Item1Pad2 JUMBF:CBOR:Item1SigTst2TstTokensVal JUMBF:CBOR:Item2 JUMBF:CBOR:Item3 JUMBF:CBOR:Pad JUMBF:CBOR:Pad2 JUMBF:CBOR:PartsHashAssertionHash JUMBF:CBOR:PartsHashAssertionUrl JUMBF:CBOR:PartsLocationByteOffset JUMBF:CBOR:PartsLocationLength JUMBF:CBOR:PartsOptional JUMBF:CBOR:Signature JUMBF:JUMDLabel JUMBF:JUMDToggles JUMBF:JUMDType XMP:XMP-GCamera:HdrPlusMakernote XMP:XMP-xmpNote:HasExtendedXMP
dataset_new_ignored/2026-09-11__pixel/class_011__Peru_Minca/PXL_20260911_052451965.jpg,acc0aa637ce2ad9244704e3db161de4b48b71cf24ea47ec7ec9eb1392b5582fd,85d028a77ea4fce4779f7f0b862c006d94a07d1c58def9d67647e9c337d23145,b30a2cfc2072d932922bd1c6af2ba4d9e472fbb2ca90ebde14c472e38b9851f3,EXIF:GPS:GPSAltitude EXIF:GPS:GPSAltitudeRef EXIF:GPS:GPSDateStamp EXIF:GPS:GPSImgDirection EXIF:GPS:GPSImgDirectionRef EXIF:GPS:GPSLatitude EXIF:GPS:GPSLatitudeRef EXIF:GPS:GPSLongitude EXIF:GPS:GPSLongitudeRef EXIF:GPS:GPSTimeStamp EXIF:GPS:GPSVersionID EXIF:IFD1:Compression EXIF:IFD1:Orientation EXIF:IFD1:ResolutionUnit EXIF:IFD1:ThumbnailImage EXIF:IFD1:ThumbnailLength EXIF:IFD1:ThumbnailOffset EXIF:IFD1:XResolution EXIF:IFD1:YResolution JUMBF:CBOR:ActionsAction JUMBF:CBOR:ActionsDescription JUMBF:CBOR:ActionsDigitalSourceType JUMBF:CBOR:Alg JUMBF:CBOR:Claim_Generator_InfoName JUMBF:CBOR:Claim_Generator_InfoVersion JUMBF:CBOR:Created_AssertionsHash JUMBF:CBOR:Created_AssertionsUrl JUMBF:CBOR:ExclusionsLength JUMBF:CBOR:ExclusionsStart JUMBF:CBOR:Hash JUMBF:CBOR:InstanceID JUMBF:CBOR:Item0 JUMBF:CBOR:Item1Pad JUMBF:CBOR:Item1Pad2 JUMBF:CBOR:Item1SigTst2TstTokensVal JUMBF:CBOR:Item2 JUMBF:CBOR:Item3 JUMBF:CBOR:Pad JUMBF:CBOR:Pad2 JUMBF:CBOR:PartsHashAssertionHash JUMBF:CBOR:PartsHashAssertionUrl JUMBF:CBOR:PartsLocationByteOffset JUMBF:CBOR:PartsLocationLength JUMBF:CBOR:PartsOptional JUMBF:CBOR:Signature JUMBF:JUMDLabel JUMBF:JUMDToggles JUMBF:JUMDType XMP:XMP-GCamera:HdrPlusMakernote XMP:XMP-xmpNote:HasExtendedXMP
dataset_new_ignored/2026-09-11__pixel/class_011__Peru_Minca/PXL_20260911_052501251.jpg,0c5b4905981bf243622a0559e90307c30fb845a5e8f39ed4e1b761a3d61750cd,f9f5b88180d23821cb71245fa8edafc78a49e8d74397e11fc01c16d4c2ed5006,04a59f39a3c462ebf69a93ed16b89029d66d274392c711ad75e2b1a898739ccc,EXIF:GPS:GPSAltitude EXIF:GPS:GPSAltitudeRef EXIF:GPS:GPSDateStamp EXIF:GPS:GPSImgDirection EXIF:GPS:GPSImgDirectionRef EXIF:GPS:GPSLatitude EXIF:GPS:GPSLatitudeRef EXIF:GPS:GPSLongitude EXIF:GPS:GPSLongitudeRef EXIF:GPS:GPSTimeStamp EXIF:GPS:GPSVersionID EXIF:IFD1:Compression EXIF:IFD1:Orientation EXIF:IFD1:ResolutionUnit EXIF:IFD1:ThumbnailImage EXIF:IFD1:ThumbnailLength EXIF:IFD1:ThumbnailOffset EXIF:IFD1:XResolution EXIF:IFD1:YResolution JUMBF:CBOR:ActionsAction JUMBF:CBOR:ActionsDescription JUMBF:CBOR:ActionsDigitalSourceType JUMBF:CBOR:Alg JUMBF:CBOR:Claim_Generator_InfoName JUMBF:CBOR:Claim_Generator_InfoVersion JUMBF:CBOR:Created_AssertionsHash JUMBF:CBOR:Created_AssertionsUrl JUMBF:CBOR:ExclusionsLength JUMBF:CBOR:ExclusionsStart JUMBF:CBOR:Hash JUMBF:CBOR:InstanceID JUMBF:CBOR:Item0 JUMBF:CBOR:Item1Pad JUMBF:CBOR:Item1Pad2 JUMBF:CBOR:Item1SigTst2TstTokensVal JUMBF:CBOR:Item2 JUMBF:CBOR:Item3 JUMBF:CBOR:Pad JUMBF:CBOR:Pad2 JUMBF:CBOR:PartsHashAssertionHash JUMBF:CBOR:PartsHashAssertionUrl JUMBF:CBOR:PartsLocationByteOffset JUMBF:CBOR:PartsLocationLength JUMBF:CBOR:PartsOptional JUMBF:CBOR:Signature JUMBF:JUMDLabel JUMBF:JUMDToggles JUMBF:JUMDType XMP:XMP-GCamera:HdrPlusMakernote XMP:XMP-xmpNote:HasExtendedXMP
dataset_new_ignored/2026-09-11__pixel/class_011__Peru_Minca/PXL_20260911_052511172.jpg,9d9e094069e015391f21396c501ab72d8b046c1b778a42cb91d6d268fa97ee9c,fd471f07b0ebefbad8c853ca3ca4dbe9f6a5f36b33a3bb2def21f66f6890ea5e,e7ca5eb970e11cd7a63fb64aafd3b55dbba79ea1ac4c6e66791a6e35067ccc19,EXIF:GPS:GPSAltitude EXIF:GPS:GPSAltitudeRef EXIF:GPS:GPSDateStamp EXIF:GPS:GPSImgDirection EXIF:GPS:GPSImgDirectionRef EXIF:GPS:GPSLatitude EXIF:GPS:GPSLatitudeRef EXIF:GPS:GPSLongitude EXIF:GPS:GPSLongitudeRef EXIF:GPS:GPSTimeStamp EXIF:GPS:GPSVersionID EXIF:IFD1:Compression EXIF:IFD1:Orientation EXIF:IFD1:ResolutionUnit EXIF:IFD1:ThumbnailImage EXIF:IFD1:ThumbnailLength EXIF:IFD1:ThumbnailOffset EXIF:IFD1:XResolution EXIF:IFD1:YResolution JUMBF:CBOR:ActionsAction JUMBF:CBOR:ActionsDescription JUMBF:CBOR:ActionsDigitalSourceType JUMBF:CBOR:Alg JUMBF:CBOR:Claim_Generator_InfoName JUMBF:CBOR:Claim_Generator_InfoVersion JUMBF:CBOR:Created_AssertionsHash JUMBF:CBOR:Created_AssertionsUrl JUMBF:CBOR:ExclusionsLength JUMBF:CBOR:ExclusionsStart JUMBF:CBOR:Hash JUMBF:CBOR:InstanceID JUMBF:CBOR:Item0 JUMBF:CBOR:Item1Pad JUMBF:CBOR:Item1Pad2 JUMBF:CBOR:Item1SigTst2TstTokensVal JUMBF:CBOR:Item2 JUMBF:CBOR:Item3 JUMBF:CBOR:Pad JUMBF:CBOR:Pad2 JUMBF:CBOR:PartsHashAssertionHash JUMBF:CBOR:PartsHashAssertionUrl JUMBF:CBOR:PartsLocationByteOffset JUMBF:CBOR:PartsLocationLength JUMBF:CBOR:PartsOptional JUMBF:CBOR:Signature JUMBF:JUMDLabel JUMBF:JUMDToggles JUMBF:JUMDType XMP:XMP-GCamera:HdrPlusMakernote XMP:XMP-xmpNote:HasExtendedXMP
dataset_new_ignored/2026-09-11__pixel/class_011__Peru_Minca/PXL_20260911_052519526.jpg,dbfacccf859b9510eb4a8c52861f06972de6c678ba0b93a8d8ec5002923e6603,e700075ca4ce7e55670ba7b7d5853e8bbeabd839c4c1efe518117aa1dba972aa,6a5ee3c56e8a815be778eb569c4ef86bf33d4546edfe20df9da9cf1bb8c72943,EXIF:GPS:GPSAltitude EXIF:GPS:GPSAltitudeRef EXIF:GPS:GPSDateStamp EXIF:GPS:GPSImgDirection EXIF:GPS:GPSImgDirectionRef EXIF:GPS:GPSLatitude EXIF:GPS:GPSLatitudeRef EXIF:GPS:GPSLongitude EXIF:GPS:GPSLongitudeRef EXIF:GPS:GPSTimeStamp EXIF:GPS:GPSVersionID EXIF:IFD1:Compression EXIF:IFD1:Orientation EXIF:IFD1:ResolutionUnit EXIF:IFD1:ThumbnailImage EXIF:IFD1:ThumbnailLength EXIF:IFD1:ThumbnailOffset EXIF:IFD1:XResolution EXIF:IFD1:YResolution JUMBF:CBOR:ActionsAction JUMBF:CBOR:ActionsDescription JUMBF:CBOR:ActionsDigitalSourceType JUMBF:CBOR:Alg JUMBF:CBOR:Claim_Generator_InfoName JUMBF:CBOR:Claim_Generator_InfoVersion JUMBF:CBOR:Created_AssertionsHash JUMBF:CBOR:Created_AssertionsUrl JUMBF:CBOR:ExclusionsLength JUMBF:CBOR:ExclusionsStart JUMBF:CBOR:Hash JUMBF:CBOR:InstanceID JUMBF:CBOR:Item0 JUMBF:CBOR:Item1Pad JUMBF:CBOR:Item1Pad2 JUMBF:CBOR:Item1SigTst2TstTokensVal JUMBF:CBOR:Item2 JUMBF:CBOR:Item3 JUMBF:CBOR:Pad JUMBF:CBOR:Pad2 JUMBF:CBOR:PartsHashAssertionHash JUMBF:CBOR:PartsHashAssertionUrl JUMBF:CBOR:PartsLocationByteOffset JUMBF:CBOR:PartsLocationLength JUMBF:CBOR:PartsOptional JUMBF:CBOR:Signature JUMBF:JUMDLabel JUMBF:JUMDToggles JUMBF:JUMDType XMP:XMP-GCamera:HdrPlusMakernote XMP:XMP-xmpNote:HasExtendedXMP
dataset_new_ignored/2026-09-11__pixel/class_011__Peru_Minca/PXL_20260911_052530958.jpg,5b9f24b613f3d58740f68f3b96f48d0b3d3d2c1f9bac83e64b36a7687ce28f60,878a0d1fda6ac6746ac22a986409f9c3956fa62dd820ab422ba37eca9df398f9,ce308c9b116cdd8b6179c93435e563ca20167b591e5946de3a9ef7c66c27672f,EXIF:GPS:GPSAltitude EXIF:GPS:GPSAltitudeRef EXIF:GPS:GPSDateStamp EXIF:GPS:GPSImgDirection EXIF:GPS:GPSImgDirectionRef EXIF:GPS:GPSLatitude EXIF:GPS:GPSLatitudeRef EXIF:GPS:GPSLongitude EXIF:GPS:GPSLongitudeRef EXIF:GPS:GPSTimeStamp EXIF:GPS:GPSVersionID EXIF:IFD1:Compression EXIF:IFD1:Orientation EXIF:IFD1:ResolutionUnit EXIF:IFD1:ThumbnailImage EXIF:IFD1:ThumbnailLength EXIF:IFD1:ThumbnailOffset EXIF:IFD1:XResolution EXIF:IFD1:YResolution JUMBF:CBOR:ActionsAction JUMBF:CBOR:ActionsDescription JUMBF:CBOR:ActionsDigitalSourceType JUMBF:CBOR:Alg JUMBF:CBOR:Claim_Generator_InfoName JUMBF:CBOR:Claim_Generator_InfoVersion JUMBF:CBOR:Created_AssertionsHash JUMBF:CBOR:Created_AssertionsUrl JUMBF:CBOR:ExclusionsLength JUMBF:CBOR:ExclusionsStart JUMBF:CBOR:Hash JUMBF:CBOR:InstanceID JUMBF:CBOR:Item0 JUMBF:CBOR:Item1Pad JUMBF:CBOR:Item1Pad2 JUMBF:CBOR:Item1SigTst2TstTokensVal JUMBF:CBOR:Item2 JUMBF:CBOR:Item3 JUMBF:CBOR:Pad JUMBF:CBOR:Pad2 JUMBF:CBOR:PartsHashAssertionHash JUMBF:CBOR:PartsHashAssertionUrl JUMBF:CBOR:PartsLocationByteOffset JUMBF:CBOR:PartsLocationLength JUMBF:CBOR:PartsOptional JUMBF:CBOR:Signature JUMBF:JUMDLabel JUMBF:JUMDToggles JUMBF:JUMDType XMP:XMP-GCamera:HdrPlusMakernote XMP:XMP-xmpNote:HasExtendedXMP
dataset_new_ignored/2026-09-11__pixel/class_011__Peru_Minca/PXL_20260911_052540421.jpg,cbcef3fcdc1ef0a4beaefc1612c42755414aa1aa978b9a9e25a3d43ff27b030c,1fca4f4ce37be3721b6d3ebfe1ad6868f435552c9b5c5d47919c5640d8ebd2a6,840d87d8a8534fb77a008bccfac72885f1178b5c4abdc53c89ab5afb79fe9259,EXIF:GPS:GPSAltitude EXIF:GPS:GPSAltitudeRef EXIF:GPS:GPSDateStamp EXIF:GPS:GPSImgDirection EXIF:GPS:GPSImgDirectionRef EXIF:GPS:GPSLatitude EXIF:GPS:GPSLatitudeRef EXIF:GPS:GPSLongitude EXIF:GPS:GPSLongitudeRef EXIF:GPS:GPSTimeStamp EXIF:GPS:GPSVersionID EXIF:IFD1:Compression EXIF:IFD1:Orientation EXIF:IFD1:ResolutionUnit EXIF:IFD1:ThumbnailImage EXIF:IFD1:ThumbnailLength EXIF:IFD1:ThumbnailOffset EXIF:IFD1:XResolution EXIF:IFD1:YResolution JUMBF:CBOR:ActionsAction JUMBF:CBOR:ActionsDescription JUMBF:CBOR:ActionsDigitalSourceType JUMBF:CBOR:Alg JUMBF:CBOR:Claim_Generator_InfoName JUMBF:CBOR:Claim_Generator_InfoVersion JUMBF:CBOR:Created_AssertionsHash JUMBF:CBOR:Created_AssertionsUrl JUMBF:CBOR:ExclusionsLength JUMBF:CBOR:ExclusionsStart JUMBF:CBOR:Hash JUMBF:CBOR:InstanceID JUMBF:CBOR:Item0 JUMBF:CBOR:Item1Pad JUMBF:CBOR:Item1Pad2 JUMBF:CBOR:Item1SigTst2TstTokensVal JUMBF:CBOR:Item2 JUMBF:CBOR:Item3 JUMBF:CBOR:Pad JUMBF:CBOR:Pad2 JUMBF:CBOR:PartsHashAssertionHash JUMBF:CBOR:PartsHashAssertionUrl JUMBF:CBOR:PartsLocationByteOffset JUMBF:CBOR:PartsLocationLength JUMBF:CBOR:PartsOptional JUMBF:CBOR:Signature JUMBF:JUMDLabel JUMBF:JUMDToggles JUMBF:JUMDType XMP:XMP-GCamera:HdrPlusMakernote XMP:XMP-xmpNote:HasExtendedXMP
dataset_new_ignored/2026-09-11__pixel/class_011__Peru_Minca/PXL_20260911_052548831.jpg,f765526c6a1271f6390ff88265d375839e15b087c208520873075f1538b34187,e50bc1d6ffbff0f83a897696b425a9eb68aa8c9e764c9a935eb77d4d8c61b20a,a809bad5a3cca0d19571be6991c5e4749be9bf60feb9fbe0a684c8309a89e1c6,EXIF:GPS:GPSAltitude EXIF:GPS:GPSAltitudeRef EXIF:GPS:GPSDateStamp EXIF:GPS:GPSImgDirection EXIF:GPS:GPSImgDirectionRef EXIF:GPS:GPSLatitude EXIF:GPS:GPSLatitudeRef EXIF:GPS:GPSLongitude EXIF:GPS:GPSLongitudeRef EXIF:GPS:GPSTimeStamp EXIF:GPS:GPSVersionID EXIF:IFD1:Compression EXIF:IFD1:Orientation EXIF:IFD1:ResolutionUnit EXIF:IFD1:ThumbnailImage EXIF:IFD1:ThumbnailLength EXIF:IFD1:ThumbnailOffset EXIF:IFD1:XResolution EXIF:IFD1:YResolution JUMBF:CBOR:ActionsAction JUMBF:CBOR:ActionsDescription JUMBF:CBOR:ActionsDigitalSourceType JUMBF:CBOR:Alg JUMBF:CBOR:Claim_Generator_InfoName JUMBF:CBOR:Claim_Generator_InfoVersion JUMBF:CBOR:Created_AssertionsHash JUMBF:CBOR:Created_AssertionsUrl JUMBF:CBOR:ExclusionsLength JUMBF:CBOR:ExclusionsStart JUMBF:CBOR:Hash JUMBF:CBOR:InstanceID JUMBF:CBOR:Item0 JUMBF:CBOR:Item1Pad JUMBF:CBOR:Item1Pad2 JUMBF:CBOR:Item1SigTst2TstTokensVal JUMBF:CBOR:Item2 JUMBF:CBOR:Item3 JUMBF:CBOR:Pad JUMBF:CBOR:Pad2 JUMBF:CBOR:PartsHashAssertionHash JUMBF:CBOR:PartsHashAssertionUrl JUMBF:CBOR:PartsLocationByteOffset JUMBF:CBOR:PartsLocationLength JUMBF:CBOR:PartsOptional JUMBF:CBOR:Signature JUMBF:JUMDLabel JUMBF:JUMDToggles JUMBF:JUMDType XMP:XMP-GCamera:HdrPlusMakernote XMP:XMP-xmpNote:HasExtendedXMP
dataset_new_ignored/2026-09-11__pixel/class_011__Peru_Minca/PXL_20260911_052627823.jpg,980bc39a666b95593b2429b65a5e0499a230e5125c99c6d3a404deea462670c9,0292f6268f22f67d8e45fab3ecc7dad2b3b2fca1bcff81e7ab174cafa79e1668,22fe4e31d52a6054f6c64994f4d7567a832da03581310c67b49d6a7770e36833,EXIF:GPS:GPSAltitude EXIF:GPS:GPSAltitudeRef EXIF:GPS:GPSDateStamp EXIF:GPS:GPSImgDirection EXIF:GPS:GPSImgDirectionRef EXIF:GPS:GPSLatitude EXIF:GPS:GPSLatitudeRef EXIF:GPS:GPSLongitude EXIF:GPS:GPSLongitudeRef EXIF:GPS:GPSTimeStamp EXIF:GPS:GPSVersionID EXIF:IFD1:Compression EXIF:IFD1:Orientation EXIF:IFD1:ResolutionUnit EXIF:IFD1:ThumbnailImage EXIF:IFD1:ThumbnailLength EXIF:IFD1:ThumbnailOffset EXIF:IFD1:XResolution EXIF:IFD1:YResolution JUMBF:CBOR:ActionsAction JUMBF:CBOR:ActionsDescription JUMBF:CBOR:ActionsDigitalSourceType JUMBF:CBOR:Alg JUMBF:CBOR:Claim_Generator_InfoName JUMBF:CBOR:Claim_Generator_InfoVersion JUMBF:CBOR:Created_AssertionsHash JUMBF:CBOR:Created_AssertionsUrl JUMBF:CBOR:ExclusionsLength JUMBF:CBOR:ExclusionsStart JUMBF:CBOR:Hash JUMBF:CBOR:InstanceID JUMBF:CBOR:Item0 JUMBF:CBOR:Item1Pad JUMBF:CBOR:Item1Pad2 JUMBF:CBOR:Item1SigTst2TstTokensVal JUMBF:CBOR:Item2 JUMBF:CBOR:Item3 JUMBF:CBOR:Pad JUMBF:CBOR:Pad2 JUMBF:CBOR:PartsHashAssertionHash JUMBF:CBOR:PartsHashAssertionUrl JUMBF:CBOR:PartsLocationByteOffset JUMBF:CBOR:PartsLocationLength JUMBF:CBOR:PartsOptional JUMBF:CBOR:Signature JUMBF:JUMDLabel JUMBF:JUMDToggles JUMBF:JUMDType XMP:XMP-GCamera:HdrPlusMakernote XMP:XMP-xmpNote:HasExtendedXMP
dataset_new_ignored/2026-09-11__pixel/class_011__Peru_Minca/PXL_20260911_052641686.jpg,1eaadca880cd5f73af322347823f7a2d46eca92e2516167722873a4b91708f0e,5f9a682258114369dc85b2ba30e7613106d3eb5041bef19e46a484d400f80c65,15591819afdef73910074319920eda7f3c645c4853ed7280443b51d22dd9ba45,EXIF:GPS:GPSAltitude EXIF:GPS:GPSAltitudeRef EXIF:GPS:GPSDateStamp EXIF:GPS:GPSImgDirection EXIF:GPS:GPSImgDirectionRef EXIF:GPS:GPSLatitude EXIF:GPS:GPSLatitudeRef EXIF:GPS:GPSLongitude EXIF:GPS:GPSLongitudeRef EXIF:GPS:GPSTimeStamp EXIF:GPS:GPSVersionID EXIF:IFD1:Compression EXIF:IFD1:Orientation EXIF:IFD1:ResolutionUnit EXIF:IFD1:ThumbnailImage EXIF:IFD1:ThumbnailLength EXIF:IFD1:ThumbnailOffset EXIF:IFD1:XResolution EXIF:IFD1:YResolution JUMBF:CBOR:ActionsAction JUMBF:CBOR:ActionsDescription JUMBF:CBOR:ActionsDigitalSourceType JUMBF:CBOR:Alg JUMBF:CBOR:Claim_Generator_InfoName JUMBF:CBOR:Claim_Generator_InfoVersion JUMBF:CBOR:Created_AssertionsHash JUMBF:CBOR:Created_AssertionsUrl JUMBF:CBOR:ExclusionsLength JUMBF:CBOR:ExclusionsStart JUMBF:CBOR:Hash JUMBF:CBOR:InstanceID JUMBF:CBOR:Item0 JUMBF:CBOR:Item1Pad JUMBF:CBOR:Item1Pad2 JUMBF:CBOR:Item1SigTst2TstTokensVal JUMBF:CBOR:Item2 JUMBF:CBOR:Item3 JUMBF:CBOR:Pad JUMBF:CBOR:Pad2 JUMBF:CBOR:PartsHashAssertionHash JUMBF:CBOR:PartsHashAssertionUrl JUMBF:CBOR:PartsLocationByteOffset JUMBF:CBOR:PartsLocationLength JUMBF:CBOR:PartsOptional JUMBF:CBOR:Signature JUMBF:JUMDLabel JUMBF:JUMDToggles JUMBF:JUMDType XMP:XMP-GCamera:HdrPlusMakernote XMP:XMP-xmpNote:HasExtendedXMP
dataset_new_ignored/2026-09-11__pixel/class_011__Peru_Minca/PXL_20260911_052654983.jpg,b82db73d3fb825189365fd7ba341785ffb2d73b5b0efd995ab5e6c23e68fb795,eb89cb6c0d3f1b65ff1615e7d15d003ed3e83a86b49d9859131537ac9a0545af,a079e08099d1086d4f611755ea1cedb15da3448effbcc6deda8f0a545104c1a9,EXIF:GPS:GPSAltitude EXIF:GPS:GPSAltitudeRef EXIF:GPS:GPSDateStamp EXIF:GPS:GPSImgDirection EXIF:GPS:GPSImgDirectionRef EXIF:GPS:GPSLatitude EXIF:GPS:GPSLatitudeRef EXIF:GPS:GPSLongitude EXIF:GPS:GPSLongitudeRef EXIF:GPS:GPSTimeStamp EXIF:GPS:GPSVersionID EXIF:IFD1:Compression EXIF:IFD1:Orientation EXIF:IFD1:ResolutionUnit EXIF:IFD1:ThumbnailImage EXIF:IFD1:ThumbnailLength EXIF:IFD1:ThumbnailOffset EXIF:IFD1:XResolution EXIF:IFD1:YResolution JUMBF:CBOR:ActionsAction JUMBF:CBOR:ActionsDescription JUMBF:CBOR:ActionsDigitalSourceType JUMBF:CBOR:Alg JUMBF:CBOR:Claim_Generator_InfoName JUMBF:CBOR:Claim_Generator_InfoVersion JUMBF:CBOR:Created_AssertionsHash JUMBF:CBOR:Created_AssertionsUrl JUMBF:CBOR:ExclusionsLength JUMBF:CBOR:ExclusionsStart JUMBF:CBOR:Hash JUMBF:CBOR:InstanceID JUMBF:CBOR:Item0 JUMBF:CBOR:Item1Pad JUMBF:CBOR:Item1Pad2 JUMBF:CBOR:Item1SigTst2TstTokensVal JUMBF:CBOR:Item2 JUMBF:CBOR:Item3 JUMBF:CBOR:Pad JUMBF:CBOR:Pad2 JUMBF:CBOR:PartsHashAssertionHash JUMBF:CBOR:PartsHashAssertionUrl JUMBF:CBOR:PartsLocationByteOffset JUMBF:CBOR:PartsLocationLength JUMBF:CBOR:PartsOptional JUMBF:CBOR:Signature JUMBF:JUMDLabel JUMBF:JUMDToggles JUMBF:JUMDType XMP:XMP-GCamera:HdrPlusMakernote XMP:XMP-xmpNote:HasExtendedXMP
dataset_new_ignored/2026-09-11__pixel/class_011__Peru_Minca/PXL_20260911_052709459.jpg,a8400872ff6e90daae1a01535a9f9bd4324ce67d4576ddc6c5319ace05117765,8f6e17cb1be99db5f1aa8f7bf4ff2a3cc6612c113b4360e391eb15c8226d8d87,50418ba0587d9c73242ad5565e0a9b0c700ba8f54093f51801cb634f0a567c38,EXIF:GPS:GPSAltitude EXIF:GPS:GPSAltitudeRef EXIF:GPS:GPSDateStamp EXIF:GPS:GPSImgDirection EXIF:GPS:GPSImgDirectionRef EXIF:GPS:GPSLatitude EXIF:GPS:GPSLatitudeRef EXIF:GPS:GPSLongitude EXIF:GPS:GPSLongitudeRef EXIF:GPS:GPSTimeStamp EXIF:GPS:GPSVersionID EXIF:IFD1:Compression EXIF:IFD1:Orientation EXIF:IFD1:ResolutionUnit EXIF:IFD1:ThumbnailImage EXIF:IFD1:ThumbnailLength EXIF:IFD1:ThumbnailOffset EXIF:IFD1:XResolution EXIF:IFD1:YResolution JUMBF:CBOR:ActionsAction JUMBF:CBOR:ActionsDescription JUMBF:CBOR:ActionsDigitalSourceType JUMBF:CBOR:Alg JUMBF:CBOR:Claim_Generator_InfoName JUMBF:CBOR:Claim_Generator_InfoVersion JUMBF:CBOR:Created_AssertionsHash JUMBF:CBOR:Created_AssertionsUrl JUMBF:CBOR:ExclusionsLength JUMBF:CBOR:ExclusionsStart JUMBF:CBOR:Hash JUMBF:CBOR:InstanceID JUMBF:CBOR:Item0 JUMBF:CBOR:Item1Pad JUMBF:CBOR:Item1Pad2 JUMBF:CBOR:Item1SigTst2TstTokensVal JUMBF:CBOR:Item2 JUMBF:CBOR:Item3 JUMBF:CBOR:Pad JUMBF:CBOR:Pad2 JUMBF:CBOR:PartsHashAssertionHash JUMBF:CBOR:PartsHashAssertionUrl JUMBF:CBOR:PartsLocationByteOffset JUMBF:CBOR:PartsLocationLength JUMBF:CBOR:PartsOptional JUMBF:CBOR:Signature JUMBF:JUMDLabel JUMBF:JUMDToggles JUMBF:JUMDType XMP:XMP-GCamera:HdrPlusMakernote XMP:XMP-xmpNote:HasExtendedXMP
dataset_new_ignored/2026-09-11__pixel/class_011__Peru_Minca/PXL_20260911_052722718.jpg,76a5af2a449781d4646cb63303fe81b0a533393d807c4d37584fda7f4936ab18,f42ae94f3ecd7976a547660115e06853ecde2ef27548d7315fcbe2515491c556,95626084d0644f22a4e510c60f39a26180c223b8029e137f9d2e59eb33ea0780,EXIF:GPS:GPSAltitude EXIF:GPS:GPSAltitudeRef EXIF:GPS:GPSDateStamp EXIF:GPS:GPSImgDirection EXIF:GPS:GPSImgDirectionRef EXIF:GPS:GPSLatitude EXIF:GPS:GPSLatitudeRef EXIF:GPS:GPSLongitude EXIF:GPS:GPSLongitudeRef EXIF:GPS:GPSTimeStamp EXIF:GPS:GPSVersionID EXIF:IFD1:Compression EXIF:IFD1:Orientation EXIF:IFD1:ResolutionUnit EXIF:IFD1:ThumbnailImage EXIF:IFD1:ThumbnailLength EXIF:IFD1:ThumbnailOffset EXIF:IFD1:XResolution EXIF:IFD1:YResolution JUMBF:CBOR:ActionsAction JUMBF:CBOR:ActionsDescription JUMBF:CBOR:ActionsDigitalSourceType JUMBF:CBOR:Alg JUMBF:CBOR:Claim_Generator_InfoName JUMBF:CBOR:Claim_Generator_InfoVersion JUMBF:CBOR:Created_AssertionsHash JUMBF:CBOR:Created_AssertionsUrl JUMBF:CBOR:ExclusionsLength JUMBF:CBOR:ExclusionsStart JUMBF:CBOR:Hash JUMBF:CBOR:InstanceID JUMBF:CBOR:Item0 JUMBF:CBOR:Item1Pad JUMBF:CBOR:Item1Pad2 JUMBF:CBOR:Item1SigTst2TstTokensVal JUMBF:CBOR:Item2 JUMBF:CBOR:Item3 JUMBF:CBOR:Pad JUMBF:CBOR:Pad2 JUMBF:CBOR:PartsHashAssertionHash JUMBF:CBOR:PartsHashAssertionUrl JUMBF:CBOR:PartsLocationByteOffset JUMBF:CBOR:PartsLocationLength JUMBF:CBOR:PartsOptional JUMBF:CBOR:Signature JUMBF:JUMDLabel JUMBF:JUMDToggles JUMBF:JUMDType XMP:XMP-GCamera:HdrPlusMakernote XMP:XMP-xmpNote:HasExtendedXMP
dataset_new_ignored/2026-09-11__pixel/class_011__Peru_Minca/PXL_20260911_052733489.jpg,bc1030e8c88ffdaea76ee72781f6723dc7507e5d6df1c457abe2c1e5551c19a2,6fab02c74f818b614a75ee84822bd97a22193a4f4ebec6a935c7b031681cd36a,fdf5e6d40409b8ac0bbf853d11de232f8f1fd9941646b5935640568fc1a2339d,EXIF:GPS:GPSAltitude EXIF:GPS:GPSAltitudeRef EXIF:GPS:GPSDateStamp EXIF:GPS:GPSImgDirection EXIF:GPS:GPSImgDirectionRef EXIF:GPS:GPSLatitude EXIF:GPS:GPSLatitudeRef EXIF:GPS:GPSLongitude EXIF:GPS:GPSLongitudeRef EXIF:GPS:GPSTimeStamp EXIF:GPS:GPSVersionID EXIF:IFD1:Compression EXIF:IFD1:Orientation EXIF:IFD1:ResolutionUnit EXIF:IFD1:ThumbnailImage EXIF:IFD1:ThumbnailLength EXIF:IFD1:ThumbnailOffset EXIF:IFD1:XResolution EXIF:IFD1:YResolution JUMBF:CBOR:ActionsAction JUMBF:CBOR:ActionsDescription JUMBF:CBOR:ActionsDigitalSourceType JUMBF:CBOR:Alg JUMBF:CBOR:Claim_Generator_InfoName JUMBF:CBOR:Claim_Generator_InfoVersion JUMBF:CBOR:Created_AssertionsHash JUMBF:CBOR:Created_AssertionsUrl JUMBF:CBOR:ExclusionsLength JUMBF:CBOR:ExclusionsStart JUMBF:CBOR:Hash JUMBF:CBOR:InstanceID JUMBF:CBOR:Item0 JUMBF:CBOR:Item1Pad JUMBF:CBOR:Item1Pad2 JUMBF:CBOR:Item1SigTst2TstTokensVal JUMBF:CBOR:Item2 JUMBF:CBOR:Item3 JUMBF:CBOR:Pad JUMBF:CBOR:Pad2 JUMBF:CBOR:PartsHashAssertionHash JUMBF:CBOR:PartsHashAssertionUrl JUMBF:CBOR:PartsLocationByteOffset JUMBF:CBOR:PartsLocationLength JUMBF:CBOR:PartsOptional JUMBF:CBOR:Signature JUMBF:JUMDLabel JUMBF:JUMDToggles JUMBF:JUMDType XMP:XMP-GCamera:HdrPlusMakernote XMP:XMP-xmpNote:HasExtendedXMP
dataset_new_ignored/2026-09-11__pixel/class_011__Peru_Minca/PXL_20260911_052748958.jpg,0525b15e2aa8074d987240ec8c7960dd503fcc8e9defa04bb751d66169c52b20,234e8eaade1041fb8d1c7989d1b0579a2d899f8ef0cf3235d8d94a484ccfc501,3304d5de7ee5210c2f7ce234505d6d9017bd0412ef0734a7a26576012b7fb31c,EXIF:GPS:GPSAltitude EXIF:GPS:GPSAltitudeRef EXIF:GPS:GPSDateStamp EXIF:GPS:GPSImgDirection EXIF:GPS:GPSImgDirectionRef EXIF:GPS:GPSLatitude EXIF:GPS:GPSLatitudeRef EXIF:GPS:GPSLongitude EXIF:GPS:GPSLongitudeRef EXIF:GPS:GPSTimeStamp EXIF:GPS:GPSVersionID EXIF:IFD1:Compression EXIF:IFD1:Orientation EXIF:IFD1:ResolutionUnit EXIF:IFD1:ThumbnailImage EXIF:IFD1:ThumbnailLength EXIF:IFD1:ThumbnailOffset EXIF:IFD1:XResolution EXIF:IFD1:YResolution JUMBF:CBOR:ActionsAction JUMBF:CBOR:ActionsDescription JUMBF:CBOR:ActionsDigitalSourceType JUMBF:CBOR:Alg JUMBF:CBOR:Claim_Generator_InfoName JUMBF:CBOR:Claim_Generator_InfoVersion JUMBF:CBOR:Created_AssertionsHash JUMBF:CBOR:Created_AssertionsUrl JUMBF:CBOR:ExclusionsLength JUMBF:CBOR:ExclusionsStart JUMBF:CBOR:Hash JUMBF:CBOR:InstanceID JUMBF:CBOR:Item0 JUMBF:CBOR:Item1Pad JUMBF:CBOR:Item1Pad2 JUMBF:CBOR:Item1SigTst2TstTokensVal JUMBF:CBOR:Item2 JUMBF:CBOR:Item3 JUMBF:CBOR:Pad JUMBF:CBOR:Pad2 JUMBF:CBOR:PartsHashAssertionHash JUMBF:CBOR:PartsHashAssertionUrl JUMBF:CBOR:PartsLocationByteOffset JUMBF:CBOR:PartsLocationLength JUMBF:CBOR:PartsOptional JUMBF:CBOR:Signature JUMBF:JUMDLabel JUMBF:JUMDToggles JUMBF:JUMDType XMP:XMP-GCamera:HdrPlusMakernote XMP:XMP-xmpNote:HasExtendedXMP
dataset_new_ignored/2026-09-11__pixel/class_011__Peru_Minca/PXL_20260911_052803063.jpg,040610c411c180553b4e6eff9183a09d59c8715ffd2b77c711629afb4c37a9e0,dcbc889241170e7ef7c2e27edf111f7f3b7c936debedbf7ee488e7cc2be793db,719a0345ff54be949522af3311f0d85bae0ec6272bda3229667bc8dfc8e37f5c,EXIF:GPS:GPSAltitude EXIF:GPS:GPSAltitudeRef EXIF:GPS:GPSDateStamp EXIF:GPS:GPSImgDirection EXIF:GPS:GPSImgDirectionRef EXIF:GPS:GPSLatitude EXIF:GPS:GPSLatitudeRef EXIF:GPS:GPSLongitude EXIF:GPS:GPSLongitudeRef EXIF:GPS:GPSTimeStamp EXIF:GPS:GPSVersionID EXIF:IFD1:Compression EXIF:IFD1:Orientation EXIF:IFD1:ResolutionUnit EXIF:IFD1:ThumbnailImage EXIF:IFD1:ThumbnailLength EXIF:IFD1:ThumbnailOffset EXIF:IFD1:XResolution EXIF:IFD1:YResolution JUMBF:CBOR:ActionsAction JUMBF:CBOR:ActionsDescription JUMBF:CBOR:ActionsDigitalSourceType JUMBF:CBOR:Alg JUMBF:CBOR:Claim_Generator_InfoName JUMBF:CBOR:Claim_Generator_InfoVersion JUMBF:CBOR:Created_AssertionsHash JUMBF:CBOR:Created_AssertionsUrl JUMBF:CBOR:ExclusionsLength JUMBF:CBOR:ExclusionsStart JUMBF:CBOR:Hash JUMBF:CBOR:InstanceID JUMBF:CBOR:Item0 JUMBF:CBOR:Item1Pad JUMBF:CBOR:Item1Pad2 JUMBF:CBOR:Item1SigTst2TstTokensVal JUMBF:CBOR:Item2 JUMBF:CBOR:Item3 JUMBF:CBOR:Pad JUMBF:CBOR:Pad2 JUMBF:CBOR:PartsHashAssertionHash JUMBF:CBOR:PartsHashAssertionUrl JUMBF:CBOR:PartsLocationByteOffset JUMBF:CBOR:PartsLocationLength JUMBF:CBOR:PartsOptional JUMBF:CBOR:Signature JUMBF:JUMDLabel JUMBF:JUMDToggles JUMBF:JUMDType XMP:XMP-GCamera:HdrPlusMakernote XMP:XMP-xmpNote:HasExtendedXMP
dataset_new_ignored/2026-09-11__pixel/class_011__Peru_Minca/PXL_20260911_052846770.jpg,3dfa2e2f2b7027ff58d68f3c3a61b7344a624d921c8142c0613fd1f539eecdcb,d7ed3545e800ccb6336049bfebb016863484476da3aaf201eafe517546ff1ea7,1ba5585cfcdc419b005d3f0f91639373e4cc91dfeb8030e6385c7bf6d0621397,EXIF:GPS:GPSAltitude EXIF:GPS:GPSAltitudeRef EXIF:GPS:GPSDateStamp EXIF:GPS:GPSImgDirection EXIF:GPS:GPSImgDirectionRef EXIF:GPS:GPSLatitude EXIF:GPS:GPSLatitudeRef EXIF:GPS:GPSLongitude EXIF:GPS:GPSLongitudeRef EXIF:GPS:GPSTimeStamp EXIF:GPS:GPSVersionID EXIF:IFD1:Compression EXIF:IFD1:Orientation EXIF:IFD1:ResolutionUnit EXIF:IFD1:ThumbnailImage EXIF:IFD1:ThumbnailLength EXIF:IFD1:ThumbnailOffset EXIF:IFD1:XResolution EXIF:IFD1:YResolution JUMBF:CBOR:ActionsAction JUMBF:CBOR:ActionsDescription JUMBF:CBOR:ActionsDigitalSourceType JUMBF:CBOR:Alg JUMBF:CBOR:Claim_Generator_InfoName JUMBF:CBOR:Claim_Generator_InfoVersion JUMBF:CBOR:Created_AssertionsHash JUMBF:CBOR:Created_AssertionsUrl JUMBF:CBOR:ExclusionsLength JUMBF:CBOR:ExclusionsStart JUMBF:CBOR:Hash JUMBF:CBOR:InstanceID JUMBF:CBOR:Item0 JUMBF:CBOR:Item1Pad JUMBF:CBOR:Item1Pad2 JUMBF:CBOR:Item1SigTst2TstTokensVal JUMBF:CBOR:Item2 JUMBF:CBOR:Item3 JUMBF:CBOR:Pad JUMBF:CBOR:Pad2 JUMBF:CBOR:PartsHashAssertionHash JUMBF:CBOR:PartsHashAssertionUrl JUMBF:CBOR:PartsLocationByteOffset JUMBF:CBOR:PartsLocationLength JUMBF:CBOR:PartsOptional JUMBF:CBOR:Signature JUMBF:JUMDLabel JUMBF:JUMDToggles JUMBF:JUMDType XMP:XMP-GCamera:HdrPlusMakernote XMP:XMP-xmpNote:HasExtendedXMP
dataset_new_ignored/2026-09-11__sony/class_011__Peru_Minca/PIC_20260911_124657.JPG,df571401040ffcd93482c33cbb170bce21f862379302324163ca71b117d0cfd9,90c61fd16dce59612b3b493a566508e368f2c94b848d5012040c456db11f0e0a,3259516b51b9a1f78695e089a387c97e5846224e68cce01fbb56acaeb97c50a3,EXIF:IFD1:Compression EXIF:IFD1:Orientation EXIF:IFD1:ResolutionUnit EXIF:IFD1:ThumbnailImage EXIF:IFD1:ThumbnailLength EXIF:IFD1:ThumbnailOffset EXIF:IFD1:XResolution EXIF:IFD1:YResolution MakerNotes:Sony:ChromaticAberrationCorrParams MakerNotes:Sony:DistortionCorrParams MakerNotes:Sony:DistortionCorrParamsPresent MakerNotes:Sony:DistortionCorrection MakerNotes:Sony:FaceInfoLength MakerNotes:Sony:FaceInfoOffset MakerNotes:Sony:FacesDetected MakerNotes:Sony:LensFormat MakerNotes:Sony:LensMount MakerNotes:Sony:MetaVersion MakerNotes:Sony:SoftSkinEffect MakerNotes:Sony:SonyDateTime MakerNotes:Sony:SonyImageHeight MakerNotes:Sony:SonyImageWidth MakerNotes:Sony:Sony_0x2024 MakerNotes:Sony:Sony_0x2025 MakerNotes:Sony:Sony_0x9400 MakerNotes:Sony:Sony_0x9404 MakerNotes:Sony:Sony_0x9408 MakerNotes:Sony:Sony_0x9409 MakerNotes:Sony:Sony_0x940e MakerNotes:Sony:VignettingCorrParams
dataset_new_ignored/2026-09-11__sony/class_011__Peru_Minca/PIC_20260911_124707.JPG,4ed8e80a488d78aeb7a19e342c9b367f0eed3eff21524f6e7310d0d104706f2b,ee6dd6ab944bc03cba02c291a0f92c5acb3ea87d4dbb0cb528af02e2785c85cf,461cdf56a40b640d55da2f2ef06f3c3a299d8c3ed36c3d8b9bff24dedf7d1bde,EXIF:IFD1:Compression EXIF:IFD1:Orientation EXIF:IFD1:ResolutionUnit EXIF:IFD1:ThumbnailImage EXIF:IFD1:ThumbnailLength EXIF:IFD1:ThumbnailOffset EXIF:IFD1:XResolution EXIF:IFD1:YResolution MakerNotes:Sony:ChromaticAberrationCorrParams MakerNotes:Sony:DistortionCorrParams MakerNotes:Sony:DistortionCorrParamsPresent MakerNotes:Sony:DistortionCorrection MakerNotes:Sony:FaceInfoLength MakerNotes:Sony:FaceInfoOffset MakerNotes:Sony:FacesDetected MakerNotes:Sony:LensFormat MakerNotes:Sony:LensMount MakerNotes:Sony:MetaVersion MakerNotes:Sony:SoftSkinEffect MakerNotes:Sony:SonyDateTime MakerNotes:Sony:SonyImageHeight MakerNotes:Sony:SonyImageWidth MakerNotes:Sony:Sony_0x2024 MakerNotes:Sony:Sony_0x2025 MakerNotes:Sony:Sony_0x9400 MakerNotes:Sony:Sony_0x9404 MakerNotes:Sony:Sony_0x9408 MakerNotes:Sony:Sony_0x9409 MakerNotes:Sony:Sony_0x940e MakerNotes:Sony:VignettingCorrParams
dataset_new_ignored/2026-09-11__sony/class_011__Peru_Minca/PIC_20260911_124720.JPG,8ed440e0aa5a56225ea6f3ff1c7b6409bd1392e89c3e847a212d230685bb45ee,3f0c239239cee779c2b591ced80017cd494f19a9a4c00f479c427063e45450ba,44ff3c92532ee00cc02ef841374fad3dd96015a8ee6c9adc1b93cc3a4f138f96,EXIF:IFD1:Compression EXIF:IFD1:Orientation EXIF:IFD1:ResolutionUnit EXIF:IFD1:ThumbnailImage EXIF:IFD1:ThumbnailLength EXIF:IFD1:ThumbnailOffset EXIF:IFD1:XResolution EXIF:IFD1:YResolution MakerNotes:Sony:ChromaticAberrationCorrParams MakerNotes:Sony:DistortionCorrParams MakerNotes:Sony:DistortionCorrParamsPresent MakerNotes:Sony:DistortionCorrection MakerNotes:Sony:FaceInfoLength MakerNotes:Sony:FaceInfoOffset MakerNotes:Sony:FacesDetected MakerNotes:Sony:LensFormat MakerNotes:Sony:LensMount MakerNotes:Sony:MetaVersion MakerNotes:Sony:SoftSkinEffect MakerNotes:Sony:SonyDateTime MakerNotes:Sony:SonyImageHeight MakerNotes:Sony:SonyImageWidth MakerNotes:Sony:Sony_0x2024 MakerNotes:Sony:Sony_0x2025 MakerNotes:Sony:Sony_0x9400 MakerNotes:Sony:Sony_0x9404 MakerNotes:Sony:Sony_0x9408 MakerNotes:Sony:Sony_0x9409 MakerNotes:Sony:Sony_0x940e MakerNotes:Sony:VignettingCorrParams
dataset_new_ignored/2026-09-11__sony/class_011__Peru_Minca/PIC_20260911_124734.JPG,1bf1046a55685c3e302778f37089cb8a7e83f21e825024013706fec0738fbbc6,4978c410f290d7b692d194608cc9405b4ebac5ac9be4cb88eeed4b0c3912fa9d,a967d4b482113cf20de10ecc06928010b7e0712a979c899a21f068b7987773f1,EXIF:IFD1:Compression EXIF:IFD1:Orientation EXIF:IFD1:ResolutionUnit EXIF:IFD1:ThumbnailImage EXIF:IFD1:ThumbnailLength EXIF:IFD1:ThumbnailOffset EXIF:IFD1:XResolution EXIF:IFD1:YResolution MakerNotes:Sony:ChromaticAberrationCorrParams MakerNotes:Sony:DistortionCorrParams MakerNotes:Sony:DistortionCorrParamsPresent MakerNotes:Sony:DistortionCorrection MakerNotes:Sony:FaceInfoLength MakerNotes:Sony:FaceInfoOffset MakerNotes:Sony:FacesDetected MakerNotes:Sony:LensFormat MakerNotes:Sony:LensMount MakerNotes:Sony:MetaVersion MakerNotes:Sony:SoftSkinEffect MakerNotes:Sony:SonyDateTime MakerNotes:Sony:SonyImageHeight MakerNotes:Sony:SonyImageWidth MakerNotes:Sony:Sony_0x2024 MakerNotes:Sony:Sony_0x2025 MakerNotes:Sony:Sony_0x9400 MakerNotes:Sony:Sony_0x9404 MakerNotes:Sony:Sony_0x9408 MakerNotes:Sony:Sony_0x9409 MakerNotes:Sony:Sony_0x940e MakerNotes:Sony:VignettingCorrParams
dataset_new_ignored/2026-09-11__sony/class_011__Peru_Minca/PIC_20260911_124749.JPG,3de49ac280f4d45d29497e58fc6ae67af343dc0e6980618156624749f3b7063f,318c4271ed52b15bd088ddf87e066c9a32f4c13b754ac88b32d14f6b1ae1f2c7,33dba9911d181294c0dbb24bd59e29208be97687dba8f96409dd4782680c1585,EXIF:IFD1:Compression EXIF:IFD1:Orientation EXIF:IFD1:ResolutionUnit EXIF:IFD1:ThumbnailImage EXIF:IFD1:ThumbnailLength EXIF:IFD1:ThumbnailOffset EXIF:IFD1:XResolution EXIF:IFD1:YResolution MakerNotes:Sony:ChromaticAberrationCorrParams MakerNotes:Sony:DistortionCorrParams MakerNotes:Sony:DistortionCorrParamsPresent MakerNotes:Sony:DistortionCorrection MakerNotes:Sony:FaceInfoLength MakerNotes:Sony:FaceInfoOffset MakerNotes:Sony:FacesDetected MakerNotes:Sony:LensFormat MakerNotes:Sony:LensMount MakerNotes:Sony:MetaVersion MakerNotes:Sony:SoftSkinEffect MakerNotes:Sony:SonyDateTime MakerNotes:Sony:SonyImageHeight MakerNotes:Sony:SonyImageWidth MakerNotes:Sony:Sony_0x2024 MakerNotes:Sony:Sony_0x2025 MakerNotes:Sony:Sony_0x9400 MakerNotes:Sony:Sony_0x9404 MakerNotes:Sony:Sony_0x9408 MakerNotes:Sony:Sony_0x9409 MakerNotes:Sony:Sony_0x940e MakerNotes:Sony:VignettingCorrParams
dataset_new_ignored/2026-09-11__sony/class_011__Peru_Minca/PIC_20260911_124800.JPG,ec1da639fab231348aa3e0a10ee22ad6a954a289e5185dcb936bc0931dab8451,3cc28cf13240819d2a38b8d72a2cbbb6a39f1fa4545066ad0f1576ddd0008f87,b542e5bbccddee480454b3677a6734b3236631bcafdd880a01ba75fa725af841,EXIF:IFD1:Compression EXIF:IFD1:Orientation EXIF:IFD1:ResolutionUnit EXIF:IFD1:ThumbnailImage EXIF:IFD1:ThumbnailLength EXIF:IFD1:ThumbnailOffset EXIF:IFD1:XResolution EXIF:IFD1:YResolution MakerNotes:Sony:ChromaticAberrationCorrParams MakerNotes:Sony:DistortionCorrParams MakerNotes:Sony:DistortionCorrParamsPresent MakerNotes:Sony:DistortionCorrection MakerNotes:Sony:FaceInfoLength MakerNotes:Sony:FaceInfoOffset MakerNotes:Sony:FacesDetected MakerNotes:Sony:LensFormat MakerNotes:Sony:LensMount MakerNotes:Sony:MetaVersion MakerNotes:Sony:SoftSkinEffect MakerNotes:Sony:SonyDateTime MakerNotes:Sony:SonyImageHeight MakerNotes:Sony:SonyImageWidth MakerNotes:Sony:Sony_0x2024 MakerNotes:Sony:Sony_0x2025 MakerNotes:Sony:Sony_0x9400 MakerNotes:Sony:Sony_0x9404 MakerNotes:Sony:Sony_0x9408 MakerNotes:Sony:Sony_0x9409 MakerNotes:Sony:Sony_0x940e MakerNotes:Sony:VignettingCorrParams
dataset_new_ignored/2026-09-11__sony/class_011__Peru_Minca/PIC_20260911_124815.JPG,ff40632283be279e103df3c339503afc3b3d808c8d2235190307bb927a51e203,10356bf2020c64b16f1c381eb41954147c1ae7241822df3909be361479e5fc62,be6b37e1690b80c15b3ae3ba09b87bb68b01c26804a4c2f8e5837edc6e915b80,EXIF:IFD1:Compression EXIF:IFD1:Orientation EXIF:IFD1:ResolutionUnit EXIF:IFD1:ThumbnailImage EXIF:IFD1:ThumbnailLength EXIF:IFD1:ThumbnailOffset EXIF:IFD1:XResolution EXIF:IFD1:YResolution MakerNotes:Sony:ChromaticAberrationCorrParams MakerNotes:Sony:DistortionCorrParams MakerNotes:Sony:DistortionCorrParamsPresent MakerNotes:Sony:DistortionCorrection MakerNotes:Sony:FaceInfoLength MakerNotes:Sony:FaceInfoOffset MakerNotes:Sony:FacesDetected MakerNotes:Sony:LensFormat MakerNotes:Sony:LensMount MakerNotes:Sony:MetaVersion MakerNotes:Sony:SoftSkinEffect MakerNotes:Sony:SonyDateTime MakerNotes:Sony:SonyImageHeight MakerNotes:Sony:SonyImageWidth MakerNotes:Sony:Sony_0x2024 MakerNotes:Sony:Sony_0x2025 MakerNotes:Sony:Sony_0x9400 MakerNotes:Sony:Sony_0x9404 MakerNotes:Sony:Sony_0x9408 MakerNotes:Sony:Sony_0x9409 MakerNotes:Sony:Sony_0x940e MakerNotes:Sony:VignettingCorrParams
dataset_new_ignored/2026-09-11__sony/class_011__Peru_Minca/PIC_20260911_124828.JPG,e6bd24ad2166aa19b7c8ec581183babc30e28071e248edb4713c7c3417267f7a,5c128b614ce848b660ceebeaf231f62a7768388a7f00907348056ccba6e60de8,16e0145861c0b9e9c7953dc96be469d9cb2575103fad12b5cbcd467df54da925,EXIF:IFD1:Compression EXIF:IFD1:Orientation EXIF:IFD1:ResolutionUnit EXIF:IFD1:ThumbnailImage EXIF:IFD1:ThumbnailLength EXIF:IFD1:ThumbnailOffset EXIF:IFD1:XResolution EXIF:IFD1:YResolution MakerNotes:Sony:ChromaticAberrationCorrParams MakerNotes:Sony:DistortionCorrParams MakerNotes:Sony:DistortionCorrParamsPresent MakerNotes:Sony:DistortionCorrection MakerNotes:Sony:FaceInfoLength MakerNotes:Sony:FaceInfoOffset MakerNotes:Sony:FacesDetected MakerNotes:Sony:LensFormat MakerNotes:Sony:LensMount MakerNotes:Sony:MetaVersion MakerNotes:Sony:SoftSkinEffect MakerNotes:Sony:SonyDateTime MakerNotes:Sony:SonyImageHeight MakerNotes:Sony:SonyImageWidth MakerNotes:Sony:Sony_0x2024 MakerNotes:Sony:Sony_0x2025 MakerNotes:Sony:Sony_0x9400 MakerNotes:Sony:Sony_0x9404 MakerNotes:Sony:Sony_0x9408 MakerNotes:Sony:Sony_0x9409 MakerNotes:Sony:Sony_0x940e MakerNotes:Sony:VignettingCorrParams
dataset_new_ignored/2026-09-11__sony/class_011__Peru_Minca/PIC_20260911_124841.JPG,60b8a99d8cc27944686567451f92a3d2004c471f327255a30c48523be3fd70e1,83c79b414d9da94cf0df494ff068c3e7a85ec49811ffdcd8d78ab07c63529c89,3ced1fd8b7eefaa5dfd1f0c1dd03a9138c13a949b395bf0cc0e9d667d3a28729,EXIF:IFD1:Compression EXIF:IFD1:Orientation EXIF:IFD1:ResolutionUnit EXIF:IFD1:ThumbnailImage EXIF:IFD1:ThumbnailLength EXIF:IFD1:ThumbnailOffset EXIF:IFD1:XResolution EXIF:IFD1:YResolution MakerNotes:Sony:ChromaticAberrationCorrParams MakerNotes:Sony:DistortionCorrParams MakerNotes:Sony:DistortionCorrParamsPresent MakerNotes:Sony:DistortionCorrection MakerNotes:Sony:FaceInfoLength MakerNotes:Sony:FaceInfoOffset MakerNotes:Sony:FacesDetected MakerNotes:Sony:LensFormat MakerNotes:Sony:LensMount MakerNotes:Sony:MetaVersion MakerNotes:Sony:SoftSkinEffect MakerNotes:Sony:SonyDateTime MakerNotes:Sony:SonyImageHeight MakerNotes:Sony:SonyImageWidth MakerNotes:Sony:Sony_0x2024 MakerNotes:Sony:Sony_0x2025 MakerNotes:Sony:Sony_0x9400 MakerNotes:Sony:Sony_0x9404 MakerNotes:Sony:Sony_0x9408 MakerNotes:Sony:Sony_0x9409 MakerNotes:Sony:Sony_0x940e MakerNotes:Sony:VignettingCorrParams
dataset_new_ignored/2026-09-11__sony/class_011__Peru_Minca/PIC_20260911_124900.JPG,91fa61c649be9761a0e6ff95e318158b2b391002e6d7067e34a02087ab385585,2adeeac8ba3063ede1aab44d0881663223cf41504a0f76b9c66a1a2de2125fd6,243b00bc1368a89bcd36b581f276ec7bb6bd6c529b8f087b4b17a24399aea337,EXIF:IFD1:Compression EXIF:IFD1:Orientation EXIF:IFD1:ResolutionUnit EXIF:IFD1:ThumbnailImage EXIF:IFD1:ThumbnailLength EXIF:IFD1:ThumbnailOffset EXIF:IFD1:XResolution EXIF:IFD1:YResolution MakerNotes:Sony:ChromaticAberrationCorrParams MakerNotes:Sony:DistortionCorrParams MakerNotes:Sony:DistortionCorrParamsPresent MakerNotes:Sony:DistortionCorrection MakerNotes:Sony:FaceInfoLength MakerNotes:Sony:FaceInfoOffset MakerNotes:Sony:FacesDetected MakerNotes:Sony:LensFormat MakerNotes:Sony:LensMount MakerNotes:Sony:MetaVersion MakerNotes:Sony:SoftSkinEffect MakerNotes:Sony:SonyDateTime MakerNotes:Sony:SonyImageHeight MakerNotes:Sony:SonyImageWidth MakerNotes:Sony:Sony_0x2024 MakerNotes:Sony:Sony_0x2025 MakerNotes:Sony:Sony_0x9400 MakerNotes:Sony:Sony_0x9404 MakerNotes:Sony:Sony_0x9408 MakerNotes:Sony:Sony_0x9409 MakerNotes:Sony:Sony_0x940e MakerNotes:Sony:VignettingCorrParams
dataset_new_ignored/2026-09-11__sony/class_011__Peru_Minca/PIC_20260911_124938.JPG,4296fa1f9addea78d047ca6b66a8db6c14991218e3c2adb7ccef3cdd55c76725,480662b7773e49335dbb6533b2dfcefadf020b67a9805edaf7785e54143ef08d,229137cf8752a4dff86eaa9931bf6b21fe5eec760dd7ec6e0ad23e7f35adbcd0,EXIF:IFD1:Compression EXIF:IFD1:Orientation EXIF:IFD1:ResolutionUnit EXIF:IFD1:ThumbnailImage EXIF:IFD1:ThumbnailLength EXIF:IFD1:ThumbnailOffset EXIF:IFD1:XResolution EXIF:IFD1:YResolution MakerNotes:Sony:ChromaticAberrationCorrParams MakerNotes:Sony:DistortionCorrParams MakerNotes:Sony:DistortionCorrParamsPresent MakerNotes:Sony:DistortionCorrection MakerNotes:Sony:FaceInfoLength MakerNotes:Sony:FaceInfoOffset MakerNotes:Sony:FacesDetected MakerNotes:Sony:LensFormat MakerNotes:Sony:LensMount MakerNotes:Sony:MetaVersion MakerNotes:Sony:SoftSkinEffect MakerNotes:Sony:SonyDateTime MakerNotes:Sony:SonyImageHeight MakerNotes:Sony:SonyImageWidth MakerNotes:Sony:Sony_0x2024 MakerNotes:Sony:Sony_0x2025 MakerNotes:Sony:Sony_0x9400 MakerNotes:Sony:Sony_0x9404 MakerNotes:Sony:Sony_0x9408 MakerNotes:Sony:Sony_0x9409 MakerNotes:Sony:Sony_0x940e MakerNotes:Sony:VignettingCorrParams
dataset_new_ignored/2026-09-11__sony/class_011__Peru_Minca/PIC_20260911_124952.JPG,33209616df1db244ae1fec12f26711090d3f2df81586ff0dc19d1f9b1dc3d24b,fd80cd2640cc353a4b7789a5082b8e5571b28e81e3c12f43740548db8a260c80,b105b341f97920b7458114f4838ca7c13ecc7c32110f49708bdaca7250f5b59a,EXIF:IFD1:Compression EXIF:IFD1:Orientation EXIF:IFD1:ResolutionUnit EXIF:IFD1:ThumbnailImage EXIF:IFD1:ThumbnailLength EXIF:IFD1:ThumbnailOffset EXIF:IFD1:XResolution EXIF:IFD1:YResolution MakerNotes:Sony:ChromaticAberrationCorrParams MakerNotes:Sony:DistortionCorrParams MakerNotes:Sony:DistortionCorrParamsPresent MakerNotes:Sony:DistortionCorrection MakerNotes:Sony:FaceInfoLength MakerNotes:Sony:FaceInfoOffset MakerNotes:Sony:FacesDetected MakerNotes:Sony:LensFormat MakerNotes:Sony:LensMount MakerNotes:Sony:MetaVersion MakerNotes:Sony:SoftSkinEffect MakerNotes:Sony:SonyDateTime MakerNotes:Sony:SonyImageHeight MakerNotes:Sony:SonyImageWidth MakerNotes:Sony:Sony_0x2024 MakerNotes:Sony:Sony_0x2025 MakerNotes:Sony:Sony_0x9400 MakerNotes:Sony:Sony_0x9404 MakerNotes:Sony:Sony_0x9408 MakerNotes:Sony:Sony_0x9409 MakerNotes:Sony:Sony_0x940e MakerNotes:Sony:VignettingCorrParams
dataset_new_ignored/2026-09-11__sony/class_011__Peru_Minca/PIC_20260911_125004.JPG,a303806943b75711bb5b0bb8841e2b8313341a4b6b88275538eb531c5e23fa93,938eff443da0d0200457dff77514e09b3b81f094ebcddce3fd0b10678c2ff88c,0eb35c0cd9c1bdf8bbe4202cb61a5a318503632e7530d1f64cb1acfdce715816,EXIF:IFD1:Compression EXIF:IFD1:Orientation EXIF:IFD1:ResolutionUnit EXIF:IFD1:ThumbnailImage EXIF:IFD1:ThumbnailLength EXIF:IFD1:ThumbnailOffset EXIF:IFD1:XResolution EXIF:IFD1:YResolution MakerNotes:Sony:ChromaticAberrationCorrParams MakerNotes:Sony:DistortionCorrParams MakerNotes:Sony:DistortionCorrParamsPresent MakerNotes:Sony:DistortionCorrection MakerNotes:Sony:FaceInfoLength MakerNotes:Sony:FaceInfoOffset MakerNotes:Sony:FacesDetected MakerNotes:Sony:LensFormat MakerNotes:Sony:LensMount MakerNotes:Sony:MetaVersion MakerNotes:Sony:SoftSkinEffect MakerNotes:Sony:SonyDateTime MakerNotes:Sony:SonyImageHeight MakerNotes:Sony:SonyImageWidth MakerNotes:Sony:Sony_0x2024 MakerNotes:Sony:Sony_0x2025 MakerNotes:Sony:Sony_0x9400 MakerNotes:Sony:Sony_0x9404 MakerNotes:Sony:Sony_0x9408 MakerNotes:Sony:Sony_0x9409 MakerNotes:Sony:Sony_0x940e MakerNotes:Sony:VignettingCorrParams
dataset_new_ignored/2026-09-11__sony/class_011__Peru_Minca/PIC_20260911_125018.JPG,082d4d6ea28664eda2a9a1a0608cfa22b06c6b0de36da74a1f058b35a5198315,ec428c4d2bd352899f08d7c179f767cff74c0359cbb8526f5ece9e16a1827ece,90203926d66061a19699476580ae5b411ad5a8ab8fa7986ec661ae9095dc3beb,EXIF:IFD1:Compression EXIF:IFD1:Orientation EXIF:IFD1:ResolutionUnit EXIF:IFD1:ThumbnailImage EXIF:IFD1:ThumbnailLength EXIF:IFD1:ThumbnailOffset EXIF:IFD1:XResolution EXIF:IFD1:YResolution MakerNotes:Sony:ChromaticAberrationCorrParams MakerNotes:Sony:DistortionCorrParams MakerNotes:Sony:DistortionCorrParamsPresent MakerNotes:Sony:DistortionCorrection MakerNotes:Sony:FaceInfoLength MakerNotes:Sony:FaceInfoOffset MakerNotes:Sony:FacesDetected MakerNotes:Sony:LensFormat MakerNotes:Sony:LensMount MakerNotes:Sony:MetaVersion MakerNotes:Sony:SoftSkinEffect MakerNotes:Sony:SonyDateTime MakerNotes:Sony:SonyImageHeight MakerNotes:Sony:SonyImageWidth MakerNotes:Sony:Sony_0x2024 MakerNotes:Sony:Sony_0x2025 MakerNotes:Sony:Sony_0x9400 MakerNotes:Sony:Sony_0x9404 MakerNotes:Sony:Sony_0x9408 MakerNotes:Sony:Sony_0x9409 MakerNotes:Sony:Sony_0x940e MakerNotes:Sony:VignettingCorrParams
dataset_new_ignored/2026-09-11__sony/class_011__Peru_Minca/PIC_20260911_125032.JPG,3c83be1337fa18e1fd31b278aafe88cb47b69cb03fb36121a764eea053639fa3,7bd885eccb5cbd43f889df7336e18a879700e481f87f583ae9540d2cfb7110ff,076b27667b36adfadb554fdd68b57a667b8e07e04b78336bf45e6d0eaa023412,EXIF:IFD1:Compression EXIF:IFD1:Orientation EXIF:IFD1:ResolutionUnit EXIF:IFD1:ThumbnailImage EXIF:IFD1:ThumbnailLength EXIF:IFD1:ThumbnailOffset EXIF:IFD1:XResolution EXIF:IFD1:YResolution MakerNotes:Sony:ChromaticAberrationCorrParams MakerNotes:Sony:DistortionCorrParams MakerNotes:Sony:DistortionCorrParamsPresent MakerNotes:Sony:DistortionCorrection MakerNotes:Sony:FaceInfoLength MakerNotes:Sony:FaceInfoOffset MakerNotes:Sony:FacesDetected MakerNotes:Sony:LensFormat MakerNotes:Sony:LensMount MakerNotes:Sony:MetaVersion MakerNotes:Sony:SoftSkinEffect MakerNotes:Sony:SonyDateTime MakerNotes:Sony:SonyImageHeight MakerNotes:Sony:SonyImageWidth MakerNotes:Sony:Sony_0x2024 MakerNotes:Sony:Sony_0x2025 MakerNotes:Sony:Sony_0x9400 MakerNotes:Sony:Sony_0x9404 MakerNotes:Sony:Sony_0x9408 MakerNotes:Sony:Sony_0x9409 MakerNotes:Sony:Sony_0x940e MakerNotes:Sony:VignettingCorrParams
dataset_new_ignored/2026-09-11__sony/class_011__Peru_Minca/PIC_20260911_125045.JPG,29789d02dd7bc43df04c63c2cf9d9ea8d94b7f189c7eb7893ba4afc94d45f811,f5b1fa8d8f07865bb4f8ca7ea563a7cd2623ab958bbd2cf527d50bdd8403c55d,17d4244571a2fd952fcb8d2c51b0899c5797675e73dd6c8f28c0707c3e147458,EXIF:IFD1:Compression EXIF:IFD1:Orientation EXIF:IFD1:ResolutionUnit EXIF:IFD1:ThumbnailImage EXIF:IFD1:ThumbnailLength EXIF:IFD1:ThumbnailOffset EXIF:IFD1:XResolution EXIF:IFD1:YResolution MakerNotes:Sony:ChromaticAberrationCorrParams MakerNotes:Sony:DistortionCorrParams MakerNotes:Sony:DistortionCorrParamsPresent MakerNotes:Sony:DistortionCorrection MakerNotes:Sony:FaceInfoLength MakerNotes:Sony:FaceInfoOffset MakerNotes:Sony:FacesDetected MakerNotes:Sony:LensFormat MakerNotes:Sony:LensMount MakerNotes:Sony:MetaVersion MakerNotes:Sony:SoftSkinEffect MakerNotes:Sony:SonyDateTime MakerNotes:Sony:SonyImageHeight MakerNotes:Sony:SonyImageWidth MakerNotes:Sony:Sony_0x2024 MakerNotes:Sony:Sony_0x2025 MakerNotes:Sony:Sony_0x9400 MakerNotes:Sony:Sony_0x9404 MakerNotes:Sony:Sony_0x9408 MakerNotes:Sony:Sony_0x9409 MakerNotes:Sony:Sony_0x940e MakerNotes:Sony:VignettingCorrParams
dataset_new_ignored/2026-09-11__sony/class_011__Peru_Minca/PIC_20260911_125056.JPG,a69e7ba7f9f25a75852ef0e13421aae933c14a707d4dd1d5c1fdb0f7286c82df,18f4f3bda8eb4a47004783c43cd1d491b7001f7b9f7b76f54f40d8554b3bebba,b7520396cc04738ebb8694d9e191113d0c8bdaf44f6dbb1070930648d46a60be,EXIF:IFD1:Compression EXIF:IFD1:Orientation EXIF:IFD1:ResolutionUnit EXIF:IFD1:ThumbnailImage EXIF:IFD1:ThumbnailLength EXIF:IFD1:ThumbnailOffset EXIF:IFD1:XResolution EXIF:IFD1:YResolution MakerNotes:Sony:ChromaticAberrationCorrParams MakerNotes:Sony:DistortionCorrParams MakerNotes:Sony:DistortionCorrParamsPresent MakerNotes:Sony:DistortionCorrection MakerNotes:Sony:FaceInfoLength MakerNotes:Sony:FaceInfoOffset MakerNotes:Sony:FacesDetected MakerNotes:Sony:LensFormat MakerNotes:Sony:LensMount MakerNotes:Sony:MetaVersion MakerNotes:Sony:SoftSkinEffect MakerNotes:Sony:SonyDateTime MakerNotes:Sony:SonyImageHeight MakerNotes:Sony:SonyImageWidth MakerNotes:Sony:Sony_0x2024 MakerNotes:Sony:Sony_0x2025 MakerNotes:Sony:Sony_0x9400 MakerNotes:Sony:Sony_0x9404 MakerNotes:Sony:Sony_0x9408 MakerNotes:Sony:Sony_0x9409 MakerNotes:Sony:Sony_0x940e MakerNotes:Sony:VignettingCorrParams
dataset_new_ignored/2026-09-11__sony/class_011__Peru_Minca/PIC_20260911_125127.JPG,dc0db9a18dce8fb022f77da7149917df2c1205786ef7fcadfaf235611fc7768d,335fe74f9d36aa323a46832edf57313d4a91cb3af7e0be45afb86381c81ca3f6,83771f504b6819d0e332db32fa7353fdf0da32169bbe44bec48aece6fd46f8dd,EXIF:IFD1:Compression EXIF:IFD1:Orientation EXIF:IFD1:ResolutionUnit EXIF:IFD1:ThumbnailImage EXIF:IFD1:ThumbnailLength EXIF:IFD1:ThumbnailOffset EXIF:IFD1:XResolution EXIF:IFD1:YResolution MakerNotes:Sony:ChromaticAberrationCorrParams MakerNotes:Sony:DistortionCorrParams MakerNotes:Sony:DistortionCorrParamsPresent MakerNotes:Sony:DistortionCorrection MakerNotes:Sony:FaceInfoLength MakerNotes:Sony:FaceInfoOffset MakerNotes:Sony:FacesDetected MakerNotes:Sony:LensFormat MakerNotes:Sony:LensMount MakerNotes:Sony:MetaVersion MakerNotes:Sony:SoftSkinEffect MakerNotes:Sony:SonyDateTime MakerNotes:Sony:SonyImageHeight MakerNotes:Sony:SonyImageWidth MakerNotes:Sony:Sony_0x2024 MakerNotes:Sony:Sony_0x2025 MakerNotes:Sony:Sony_0x9400 MakerNotes:Sony:Sony_0x9404 MakerNotes:Sony:Sony_0x9408 MakerNotes:Sony:Sony_0x9409 MakerNotes:Sony:Sony_0x940e MakerNotes:Sony:VignettingCorrParams
dataset_new_ignored/2026-09-11__sony/class_011__Peru_Minca/PIC_20260911_125143.JPG,cc4e9492853da5aa6397cc4f1302fefecee9c420fbd13de601d9db76a94c494d,c90f8346d632cdd943fdf3e12c0c1a1abc3ac81ee5c93cb8cd38b37bfaf893e4,a00c9e9d92de1702d367e105b411b87b1c0f138934163333cf3a5ddfb3924332,EXIF:IFD1:Compression EXIF:IFD1:Orientation EXIF:IFD1:ResolutionUnit EXIF:IFD1:ThumbnailImage EXIF:IFD1:ThumbnailLength EXIF:IFD1:ThumbnailOffset EXIF:IFD1:XResolution EXIF:IFD1:YResolution MakerNotes:Sony:ChromaticAberrationCorrParams MakerNotes:Sony:DistortionCorrParams MakerNotes:Sony:DistortionCorrParamsPresent MakerNotes:Sony:DistortionCorrection MakerNotes:Sony:FaceInfoLength MakerNotes:Sony:FaceInfoOffset MakerNotes:Sony:FacesDetected MakerNotes:Sony:LensFormat MakerNotes:Sony:LensMount MakerNotes:Sony:MetaVersion MakerNotes:Sony:SoftSkinEffect MakerNotes:Sony:SonyDateTime MakerNotes:Sony:SonyImageHeight MakerNotes:Sony:SonyImageWidth MakerNotes:Sony:Sony_0x2024 MakerNotes:Sony:Sony_0x2025 MakerNotes:Sony:Sony_0x9400 MakerNotes:Sony:Sony_0x9404 MakerNotes:Sony:Sony_0x9408 MakerNotes:Sony:Sony_0x9409 MakerNotes:Sony:Sony_0x940e MakerNotes:Sony:VignettingCorrParams
dataset_new_ignored/2026-09-11__sony/class_011__Peru_Minca/PIC_20260911_125214.JPG,ddce7bacf1cd72541de377f8872ff18b05601beb0e0751b0c4cc428852c8dac9,17c9d8f79295211c0e2d25013bcd8a622d0f6c8a78d3a19a77f6757fa399989f,6df74d89a1318c0ab0c90dde0746334b5d6083bb36fb6e3ab8533c7ccd12ce45,EXIF:IFD1:Compression EXIF:IFD1:Orientation EXIF:IFD1:ResolutionUnit EXIF:IFD1:ThumbnailImage EXIF:IFD1:ThumbnailLength EXIF:IFD1:ThumbnailOffset EXIF:IFD1:XResolution EXIF:IFD1:YResolution MakerNotes:Sony:ChromaticAberrationCorrParams MakerNotes:Sony:DistortionCorrParams MakerNotes:Sony:DistortionCorrParamsPresent MakerNotes:Sony:DistortionCorrection MakerNotes:Sony:FaceInfoLength MakerNotes:Sony:FaceInfoOffset MakerNotes:Sony:FacesDetected MakerNotes:Sony:LensFormat MakerNotes:Sony:LensMount MakerNotes:Sony:MetaVersion MakerNotes:Sony:SoftSkinEffect MakerNotes:Sony:SonyDateTime MakerNotes:Sony:SonyImageHeight MakerNotes:Sony:SonyImageWidth MakerNotes:Sony:Sony_0x2024 MakerNotes:Sony:Sony_0x2025 MakerNotes:Sony:Sony_0x9400 MakerNotes:Sony:Sony_0x9404 MakerNotes:Sony:Sony_0x9408 MakerNotes:Sony:Sony_0x9409 MakerNotes:Sony:Sony_0x940e MakerNotes:Sony:VignettingCorrParams
dataset_new_ignored/2026-09-24__oneplus/class_011__Peru_Minca/PXL_20260924_174654341.jpg,c030cf7cb0c4e75891dcbb6ef00938c4585c618c5dedd8f5ffbac7b6cfc2e94c,8d9f0b8bf81bdbb529e1d1e72edff2429dbeaefede04ed80b09cb43b1c9b737a,a08c6a0d094c33485c8b03734c585d2e368d2c4f7b70694c8265617c1fc15a94,EXIF:GPS:GPSAltitude EXIF:GPS:GPSAltitudeRef EXIF:GPS:GPSDateStamp EXIF:GPS:GPSImgDirection EXIF:GPS:GPSImgDirectionRef EXIF:GPS:GPSLatitude EXIF:GPS:GPSLatitudeRef EXIF:GPS:GPSLongitude EXIF:GPS:GPSLongitudeRef EXIF:GPS:GPSTimeStamp EXIF:GPS:GPSVersionID EXIF:IFD1:Compression EXIF:IFD1:Orientation EXIF:IFD1:ResolutionUnit EXIF:IFD1:ThumbnailImage EXIF:IFD1:ThumbnailLength EXIF:IFD1:ThumbnailOffset EXIF:IFD1:XResolution EXIF:IFD1:YResolution XMP:XMP-GCamera:HdrPlusMakernote XMP:XMP-xmpNote:HasExtendedXMP
dataset_new_ignored/2026-09-24__oneplus/class_011__Peru_Minca/PXL_20260924_174706651.jpg,171129733582f68924a8e2338724ec4f46be9aa95ba3e71f1cafd67ec8d53cfc,3154987d5a6af519c572919443da05803ede87792230f4b78c724dce1a2d2f52,375ecbd6abb96f0cd802c4d25186eb8b0bb47509846c5d9faea2964888d036af,EXIF:GPS:GPSAltitude EXIF:GPS:GPSAltitudeRef EXIF:GPS:GPSDateStamp EXIF:GPS:GPSImgDirection EXIF:GPS:GPSImgDirectionRef EXIF:GPS:GPSLatitude EXIF:GPS:GPSLatitudeRef EXIF:GPS:GPSLongitude EXIF:GPS:GPSLongitudeRef EXIF:GPS:GPSTimeStamp EXIF:GPS:GPSVersionID EXIF:IFD1:Compression EXIF:IFD1:Orientation EXIF:IFD1:ResolutionUnit EXIF:IFD1:ThumbnailImage EXIF:IFD1:ThumbnailLength EXIF:IFD1:ThumbnailOffset EXIF:IFD1:XResolution EXIF:IFD1:YResolution XMP:XMP-GCamera:HdrPlusMakernote XMP:XMP-xmpNote:HasExtendedXMP
dataset_new_ignored/2026-09-24__oneplus/class_011__Peru_Minca/PXL_20260924_174728798.jpg,ba3f76823990404169ae3024a1f2a88ac47e23c9da3e41130a12f7d30a565a59,e8635feb4fdfe3993ae174fb0dc15ca9bb40b8bfb86b1f1a715bf7a0e03cd0e8,2e0bafd4b8b6bd5a799982abb3680f4373ee06b0ef2f4d1c428e9222483b872e,EXIF:GPS:GPSAltitude EXIF:GPS:GPSAltitudeRef EXIF:GPS:GPSDateStamp EXIF:GPS:GPSImgDirection EXIF:GPS:GPSImgDirectionRef EXIF:GPS:GPSLatitude EXIF:GPS:GPSLatitudeRef EXIF:GPS:GPSLongitude EXIF:GPS:GPSLongitudeRef EXIF:GPS:GPSTimeStamp EXIF:GPS:GPSVersionID EXIF:IFD1:Compression EXIF:IFD1:Orientation EXIF:IFD1:ResolutionUnit EXIF:IFD1:ThumbnailImage EXIF:IFD1:ThumbnailLength EXIF:IFD1:ThumbnailOffset EXIF:IFD1:XResolution EXIF:IFD1:YResolution XMP:XMP-GCamera:HdrPlusMakernote XMP:XMP-xmpNote:HasExtendedXMP
dataset_new_ignored/2026-09-24__oneplus/class_011__Peru_Minca/PXL_20260924_174744565.jpg,ead4b28e049be8423eede8190136a6d086513ac0b69562520adcdf8e867c0271,80cec76665545eb7f514e040e21be5c3ca87e5c098b9d5a7e91ce1131d769aa2,b148f8c9d4edcd970169fd8d45ba7239ddaaea1303e5821d3a4ad34e84ddba4f,EXIF:GPS:GPSAltitude EXIF:GPS:GPSAltitudeRef EXIF:GPS:GPSDateStamp EXIF:GPS:GPSImgDirection EXIF:GPS:GPSImgDirectionRef EXIF:GPS:GPSLatitude EXIF:GPS:GPSLatitudeRef EXIF:GPS:GPSLongitude EXIF:GPS:GPSLongitudeRef EXIF:GPS:GPSTimeStamp EXIF:GPS:GPSVersionID EXIF:IFD1:Compression EXIF:IFD1:Orientation EXIF:IFD1:ResolutionUnit EXIF:IFD1:ThumbnailImage EXIF:IFD1:ThumbnailLength EXIF:IFD1:ThumbnailOffset EXIF:IFD1:XResolution EXIF:IFD1:YResolution XMP:XMP-GCamera:HdrPlusMakernote XMP:XMP-xmpNote:HasExtendedXMP
dataset_new_ignored/2026-09-24__oneplus/class_011__Peru_Minca/PXL_20260924_174814080.jpg,ec0f2de2c9fd95851dbedc67f871f95a4a817737c3706a17bba7dce50d5c3884,b34a22759ce1893117af3e0b496631789c78d5915fe3726b62766cff338f6f6f,1584adf9cbac9b8b325f4b9b8c53b4d5f47227ef306fb0ff7bea7b2bd4173c0d,EXIF:GPS:GPSAltitude EXIF:GPS:GPSAltitudeRef EXIF:GPS:GPSDateStamp EXIF:GPS:GPSImgDirection EXIF:GPS:GPSImgDirectionRef EXIF:GPS:GPSLatitude EXIF:GPS:GPSLatitudeRef EXIF:GPS:GPSLongitude EXIF:GPS:GPSLongitudeRef EXIF:GPS:GPSTimeStamp EXIF:GPS:GPSVersionID EXIF:IFD1:Compression EXIF:IFD1:Orientation EXIF:IFD1:ResolutionUnit EXIF:IFD1:ThumbnailImage EXIF:IFD1:ThumbnailLength EXIF:IFD1:ThumbnailOffset EXIF:IFD1:XResolution EXIF:IFD1:YResolution XMP:XMP-GCamera:HdrPlusMakernote XMP:XMP-xmpNote:HasExtendedXMP
dataset_new_ignored/2026-09-24__oneplus/class_011__Peru_Minca/PXL_20260924_174902324.jpg,5e54fb9b788298f2fba77e2fbd693153160706e1deb31740dc4b2b9616e1650f,f920ec7ea670c89b3b9408fbb73119164b8972d72f563da77efb30c64e67737c,c1f061b6ceaf0e2c5259ec10cbd9f958c39ebb2ccbaaf84ab1952160c5d398ac,EXIF:GPS:GPSAltitude EXIF:GPS:GPSAltitudeRef EXIF:GPS:GPSDateStamp EXIF:GPS:GPSImgDirection EXIF:GPS:GPSImgDirectionRef EXIF:GPS:GPSLatitude EXIF:GPS:GPSLatitudeRef EXIF:GPS:GPSLongitude EXIF:GPS:GPSLongitudeRef EXIF:GPS:GPSTimeStamp EXIF:GPS:GPSVersionID EXIF:IFD1:Compression EXIF:IFD1:Orientation EXIF:IFD1:ResolutionUnit EXIF:IFD1:ThumbnailImage EXIF:IFD1:ThumbnailLength EXIF:IFD1:ThumbnailOffset EXIF:IFD1:XResolution EXIF:IFD1:YResolution XMP:XMP-GCamera:HdrPlusMakernote XMP:XMP-xmpNote:HasExtendedXMP
dataset_new_ignored/2026-09-24__oneplus/class_011__Peru_Minca/PXL_20260924_175004885.jpg,0b1bc5c45353ace256de1f7c858edf0a0ef988e4077fd1980d3b379b6824497a,67e3a8981bf9105b5e269b93dab16e676146005fe3318e760e94823ae5ed3206,cac4b02952e66bf843ed3e85226f405bfa3767c7688540cc1edabd9056805cd9,EXIF:GPS:GPSAltitude EXIF:GPS:GPSAltitudeRef EXIF:GPS:GPSDateStamp EXIF:GPS:GPSImgDirection EXIF:GPS:GPSImgDirectionRef EXIF:GPS:GPSLatitude EXIF:GPS:GPSLatitudeRef EXIF:GPS:GPSLongitude EXIF:GPS:GPSLongitudeRef EXIF:GPS:GPSTimeStamp EXIF:GPS:GPSVersionID EXIF:IFD1:Compression EXIF:IFD1:Orientation EXIF:IFD1:ResolutionUnit EXIF:IFD1:ThumbnailImage EXIF:IFD1:ThumbnailLength EXIF:IFD1:ThumbnailOffset EXIF:IFD1:XResolution EXIF:IFD1:YResolution XMP:XMP-GCamera:HdrPlusMakernote XMP:XMP-xmpNote:HasExtendedXMP
dataset_new_ignored/2026-09-24__oneplus/class_011__Peru_Minca/PXL_20260924_175020982.jpg,94bf7812fd3d010e2d8319c317ad473a312d660eb619a3066dc09b492b3511bf,283871e4901d37d55c50ebc423893549566e12bfee3aef8831c1beec4a9a6ec2,97056955282602219b51cb03823aae97c0b0c601e02c5783f477f8eb83a72c52,EXIF:GPS:GPSAltitude EXIF:GPS:GPSAltitudeRef EXIF:GPS:GPSDateStamp EXIF:GPS:GPSImgDirection EXIF:GPS:GPSImgDirectionRef EXIF:GPS:GPSLatitude EXIF:GPS:GPSLatitudeRef EXIF:GPS:GPSLongitude EXIF:GPS:GPSLongitudeRef EXIF:GPS:GPSTimeStamp EXIF:GPS:GPSVersionID EXIF:IFD1:Compression EXIF:IFD1:Orientation EXIF:IFD1:ResolutionUnit EXIF:IFD1:ThumbnailImage EXIF:IFD1:ThumbnailLength EXIF:IFD1:ThumbnailOffset EXIF:IFD1:XResolution EXIF:IFD1:YResolution XMP:XMP-GCamera:HdrPlusMakernote XMP:XMP-xmpNote:HasExtendedXMP
dataset_new_ignored/2026-09-24__oneplus/class_011__Peru_Minca/PXL_20260924_175043854.jpg,c6f791edaaa4a1906501febeb2a73dd7513af931d03e66bfcd8c1cccb0d480f6,d10620ed3d550c15c358813695c765bdb75718397aabf6d750903c32ee7a258d,6eafd3a2b08109321a3b4b4b4d9d1fd3273dd8c150fb3f0a5dd017495de5ebc6,EXIF:GPS:GPSAltitude EXIF:GPS:GPSAltitudeRef EXIF:GPS:GPSDateStamp EXIF:GPS:GPSImgDirection EXIF:GPS:GPSImgDirectionRef EXIF:GPS:GPSLatitude EXIF:GPS:GPSLatitudeRef EXIF:GPS:GPSLongitude EXIF:GPS:GPSLongitudeRef EXIF:GPS:GPSTimeStamp EXIF:GPS:GPSVersionID EXIF:IFD1:Compression EXIF:IFD1:Orientation EXIF:IFD1:ResolutionUnit EXIF:IFD1:ThumbnailImage EXIF:IFD1:ThumbnailLength EXIF:IFD1:ThumbnailOffset EXIF:IFD1:XResolution EXIF:IFD1:YResolution XMP:XMP-GCamera:HdrPlusMakernote XMP:XMP-xmpNote:HasExtendedXMP
dataset_new_ignored/2026-09-24__oneplus/class_011__Peru_Minca/PXL_20260924_175059460.jpg,51b8a1b892eeeb4aa25b13dcb66a657236d68a83fc26a1e80e8bfe9e54526b04,afa7390dde8b4a942eb1c4d2e0f331d1f8ca852e01020b9e452b62d95fc7ef48,68aaad89ac37e1c3fb15caf538b0cb274469898c5e0f37e9bab2b906a507896c,EXIF:GPS:GPSAltitude EXIF:GPS:GPSAltitudeRef EXIF:GPS:GPSDateStamp EXIF:GPS:GPSImgDirection EXIF:GPS:GPSImgDirectionRef EXIF:GPS:GPSLatitude EXIF:GPS:GPSLatitudeRef EXIF:GPS:GPSLongitude EXIF:GPS:GPSLongitudeRef EXIF:GPS:GPSTimeStamp EXIF:GPS:GPSVersionID EXIF:IFD1:Compression EXIF:IFD1:Orientation EXIF:IFD1:ResolutionUnit EXIF:IFD1:ThumbnailImage EXIF:IFD1:ThumbnailLength EXIF:IFD1:ThumbnailOffset EXIF:IFD1:XResolution EXIF:IFD1:YResolution XMP:XMP-GCamera:HdrPlusMakernote XMP:XMP-xmpNote:HasExtendedXMP
dataset_new_ignored/2026-09-24__oneplus/class_011__Peru_Minca/PXL_20260924_175127678.jpg,fe52b028a2f3a8b91023d419b49b0c1e1230220de8c7ee8ebe5e9dcfb54b79e6,e7ef0cdbd97f177e3887f145780ddc02d171e7ccbd02afb6beef7a8af32b363d,69007319c401a261c662d2fa2fc406db10b5e27addb55836d5ce0b313eeab70c,EXIF:GPS:GPSAltitude EXIF:GPS:GPSAltitudeRef EXIF:GPS:GPSDateStamp EXIF:GPS:GPSImgDirection EXIF:GPS:GPSImgDirectionRef EXIF:GPS:GPSLatitude EXIF:GPS:GPSLatitudeRef EXIF:GPS:GPSLongitude EXIF:GPS:GPSLongitudeRef EXIF:GPS:GPSTimeStamp EXIF:GPS:GPSVersionID EXIF:IFD1:Compression EXIF:IFD1:Orientation EXIF:IFD1:ResolutionUnit EXIF:IFD1:ThumbnailImage EXIF:IFD1:ThumbnailLength EXIF:IFD1:ThumbnailOffset EXIF:IFD1:XResolution EXIF:IFD1:YResolution XMP:XMP-GCamera:HdrPlusMakernote XMP:XMP-xmpNote:HasExtendedXMP
dataset_new_ignored/2026-09-24__oneplus/class_011__Peru_Minca/PXL_20260924_175208275.jpg,ea99da918a73828943c3db31a50554a4d135457d8f959514cb6f0b735ab1a449,6d6a101e7a01d7e1b1f338ffa8f0c868b12a4422d86bf8daaf755d028c098bcf,bf5a9fdd9ae5ba66f4859542b31e0bb2876c6b0c99a670b594c51f3da56d4ee1,EXIF:GPS:GPSAltitude EXIF:GPS:GPSAltitudeRef EXIF:GPS:GPSDateStamp EXIF:GPS:GPSImgDirection EXIF:GPS:GPSImgDirectionRef EXIF:GPS:GPSLatitude EXIF:GPS:GPSLatitudeRef EXIF:GPS:GPSLongitude EXIF:GPS:GPSLongitudeRef EXIF:GPS:GPSTimeStamp EXIF:GPS:GPSVersionID EXIF:IFD1:Compression EXIF:IFD1:Orientation EXIF:IFD1:ResolutionUnit EXIF:IFD1:ThumbnailImage EXIF:IFD1:ThumbnailLength EXIF:IFD1:ThumbnailOffset EXIF:IFD1:XResolution EXIF:IFD1:YResolution XMP:XMP-GCamera:HdrPlusMakernote XMP:XMP-xmpNote:HasExtendedXMP
dataset_new_ignored/2026-09-24__oneplus/class_011__Peru_Minca/PXL_20260924_175255560.jpg,d148ef4fc10285daae64f666f6dd4651a1d7161c226221620318486d2350f396,e34cbd4be7f281671985003248f7a71291307a4e2299c9bef0bdb3e8865c5a0c,0feac7a503d84b9b72d5642ddcb772e0f0a0271054b0a31fbe8d05c93cacc69a,EXIF:GPS:GPSAltitude EXIF:GPS:GPSAltitudeRef EXIF:GPS:GPSDateStamp EXIF:GPS:GPSImgDirection EXIF:GPS:GPSImgDirectionRef EXIF:GPS:GPSLatitude EXIF:GPS:GPSLatitudeRef EXIF:GPS:GPSLongitude EXIF:GPS:GPSLongitudeRef EXIF:GPS:GPSTimeStamp EXIF:GPS:GPSVersionID EXIF:IFD1:Compression EXIF:IFD1:Orientation EXIF:IFD1:ResolutionUnit EXIF:IFD1:ThumbnailImage EXIF:IFD1:ThumbnailLength EXIF:IFD1:ThumbnailOffset EXIF:IFD1:XResolution EXIF:IFD1:YResolution XMP:XMP-GCamera:HdrPlusMakernote XMP:XMP-xmpNote:HasExtendedXMP
dataset_new_ignored/2026-09-24__oneplus/class_011__Peru_Minca/PXL_20260924_175310303.jpg,ae41a3490a685619c0db4c779288166b6a7486a515922eae3ce00744f0114c25,f4cf03b86910c00ef2ae3ea973cb3d79ad9759a2c403aedae3289247d833640d,28bd5b2d562c45a3daceb6cb22eb7b8ab20473b42bf974c9b56f33a5e11bd94a,EXIF:GPS:GPSAltitude EXIF:GPS:GPSAltitudeRef EXIF:GPS:GPSDateStamp EXIF:GPS:GPSImgDirection EXIF:GPS:GPSImgDirectionRef EXIF:GPS:GPSLatitude EXIF:GPS:GPSLatitudeRef EXIF:GPS:GPSLongitude EXIF:GPS:GPSLongitudeRef EXIF:GPS:GPSTimeStamp EXIF:GPS:GPSVersionID EXIF:IFD1:Compression EXIF:IFD1:Orientation EXIF:IFD1:ResolutionUnit EXIF:IFD1:ThumbnailImage EXIF:IFD1:ThumbnailLength EXIF:IFD1:ThumbnailOffset EXIF:IFD1:XResolution EXIF:IFD1:YResolution XMP:XMP-GCamera:HdrPlusMakernote XMP:XMP-xmpNote:HasExtendedXMP
dataset_new_ignored/2026-09-24__oneplus/class_011__Peru_Minca/PXL_20260924_175330148.jpg,8d13fb0420878ecc81c7b0aed646422a63e1a457b69ffb954b2b210dbbe485b3,2c48864315353a25f55a4af2dbfadd1291f1d810e967e05a55e476bf4ddb61ba,af54951e0bb1914074098ec9ea7507f08ca6fbc04f10361d1d55a07bfee4069f,EXIF:GPS:GPSAltitude EXIF:GPS:GPSAltitudeRef EXIF:GPS:GPSDateStamp EXIF:GPS:GPSImgDirection EXIF:GPS:GPSImgDirectionRef EXIF:GPS:GPSLatitude EXIF:GPS:GPSLatitudeRef EXIF:GPS:GPSLongitude EXIF:GPS:GPSLongitudeRef EXIF:GPS:GPSTimeStamp EXIF:GPS:GPSVersionID EXIF:IFD1:Compression EXIF:IFD1:Orientation EXIF:IFD1:ResolutionUnit EXIF:IFD1:ThumbnailImage EXIF:IFD1:ThumbnailLength EXIF:IFD1:ThumbnailOffset EXIF:IFD1:XResolution EXIF:IFD1:YResolution XMP:XMP-GCamera:HdrPlusMakernote XMP:XMP-xmpNote:HasExtendedXMP
dataset_new_ignored/2026-09-24__oneplus/class_011__Peru_Minca/PXL_20260924_175346603.jpg,9819e74f39d3531fb2d5ab19d10b7f23d2e97f9c22228d425aeffe24f1dca635,6643c301e61b1a5823f49fde6f545ab1c2e007da2d5fa584aaa175d63b974a36,ce131a0b36a9482c923d5665f67cabf4f40987ae274a954e9057bb202aec2893,EXIF:GPS:GPSAltitude EXIF:GPS:GPSAltitudeRef EXIF:GPS:GPSDateStamp EXIF:GPS:GPSImgDirection EXIF:GPS:GPSImgDirectionRef EXIF:GPS:GPSLatitude EXIF:GPS:GPSLatitudeRef EXIF:GPS:GPSLongitude EXIF:GPS:GPSLongitudeRef EXIF:GPS:GPSTimeStamp EXIF:GPS:GPSVersionID EXIF:IFD1:Compression EXIF:IFD1:Orientation EXIF:IFD1:ResolutionUnit EXIF:IFD1:ThumbnailImage EXIF:IFD1:ThumbnailLength EXIF:IFD1:ThumbnailOffset EXIF:IFD1:XResolution EXIF:IFD1:YResolution XMP:XMP-GCamera:HdrPlusMakernote XMP:XMP-xmpNote:HasExtendedXMP
dataset_new_ignored/2026-09-24__oneplus/class_011__Peru_Minca/PXL_20260924_175418086.jpg,116d140607697e974a046da06a9df350487691deaf626b8d3d8abe9499f68df5,02ff325e352823b4ebda94846921b19ae5c6036932df476d7a52f01bd78e1dc8,8160e87a8e26f25982a6cb73b508a0be38b7d981d616799c4f0f9f2b0fc8a237,EXIF:GPS:GPSAltitude EXIF:GPS:GPSAltitudeRef EXIF:GPS:GPSDateStamp EXIF:GPS:GPSImgDirection EXIF:GPS:GPSImgDirectionRef EXIF:GPS:GPSLatitude EXIF:GPS:GPSLatitudeRef EXIF:GPS:GPSLongitude EXIF:GPS:GPSLongitudeRef EXIF:GPS:GPSTimeStamp EXIF:GPS:GPSVersionID EXIF:IFD1:Compression EXIF:IFD1:Orientation EXIF:IFD1:ResolutionUnit EXIF:IFD1:ThumbnailImage EXIF:IFD1:ThumbnailLength EXIF:IFD1:ThumbnailOffset EXIF:IFD1:XResolution EXIF:IFD1:YResolution XMP:XMP-GCamera:HdrPlusMakernote XMP:XMP-xmpNote:HasExtendedXMP
dataset_new_ignored/2026-09-24__oneplus/class_011__Peru_Minca/PXL_20260924_175458979.jpg,8e090d854952f6a2add2211b44fa63ff0b97b0f2be0812a7d833d6af09e6811a,fe08807d76b75784ecd1510a65e2990d2c79a719c121900784ae55c9d007219f,c1d49772decb0b837208a9d00deaaa617c10752cb27807bc116db9f78107995a,EXIF:GPS:GPSAltitude EXIF:GPS:GPSAltitudeRef EXIF:GPS:GPSDateStamp EXIF:GPS:GPSImgDirection EXIF:GPS:GPSImgDirectionRef EXIF:GPS:GPSLatitude EXIF:GPS:GPSLatitudeRef EXIF:GPS:GPSLongitude EXIF:GPS:GPSLongitudeRef EXIF:GPS:GPSTimeStamp EXIF:GPS:GPSVersionID EXIF:IFD1:Compression EXIF:IFD1:Orientation EXIF:IFD1:ResolutionUnit EXIF:IFD1:ThumbnailImage EXIF:IFD1:ThumbnailLength EXIF:IFD1:ThumbnailOffset EXIF:IFD1:XResolution EXIF:IFD1:YResolution XMP:XMP-GCamera:HdrPlusMakernote XMP:XMP-xmpNote:HasExtendedXMP
dataset_new_ignored/2026-09-24__oneplus/class_011__Peru_Minca/PXL_20260924_175617052.jpg,5ea97a45e91e8e371720d83a0090d7b60d57a2412888a630115496de8416f575,a991cd43c37b6abb88cbc9d2404809f51e96d5b9348779a72c2022f14b8527de,37ddf23896b6a8a6d3e48c251fe05db16835315cd1185c327bcb9629f823abc1,EXIF:GPS:GPSAltitude EXIF:GPS:GPSAltitudeRef EXIF:GPS:GPSDateStamp EXIF:GPS:GPSImgDirection EXIF:GPS:GPSImgDirectionRef EXIF:GPS:GPSLatitude EXIF:GPS:GPSLatitudeRef EXIF:GPS:GPSLongitude EXIF:GPS:GPSLongitudeRef EXIF:GPS:GPSTimeStamp EXIF:GPS:GPSVersionID EXIF:IFD1:Compression EXIF:IFD1:Orientation EXIF:IFD1:ResolutionUnit EXIF:IFD1:ThumbnailImage EXIF:IFD1:ThumbnailLength EXIF:IFD1:ThumbnailOffset EXIF:IFD1:XResolution EXIF:IFD1:YResolution XMP:XMP-GCamera:HdrPlusMakernote XMP:XMP-xmpNote:HasExtendedXMP
dataset_new_ignored/2026-09-24__oneplus/class_011__Peru_Minca/PXL_20260924_175643227.jpg,0189d2950f72a5dfa6f432c445df493e9af96c684a83458ace5eff081e3035ae,b7fb63e49fbf8ed89114f61e7470f09810b729577848ae1fee2f849031b6be87,a3721e102b25b251bf905f3a77ed5289f6167bd450a7f88f853810f687c05547,EXIF:GPS:GPSAltitude EXIF:GPS:GPSAltitudeRef EXIF:GPS:GPSDateStamp EXIF:GPS:GPSImgDirection EXIF:GPS:GPSImgDirectionRef EXIF:GPS:GPSLatitude EXIF:GPS:GPSLatitudeRef EXIF:GPS:GPSLongitude EXIF:GPS:GPSLongitudeRef EXIF:GPS:GPSTimeStamp EXIF:GPS:GPSVersionID EXIF:IFD1:Compression EXIF:IFD1:Orientation EXIF:IFD1:ResolutionUnit EXIF:IFD1:ThumbnailImage EXIF:IFD1:ThumbnailLength EXIF:IFD1:ThumbnailOffset EXIF:IFD1:XResolution EXIF:IFD1:YResolution XMP:XMP-GCamera:HdrPlusMakernote XMP:XMP-xmpNote:HasExtendedXMP
dataset_new_ignored/2026-09-24__oneplus/class_011__Peru_Minca/PXL_20260924_175721588.jpg,b30cbd88ed15617c744824e372fef4f72b3d985fac6b444bb655358f402ae19d,9e2e64bc15ff2c0b65db9f23b5f2c616f454a32a081e721a83ca27627463020f,b83dfe8a1cd4c2d0a1c65ab27efa0ba48ff8da18b94ba0773c92b7c699035eec,EXIF:GPS:GPSAltitude EXIF:GPS:GPSAltitudeRef EXIF:GPS:GPSDateStamp EXIF:GPS:GPSImgDirection EXIF:GPS:GPSImgDirectionRef EXIF:GPS:GPSLatitude EXIF:GPS:GPSLatitudeRef EXIF:GPS:GPSLongitude EXIF:GPS:GPSLongitudeRef EXIF:GPS:GPSTimeStamp EXIF:GPS:GPSVersionID EXIF:IFD1:Compression EXIF:IFD1:Orientation EXIF:IFD1:ResolutionUnit EXIF:IFD1:ThumbnailImage EXIF:IFD1:ThumbnailLength EXIF:IFD1:ThumbnailOffset EXIF:IFD1:XResolution EXIF:IFD1:YResolution XMP:XMP-GCamera:HdrPlusMakernote XMP:XMP-xmpNote:HasExtendedXMP
dataset_new_ignored/2026-09-24__oneplus/class_011__Peru_Minca/PXL_20260924_175742189.jpg,5dcab49537913b57adbf84c1ba1d25ba7f1ea5741cc95e7ebb88ddbd80da2af3,920548a1df0b1e9de11edfa5a5c8806d7b5fb7122b291fcf16c5315f6f1a1224,9b7b2409593b03796bdc9915376061204d883f328db64eaff6b64894e8639c53,EXIF:GPS:GPSAltitude EXIF:GPS:GPSAltitudeRef EXIF:GPS:GPSDateStamp EXIF:GPS:GPSImgDirection EXIF:GPS:GPSImgDirectionRef EXIF:GPS:GPSLatitude EXIF:GPS:GPSLatitudeRef EXIF:GPS:GPSLongitude EXIF:GPS:GPSLongitudeRef EXIF:GPS:GPSTimeStamp EXIF:GPS:GPSVersionID EXIF:IFD1:Compression EXIF:IFD1:Orientation EXIF:IFD1:ResolutionUnit EXIF:IFD1:ThumbnailImage EXIF:IFD1:ThumbnailLength EXIF:IFD1:ThumbnailOffset EXIF:IFD1:XResolution EXIF:IFD1:YResolution XMP:XMP-GCamera:HdrPlusMakernote XMP:XMP-xmpNote:HasExtendedXMP
dataset_new_ignored/2026-09-24__oneplus/class_011__Peru_Minca/PXL_20260924_175814602.jpg,63ea14e15e4f9721c404b397931b72f93e13902366c61590958fdcda87e5ea79,81d707aa521241d3306b5dce888b56864d9da6f6038dc44bc41a30a7e1568df9,c1b235f7f4e4eb99c3dce7ba4653faf2b33bf53edd262e741553b2c6222cc6d6,EXIF:GPS:GPSAltitude EXIF:GPS:GPSAltitudeRef EXIF:GPS:GPSDateStamp EXIF:GPS:GPSImgDirection EXIF:GPS:GPSImgDirectionRef EXIF:GPS:GPSLatitude EXIF:GPS:GPSLatitudeRef EXIF:GPS:GPSLongitude EXIF:GPS:GPSLongitudeRef EXIF:GPS:GPSTimeStamp EXIF:GPS:GPSVersionID EXIF:IFD1:Compression EXIF:IFD1:Orientation EXIF:IFD1:ResolutionUnit EXIF:IFD1:ThumbnailImage EXIF:IFD1:ThumbnailLength EXIF:IFD1:ThumbnailOffset EXIF:IFD1:XResolution EXIF:IFD1:YResolution XMP:XMP-GCamera:HdrPlusMakernote XMP:XMP-xmpNote:HasExtendedXMP
dataset_new_ignored/2026-09-24__oneplus/class_011__Peru_Minca/PXL_20260924_175853449.jpg,0e54656143906910ca08caa01e34273dc40dbca6ad0ecaaf3d759ae1e0bf31cb,4b4160e7b501e243d7609e3b33713f632f0f83361fc8a7c6dca27307851429e1,d27a3a566a38966b604c4c38cd4eb07916b4a4229d29a34d88c9be9e71c2b8d2,EXIF:GPS:GPSAltitude EXIF:GPS:GPSAltitudeRef EXIF:GPS:GPSDateStamp EXIF:GPS:GPSImgDirection EXIF:GPS:GPSImgDirectionRef EXIF:GPS:GPSLatitude EXIF:GPS:GPSLatitudeRef EXIF:GPS:GPSLongitude EXIF:GPS:GPSLongitudeRef EXIF:GPS:GPSTimeStamp EXIF:GPS:GPSVersionID EXIF:IFD1:Compression EXIF:IFD1:Orientation EXIF:IFD1:ResolutionUnit EXIF:IFD1:ThumbnailImage EXIF:IFD1:ThumbnailLength EXIF:IFD1:ThumbnailOffset EXIF:IFD1:XResolution EXIF:IFD1:YResolution XMP:XMP-GCamera:HdrPlusMakernote XMP:XMP-xmpNote:HasExtendedXMP
dataset_new_ignored/2026-09-24__oneplus/class_011__Peru_Minca/PXL_20260924_180001823.jpg,c0e644bcb32c9516e363a355946fe8d397d8c2029b46808164f90505f34f8ef7,846f318ac75aaa08f01fce5380cb8445a1960d5b67f7dc223eab657381d56dd7,3994c49808c7baaf93fffb428b122557ac2b5718bf4822ecde2163a9eaf1b506,EXIF:GPS:GPSAltitude EXIF:GPS:GPSAltitudeRef EXIF:GPS:GPSDateStamp EXIF:GPS:GPSImgDirection EXIF:GPS:GPSImgDirectionRef EXIF:GPS:GPSLatitude EXIF:GPS:GPSLatitudeRef EXIF:GPS:GPSLongitude EXIF:GPS:GPSLongitudeRef EXIF:GPS:GPSTimeStamp EXIF:GPS:GPSVersionID EXIF:IFD1:Compression EXIF:IFD1:Orientation EXIF:IFD1:ResolutionUnit EXIF:IFD1:ThumbnailImage EXIF:IFD1:ThumbnailLength EXIF:IFD1:ThumbnailOffset EXIF:IFD1:XResolution EXIF:IFD1:YResolution XMP:XMP-GCamera:HdrPlusMakernote XMP:XMP-xmpNote:HasExtendedXMP
dataset_new_ignored/2026-09-24__oneplus/class_011__Peru_Minca/PXL_20260924_180014008.jpg,e306e7a15d4b94211f4377e5803f73758f8d9f2b39069682d507d79525aca2d2,9bf609b78a1750672eb6950fd789aa7030c786c28e8ac5fa013bd612190b982c,420bb4beedfd723c1aaa3e174ac7c0fa2f9031c5f38406da70f7e5077e5cd3bc,EXIF:GPS:GPSAltitude EXIF:GPS:GPSAltitudeRef EXIF:GPS:GPSDateStamp EXIF:GPS:GPSImgDirection EXIF:GPS:GPSImgDirectionRef EXIF:GPS:GPSLatitude EXIF:GPS:GPSLatitudeRef EXIF:GPS:GPSLongitude EXIF:GPS:GPSLongitudeRef EXIF:GPS:GPSTimeStamp EXIF:GPS:GPSVersionID EXIF:IFD1:Compression EXIF:IFD1:Orientation EXIF:IFD1:ResolutionUnit EXIF:IFD1:ThumbnailImage EXIF:IFD1:ThumbnailLength EXIF:IFD1:ThumbnailOffset EXIF:IFD1:XResolution EXIF:IFD1:YResolution XMP:XMP-GCamera:HdrPlusMakernote XMP:XMP-xmpNote:HasExtendedXMP
dataset_new_ignored/2026-09-24__oneplus/class_011__Peru_Minca/PXL_20260924_180037009.jpg,ae833ba512d37d5dc899a466074bce450f289ebd9653ed20bef2870d1296f205,ddba827427d27b3e5815848ee35d26f91732c271f99dc8340ff6642dcda744df,1ec50e359d162d74f7e646bf2e60a07a089fb0f5173fb24a53f3c6c75ea9d058,EXIF:GPS:GPSAltitude EXIF:GPS:GPSAltitudeRef EXIF:GPS:GPSDateStamp EXIF:GPS:GPSImgDirection EXIF:GPS:GPSImgDirectionRef EXIF:GPS:GPSLatitude EXIF:GPS:GPSLatitudeRef EXIF:GPS:GPSLongitude EXIF:GPS:GPSLongitudeRef EXIF:GPS:GPSTimeStamp EXIF:GPS:GPSVersionID EXIF:IFD1:Compression EXIF:IFD1:Orientation EXIF:IFD1:ResolutionUnit EXIF:IFD1:ThumbnailImage EXIF:IFD1:ThumbnailLength EXIF:IFD1:ThumbnailOffset EXIF:IFD1:XResolution EXIF:IFD1:YResolution XMP:XMP-GCamera:HdrPlusMakernote XMP:XMP-xmpNote:HasExtendedXMP
dataset_new_ignored/2026-09-24__oneplus/class_011__Peru_Minca/PXL_20260924_180052927.jpg,16ff67c04a1c9ba8a3b11b93e48b18ccfc0d9b031d4a970a371546fa815ecc97,0fa2f05db5285ef1c67cae21cd20950cd1760863e0fb6084cd411bb45a2b3edd,1b4acfbbedfc77be69e4a036a592021d4c598dc58090243b67d369f9eb893845,EXIF:GPS:GPSAltitude EXIF:GPS:GPSAltitudeRef EXIF:GPS:GPSDateStamp EXIF:GPS:GPSImgDirection EXIF:GPS:GPSImgDirectionRef EXIF:GPS:GPSLatitude EXIF:GPS:GPSLatitudeRef EXIF:GPS:GPSLongitude EXIF:GPS:GPSLongitudeRef EXIF:GPS:GPSTimeStamp EXIF:GPS:GPSVersionID EXIF:IFD1:Compression EXIF:IFD1:Orientation EXIF:IFD1:ResolutionUnit EXIF:IFD1:ThumbnailImage EXIF:IFD1:ThumbnailLength EXIF:IFD1:ThumbnailOffset EXIF:IFD1:XResolution EXIF:IFD1:YResolution XMP:XMP-GCamera:HdrPlusMakernote XMP:XMP-xmpNote:HasExtendedXMP
dataset_new_ignored/2026-09-24__oneplus/class_011__Peru_Minca/PXL_20260924_180118224.jpg,71fc0a7ea1273ba7351041e0f56db05b5828b2abf49f075f74202d232fc814ac,47eaaabf81838fff7af0b4d4333e033e5a30029560aaf2f50004de00ec63e929,d63ee6797bbf737c3a2cbecc2b238f9242d1530fcb2cb018e1cdfaf36ddc8b95,EXIF:GPS:GPSAltitude EXIF:GPS:GPSAltitudeRef EXIF:GPS:GPSDateStamp EXIF:GPS:GPSImgDirection EXIF:GPS:GPSImgDirectionRef EXIF:GPS:GPSLatitude EXIF:GPS:GPSLatitudeRef EXIF:GPS:GPSLongitude EXIF:GPS:GPSLongitudeRef EXIF:GPS:GPSTimeStamp EXIF:GPS:GPSVersionID EXIF:IFD1:Compression EXIF:IFD1:Orientation EXIF:IFD1:ResolutionUnit EXIF:IFD1:ThumbnailImage EXIF:IFD1:ThumbnailLength EXIF:IFD1:ThumbnailOffset EXIF:IFD1:XResolution EXIF:IFD1:YResolution XMP:XMP-GCamera:HdrPlusMakernote XMP:XMP-xmpNote:HasExtendedXMP
dataset_new_ignored/2026-09-24__oneplus/class_011__Peru_Minca/PXL_20260924_180156334.jpg,4df6937b81485e514b50fc654b4752692d69a7abb5c186f397cfa26e7ae400bd,cad9e82396d40bddd975effb72daba02dc9cc73989c921254d840d9321788ee1,b29e0ee8a99cb5bf690003bb039b4bc7e20b73b9711d9f0fe4735d423912fa43,EXIF:GPS:GPSAltitude EXIF:GPS:GPSAltitudeRef EXIF:GPS:GPSDateStamp EXIF:GPS:GPSImgDirection EXIF:GPS:GPSImgDirectionRef EXIF:GPS:GPSLatitude EXIF:GPS:GPSLatitudeRef EXIF:GPS:GPSLongitude EXIF:GPS:GPSLongitudeRef EXIF:GPS:GPSTimeStamp EXIF:GPS:GPSVersionID EXIF:IFD1:Compression EXIF:IFD1:Orientation EXIF:IFD1:ResolutionUnit EXIF:IFD1:ThumbnailImage EXIF:IFD1:ThumbnailLength EXIF:IFD1:ThumbnailOffset EXIF:IFD1:XResolution EXIF:IFD1:YResolution XMP:XMP-GCamera:HdrPlusMakernote XMP:XMP-xmpNote:HasExtendedXMP
dataset_new_ignored/2026-09-24__oneplus/class_012__Rwanda_Gisuma/PXL_20260924_101636816.jpg,df47062f288314cb4fafadf3d780f0e904421aa5d029305e0a5f152072dd3408,26265b5e5722489ba0e7c1f37a9afbdd4390e8ade8a54b945e47d960ce474776,388508690054feeaea9f992b4b0b5ec4910fa84fbd9aec4cd887096d410513df,EXIF:GPS:GPSAltitude EXIF:GPS:GPSAltitudeRef EXIF:GPS:GPSDateStamp EXIF:GPS:GPSImgDirection EXIF:GPS:GPSImgDirectionRef EXIF:GPS:GPSLatitude EXIF:GPS:GPSLatitudeRef EXIF:GPS:GPSLongitude EXIF:GPS:GPSLongitudeRef EXIF:GPS:GPSTimeStamp EXIF:GPS:GPSVersionID EXIF:IFD1:Compression EXIF:IFD1:Orientation EXIF:IFD1:ResolutionUnit EXIF:IFD1:ThumbnailImage EXIF:IFD1:ThumbnailLength EXIF:IFD1:ThumbnailOffset EXIF:IFD1:XResolution EXIF:IFD1:YResolution XMP:XMP-GCamera:HdrPlusMakernote XMP:XMP-xmpNote:HasExtendedXMP
dataset_new_ignored/2026-09-24__oneplus/class_012__Rwanda_Gisuma/PXL_20260924_101727235.jpg,3de51f2cccfc5d09a894e11a98a381ecf330fb779aea1e6e536e6e422f144271,3876feadc3a76cb0d768a61ab7d9ee43d3bdd3af89a8e1e1f7d00e722099e45e,075ae0b0dbf79be1bad96ac11255023d9ac37e38bb4788f84e0ba6249292a872,EXIF:GPS:GPSAltitude EXIF:GPS:GPSAltitudeRef EXIF:GPS:GPSDateStamp EXIF:GPS:GPSImgDirection EXIF:GPS:GPSImgDirectionRef EXIF:GPS:GPSLatitude EXIF:GPS:GPSLatitudeRef EXIF:GPS:GPSLongitude EXIF:GPS:GPSLongitudeRef EXIF:GPS:GPSTimeStamp EXIF:GPS:GPSVersionID EXIF:IFD1:Compression EXIF:IFD1:Orientation EXIF:IFD1:ResolutionUnit EXIF:IFD1:ThumbnailImage EXIF:IFD1:ThumbnailLength EXIF:IFD1:ThumbnailOffset EXIF:IFD1:XResolution EXIF:IFD1:YResolution XMP:XMP-GCamera:HdrPlusMakernote XMP:XMP-xmpNote:HasExtendedXMP
dataset_new_ignored/2026-09-24__oneplus/class_012__Rwanda_Gisuma/PXL_20260924_101810482.jpg,7c3995549a3ca741ce216dd5d102e2cd6bdbf64991b1c92f1d6d3d3002f14aec,9a84712e5c13c196bc6e0fbf7ed5ef4030190280c45f930130e70f8142311254,a0032937c06ff2755f669b5d77772a07d8791631e7e51e9ec06020c46ac955ce,EXIF:GPS:GPSAltitude EXIF:GPS:GPSAltitudeRef EXIF:GPS:GPSDateStamp EXIF:GPS:GPSImgDirection EXIF:GPS:GPSImgDirectionRef EXIF:GPS:GPSLatitude EXIF:GPS:GPSLatitudeRef EXIF:GPS:GPSLongitude EXIF:GPS:GPSLongitudeRef EXIF:GPS:GPSTimeStamp EXIF:GPS:GPSVersionID EXIF:IFD1:Compression EXIF:IFD1:Orientation EXIF:IFD1:ResolutionUnit EXIF:IFD1:ThumbnailImage EXIF:IFD1:ThumbnailLength EXIF:IFD1:ThumbnailOffset EXIF:IFD1:XResolution EXIF:IFD1:YResolution XMP:XMP-GCamera:HdrPlusMakernote XMP:XMP-xmpNote:HasExtendedXMP
dataset_new_ignored/2026-09-24__oneplus/class_012__Rwanda_Gisuma/PXL_20260924_101831523.jpg,543e4cc2570463c58a9a12a80bee3524074f281ddd6340f449567103df082d37,47e04e5c5f08d79bd922e0ebbbee0f9bf064658d3b50c7f8972c413031e90c19,0244e6ae69549b9c2383507e888b5ca00f888ec772a143902f170ce8c51376f3,EXIF:GPS:GPSAltitude EXIF:GPS:GPSAltitudeRef EXIF:GPS:GPSDateStamp EXIF:GPS:GPSImgDirection EXIF:GPS:GPSImgDirectionRef EXIF:GPS:GPSLatitude EXIF:GPS:GPSLatitudeRef EXIF:GPS:GPSLongitude EXIF:GPS:GPSLongitudeRef EXIF:GPS:GPSTimeStamp EXIF:GPS:GPSVersionID EXIF:IFD1:Compression EXIF:IFD1:Orientation EXIF:IFD1:ResolutionUnit EXIF:IFD1:ThumbnailImage EXIF:IFD1:ThumbnailLength EXIF:IFD1:ThumbnailOffset EXIF:IFD1:XResolution EXIF:IFD1:YResolution XMP:XMP-GCamera:HdrPlusMakernote XMP:XMP-xmpNote:HasExtendedXMP
dataset_new_ignored/2026-09-24__oneplus/class_012__Rwanda_Gisuma/PXL_20260924_101907094.jpg,c2559a46243019d5dca30dc6d9568b1fd46edcb180181a5a0c409fb1e141aef0,c24918ccb9ef3be988da4e3449d5a8dc54ca0f8e407070469a8c48876015bbd9,0fc17d12d85d73665cd0e2fb5da9924fc7dd696429936514e5c2dd6b6d5f9448,EXIF:GPS:GPSAltitude EXIF:GPS:GPSAltitudeRef EXIF:GPS:GPSDateStamp EXIF:GPS:GPSImgDirection EXIF:GPS:GPSImgDirectionRef EXIF:GPS:GPSLatitude EXIF:GPS:GPSLatitudeRef EXIF:GPS:GPSLongitude EXIF:GPS:GPSLongitudeRef EXIF:GPS:GPSTimeStamp EXIF:GPS:GPSVersionID EXIF:IFD1:Compression EXIF:IFD1:Orientation EXIF:IFD1:ResolutionUnit EXIF:IFD1:ThumbnailImage EXIF:IFD1:ThumbnailLength EXIF:IFD1:ThumbnailOffset EXIF:IFD1:XResolution EXIF:IFD1:YResolution XMP:XMP-GCamera:HdrPlusMakernote XMP:XMP-xmpNote:HasExtendedXMP
dataset_new_ignored/2026-09-24__oneplus/class_012__Rwanda_Gisuma/PXL_20260924_102010125.jpg,ef9e4ca429166077054823a3f759a799b26037734eb504fa31ae80b90fa94854,6974da4c262f33676f33819dbdf2fdb7791ba7b7253cf484b12f562518eb3280,c573bec5a21839325323496bf6a3beee4bca1636d6c5699d0855907f3c37f68c,EXIF:GPS:GPSAltitude EXIF:GPS:GPSAltitudeRef EXIF:GPS:GPSDateStamp EXIF:GPS:GPSImgDirection EXIF:GPS:GPSImgDirectionRef EXIF:GPS:GPSLatitude EXIF:GPS:GPSLatitudeRef EXIF:GPS:GPSLongitude EXIF:GPS:GPSLongitudeRef EXIF:GPS:GPSTimeStamp EXIF:GPS:GPSVersionID EXIF:IFD1:Compression EXIF:IFD1:Orientation EXIF:IFD1:ResolutionUnit EXIF:IFD1:ThumbnailImage EXIF:IFD1:ThumbnailLength EXIF:IFD1:ThumbnailOffset EXIF:IFD1:XResolution EXIF:IFD1:YResolution XMP:XMP-GCamera:HdrPlusMakernote XMP:XMP-xmpNote:HasExtendedXMP
dataset_new_ignored/2026-09-24__oneplus/class_012__Rwanda_Gisuma/PXL_20260924_102053609.jpg,9898fa3f027334a186f25649eea52108f40de1bf8d2b39fa2fb1460e3416394c,2532ec43fde48255572bb5c5506b5be9af40bb65fa6cba9a7959b5dfcd9afaa9,240652ccd0136190a2c06f2c81902969c6aa333368ff6ae7bf6851d6eab5ee95,EXIF:GPS:GPSAltitude EXIF:GPS:GPSAltitudeRef EXIF:GPS:GPSDateStamp EXIF:GPS:GPSImgDirection EXIF:GPS:GPSImgDirectionRef EXIF:GPS:GPSLatitude EXIF:GPS:GPSLatitudeRef EXIF:GPS:GPSLongitude EXIF:GPS:GPSLongitudeRef EXIF:GPS:GPSTimeStamp EXIF:GPS:GPSVersionID EXIF:IFD1:Compression EXIF:IFD1:Orientation EXIF:IFD1:ResolutionUnit EXIF:IFD1:ThumbnailImage EXIF:IFD1:ThumbnailLength EXIF:IFD1:ThumbnailOffset EXIF:IFD1:XResolution EXIF:IFD1:YResolution XMP:XMP-GCamera:HdrPlusMakernote XMP:XMP-xmpNote:HasExtendedXMP
dataset_new_ignored/2026-09-24__oneplus/class_012__Rwanda_Gisuma/PXL_20260924_102110546.jpg,aff6c2d3f2974e0db4a647df9dd40913e37a7bf6aeea3662adae5b505a3f7108,1bf95f4162778cc2c1e8e5e5194f6f98864ac24def7ba600b3cf6e6a8a61fa63,fc6d77a610d88d65349d5587174cad1983066bd41e0c6930563df7979601f18f,EXIF:GPS:GPSAltitude EXIF:GPS:GPSAltitudeRef EXIF:GPS:GPSDateStamp EXIF:GPS:GPSImgDirection EXIF:GPS:GPSImgDirectionRef EXIF:GPS:GPSLatitude EXIF:GPS:GPSLatitudeRef EXIF:GPS:GPSLongitude EXIF:GPS:GPSLongitudeRef EXIF:GPS:GPSTimeStamp EXIF:GPS:GPSVersionID EXIF:IFD1:Compression EXIF:IFD1:Orientation EXIF:IFD1:ResolutionUnit EXIF:IFD1:ThumbnailImage EXIF:IFD1:ThumbnailLength EXIF:IFD1:ThumbnailOffset EXIF:IFD1:XResolution EXIF:IFD1:YResolution XMP:XMP-GCamera:HdrPlusMakernote XMP:XMP-xmpNote:HasExtendedXMP
dataset_new_ignored/2026-09-24__oneplus/class_012__Rwanda_Gisuma/PXL_20260924_102138994.jpg,766f6d4d6fbbdc5a086524cc44fb10bae677706b30a4036e3765cba789ab49da,5a607fbd23a397b20cb52ccab87fa4e8a929599fc0028b9d820431c938b1143f,4637d6dc7e8841ad9d61c88c59e1a3c8930b69b326713c56be85f59c8b6a70a6,EXIF:GPS:GPSAltitude EXIF:GPS:GPSAltitudeRef EXIF:GPS:GPSDateStamp EXIF:GPS:GPSImgDirection EXIF:GPS:GPSImgDirectionRef EXIF:GPS:GPSLatitude EXIF:GPS:GPSLatitudeRef EXIF:GPS:GPSLongitude EXIF:GPS:GPSLongitudeRef EXIF:GPS:GPSTimeStamp EXIF:GPS:GPSVersionID EXIF:IFD1:Compression EXIF:IFD1:Orientation EXIF:IFD1:ResolutionUnit EXIF:IFD1:ThumbnailImage EXIF:IFD1:ThumbnailLength EXIF:IFD1:ThumbnailOffset EXIF:IFD1:XResolution EXIF:IFD1:YResolution XMP:XMP-GCamera:HdrPlusMakernote XMP:XMP-xmpNote:HasExtendedXMP
dataset_new_ignored/2026-09-24__oneplus/class_012__Rwanda_Gisuma/PXL_20260924_102202898.jpg,05a96f8fd0f0a5e4f5c2e0b03fa0440aba481d32e710f69bd5a4e3aaf810d695,04c97b19b286d60032af4765d642ac5de7735e5f4de5aa65b0fc6cc1a6a17c69,8b010b36395243e0449f5ddb7f5e0b6065aeaa49e49fa7aaf07795dde566bccb,EXIF:GPS:GPSAltitude EXIF:GPS:GPSAltitudeRef EXIF:GPS:GPSDateStamp EXIF:GPS:GPSImgDirection EXIF:GPS:GPSImgDirectionRef EXIF:GPS:GPSLatitude EXIF:GPS:GPSLatitudeRef EXIF:GPS:GPSLongitude EXIF:GPS:GPSLongitudeRef EXIF:GPS:GPSTimeStamp EXIF:GPS:GPSVersionID EXIF:IFD1:Compression EXIF:IFD1:Orientation EXIF:IFD1:ResolutionUnit EXIF:IFD1:ThumbnailImage EXIF:IFD1:ThumbnailLength EXIF:IFD1:ThumbnailOffset EXIF:IFD1:XResolution EXIF:IFD1:YResolution XMP:XMP-GCamera:HdrPlusMakernote XMP:XMP-xmpNote:HasExtendedXMP
dataset_new_ignored/2026-09-24__oneplus/class_012__Rwanda_Gisuma/PXL_20260924_102246984.jpg,80ed63b3a14b17554f704b47f178a45101c09e829a4e7fac4c9187d9c7fa0d2b,3e268e53ab86fbe546dcfe4088b6ad64eeb08a4b3275e91f8eca71fbd01f645c,508a2479a6b047b50e3098e9958d86e1cafacaef7c1e5a5c7363950315364265,EXIF:GPS:GPSAltitude EXIF:GPS:GPSAltitudeRef EXIF:GPS:GPSDateStamp EXIF:GPS:GPSImgDirection EXIF:GPS:GPSImgDirectionRef EXIF:GPS:GPSLatitude EXIF:GPS:GPSLatitudeRef EXIF:GPS:GPSLongitude EXIF:GPS:GPSLongitudeRef EXIF:GPS:GPSTimeStamp EXIF:GPS:GPSVersionID EXIF:IFD1:Compression EXIF:IFD1:Orientation EXIF:IFD1:ResolutionUnit EXIF:IFD1:ThumbnailImage EXIF:IFD1:ThumbnailLength EXIF:IFD1:ThumbnailOffset EXIF:IFD1:XResolution EXIF:IFD1:YResolution XMP:XMP-GCamera:HdrPlusMakernote XMP:XMP-xmpNote:HasExtendedXMP
dataset_new_ignored/2026-09-24__oneplus/class_012__Rwanda_Gisuma/PXL_20260924_102332019.jpg,3d96847e5e241350d0d48ea85e184d42c5e6b3389b8759959cc2fb22b622914a,71c9dd25d4a20442125601de5f0114307f22004d173f1120b1aebfbc5fd8b72a,989e5b774c19694133634c2b37b79c8cd655a4e692bffdf0e2ef6515194577d1,EXIF:GPS:GPSAltitude EXIF:GPS:GPSAltitudeRef EXIF:GPS:GPSDateStamp EXIF:GPS:GPSImgDirection EXIF:GPS:GPSImgDirectionRef EXIF:GPS:GPSLatitude EXIF:GPS:GPSLatitudeRef EXIF:GPS:GPSLongitude EXIF:GPS:GPSLongitudeRef EXIF:GPS:GPSTimeStamp EXIF:GPS:GPSVersionID EXIF:IFD1:Compression EXIF:IFD1:Orientation EXIF:IFD1:ResolutionUnit EXIF:IFD1:ThumbnailImage EXIF:IFD1:ThumbnailLength EXIF:IFD1:ThumbnailOffset EXIF:IFD1:XResolution EXIF:IFD1:YResolution XMP:XMP-GCamera:HdrPlusMakernote XMP:XMP-xmpNote:HasExtendedXMP
dataset_new_ignored/2026-09-24__oneplus/class_012__Rwanda_Gisuma/PXL_20260924_102444840.jpg,5522ecaf2a8334a0b8726d667f8b87bfcc5839790fa74e2f14935b95c921be8a,277b1d2d6fa7334e2f4e9f17d263abd542fc9afc1f4a01c20a5fffbe3975b7a5,2ed61341209d81251cc0b79a7f3cda35e90b669a1920a6b36cd8da50c7511f90,EXIF:GPS:GPSAltitude EXIF:GPS:GPSAltitudeRef EXIF:GPS:GPSDateStamp EXIF:GPS:GPSImgDirection EXIF:GPS:GPSImgDirectionRef EXIF:GPS:GPSLatitude EXIF:GPS:GPSLatitudeRef EXIF:GPS:GPSLongitude EXIF:GPS:GPSLongitudeRef EXIF:GPS:GPSTimeStamp EXIF:GPS:GPSVersionID EXIF:IFD1:Compression EXIF:IFD1:Orientation EXIF:IFD1:ResolutionUnit EXIF:IFD1:ThumbnailImage EXIF:IFD1:ThumbnailLength EXIF:IFD1:ThumbnailOffset EXIF:IFD1:XResolution EXIF:IFD1:YResolution XMP:XMP-GCamera:HdrPlusMakernote XMP:XMP-xmpNote:HasExtendedXMP
dataset_new_ignored/2026-09-24__oneplus/class_012__Rwanda_Gisuma/PXL_20260924_102505548.jpg,736238e5256678c590e4aa3fe178c1d640dbc2b4c9ba5341add1bc3ab7086c02,6cd89b694ac8929dd3a2d34a9bf44cb9abe1f5ee372e55f4a9945a807ae7e37c,804504c89e212734964530b6ae75f4d5c12d8a2bd36ead6df75b4bec2e676320,EXIF:GPS:GPSAltitude EXIF:GPS:GPSAltitudeRef EXIF:GPS:GPSDateStamp EXIF:GPS:GPSImgDirection EXIF:GPS:GPSImgDirectionRef EXIF:GPS:GPSLatitude EXIF:GPS:GPSLatitudeRef EXIF:GPS:GPSLongitude EXIF:GPS:GPSLongitudeRef EXIF:GPS:GPSTimeStamp EXIF:GPS:GPSVersionID EXIF:IFD1:Compression EXIF:IFD1:Orientation EXIF:IFD1:ResolutionUnit EXIF:IFD1:ThumbnailImage EXIF:IFD1:ThumbnailLength EXIF:IFD1:ThumbnailOffset EXIF:IFD1:XResolution EXIF:IFD1:YResolution XMP:XMP-GCamera:HdrPlusMakernote XMP:XMP-xmpNote:HasExtendedXMP
dataset_new_ignored/2026-09-24__oneplus/class_012__Rwanda_Gisuma/PXL_20260924_102545655.jpg,808dc0bce98223f754efcaab435b2ca89992009977a3507e95b5e2284db89309,e8291a9725f73cf84539f285532cfef313f9dd989df3ee8fee14427d4335f718,fcd9b63061a27b260642bea87c0c1a36c7b1fa3422d47f659b58449e73554597,EXIF:GPS:GPSAltitude EXIF:GPS:GPSAltitudeRef EXIF:GPS:GPSDateStamp EXIF:GPS:GPSImgDirection EXIF:GPS:GPSImgDirectionRef EXIF:GPS:GPSLatitude EXIF:GPS:GPSLatitudeRef EXIF:GPS:GPSLongitude EXIF:GPS:GPSLongitudeRef EXIF:GPS:GPSTimeStamp EXIF:GPS:GPSVersionID EXIF:IFD1:Compression EXIF:IFD1:Orientation EXIF:IFD1:ResolutionUnit EXIF:IFD1:ThumbnailImage EXIF:IFD1:ThumbnailLength EXIF:IFD1:ThumbnailOffset EXIF:IFD1:XResolution EXIF:IFD1:YResolution XMP:XMP-GCamera:HdrPlusMakernote XMP:XMP-xmpNote:HasExtendedXMP
dataset_new_ignored/2026-09-24__oneplus/class_012__Rwanda_Gisuma/PXL_20260924_102611569.jpg,2306c4a182349400cafda475ab35150edc92dc02cd5234eeb92d9eae827ef7bd,7d5121d9ebca834f6292f99606e81f886aae40ce68adc2ddf85b6e96faac4bc8,c2164b0c0a03a79574340a482c5f357307d91daac5e196dd844275c900f0c80e,EXIF:GPS:GPSAltitude EXIF:GPS:GPSAltitudeRef EXIF:GPS:GPSDateStamp EXIF:GPS:GPSImgDirection EXIF:GPS:GPSImgDirectionRef EXIF:GPS:GPSLatitude EXIF:GPS:GPSLatitudeRef EXIF:GPS:GPSLongitude EXIF:GPS:GPSLongitudeRef EXIF:GPS:GPSTimeStamp EXIF:GPS:GPSVersionID EXIF:IFD1:Compression EXIF:IFD1:Orientation EXIF:IFD1:ResolutionUnit EXIF:IFD1:ThumbnailImage EXIF:IFD1:ThumbnailLength EXIF:IFD1:ThumbnailOffset EXIF:IFD1:XResolution EXIF:IFD1:YResolution XMP:XMP-GCamera:HdrPlusMakernote XMP:XMP-xmpNote:HasExtendedXMP
dataset_new_ignored/2026-09-24__oneplus/class_012__Rwanda_Gisuma/PXL_20260924_102640298.jpg,04a42d83c9020335aca8dead37d6154000583c5ee91ca10d4c1736ecd3a2ef9e,8a30343e73096cdc8bf74ab1d6d747be72d5d578940172dda4856fddec5ca69b,02e4754a25b37c8d49ca2e44d56e83f7c15f4ef4a111006b8edb9322f7056cde,EXIF:GPS:GPSAltitude EXIF:GPS:GPSAltitudeRef EXIF:GPS:GPSDateStamp EXIF:GPS:GPSImgDirection EXIF:GPS:GPSImgDirectionRef EXIF:GPS:GPSLatitude EXIF:GPS:GPSLatitudeRef EXIF:GPS:GPSLongitude EXIF:GPS:GPSLongitudeRef EXIF:GPS:GPSTimeStamp EXIF:GPS:GPSVersionID EXIF:IFD1:Compression EXIF:IFD1:Orientation EXIF:IFD1:ResolutionUnit EXIF:IFD1:ThumbnailImage EXIF:IFD1:ThumbnailLength EXIF:IFD1:ThumbnailOffset EXIF:IFD1:XResolution EXIF:IFD1:YResolution XMP:XMP-GCamera:HdrPlusMakernote XMP:XMP-xmpNote:HasExtendedXMP
dataset_new_ignored/2026-09-24__oneplus/class_012__Rwanda_Gisuma/PXL_20260924_102721024.jpg,c0e76e148ed1d3cd79cee1a1299e39ca450994176df768d7d491822bdb4a78b7,eb655ba3768c4fe7eb062c09c065c4c168c44afde040e41d5c4fc09a30ef9de1,8c0a2aa7286e2afc365f2425dc25c2240558f3e0616aecd1225fff24d67488af,EXIF:GPS:GPSAltitude EXIF:GPS:GPSAltitudeRef EXIF:GPS:GPSDateStamp EXIF:GPS:GPSImgDirection EXIF:GPS:GPSImgDirectionRef EXIF:GPS:GPSLatitude EXIF:GPS:GPSLatitudeRef EXIF:GPS:GPSLongitude EXIF:GPS:GPSLongitudeRef EXIF:GPS:GPSTimeStamp EXIF:GPS:GPSVersionID EXIF:IFD1:Compression EXIF:IFD1:Orientation EXIF:IFD1:ResolutionUnit EXIF:IFD1:ThumbnailImage EXIF:IFD1:ThumbnailLength EXIF:IFD1:ThumbnailOffset EXIF:IFD1:XResolution EXIF:IFD1:YResolution XMP:XMP-GCamera:HdrPlusMakernote XMP:XMP-xmpNote:HasExtendedXMP
dataset_new_ignored/2026-09-24__oneplus/class_012__Rwanda_Gisuma/PXL_20260924_102754363.jpg,6b0e36a7b888d8c42b07225bfb4d19052543a028715a4a43de4277168b03b1aa,ed9a8ffb02f946d376dd49d2db52dedc244b19cf6ca1206cb364cb8cbe39a59c,a3b22109621ca02986f217e53b8127124558657e30ee28528d5719afdcfe25a7,EXIF:GPS:GPSAltitude EXIF:GPS:GPSAltitudeRef EXIF:GPS:GPSDateStamp EXIF:GPS:GPSImgDirection EXIF:GPS:GPSImgDirectionRef EXIF:GPS:GPSLatitude EXIF:GPS:GPSLatitudeRef EXIF:GPS:GPSLongitude EXIF:GPS:GPSLongitudeRef EXIF:GPS:GPSTimeStamp EXIF:GPS:GPSVersionID EXIF:IFD1:Compression EXIF:IFD1:Orientation EXIF:IFD1:ResolutionUnit EXIF:IFD1:ThumbnailImage EXIF:IFD1:ThumbnailLength EXIF:IFD1:ThumbnailOffset EXIF:IFD1:XResolution EXIF:IFD1:YResolution XMP:XMP-GCamera:HdrPlusMakernote XMP:XMP-xmpNote:HasExtendedXMP
dataset_new_ignored/2026-09-24__oneplus/class_012__Rwanda_Gisuma/PXL_20260924_102813127.jpg,8c529235b45761e7ed0adff8ffa13403a6688ea2ea366bc8cd03b6add8c0a57b,93e1440956deea579c180055361d03a5e6e9ee84bc565ff498a1fe7bcadb8efd,faddd713658383f7895181552d306cce98fdbd0635030e2d642ed9dcd83f5162,EXIF:GPS:GPSAltitude EXIF:GPS:GPSAltitudeRef EXIF:GPS:GPSDateStamp EXIF:GPS:GPSImgDirection EXIF:GPS:GPSImgDirectionRef EXIF:GPS:GPSLatitude EXIF:GPS:GPSLatitudeRef EXIF:GPS:GPSLongitude EXIF:GPS:GPSLongitudeRef EXIF:GPS:GPSTimeStamp EXIF:GPS:GPSVersionID EXIF:IFD1:Compression EXIF:IFD1:Orientation EXIF:IFD1:ResolutionUnit EXIF:IFD1:ThumbnailImage EXIF:IFD1:ThumbnailLength EXIF:IFD1:ThumbnailOffset EXIF:IFD1:XResolution EXIF:IFD1:YResolution XMP:XMP-GCamera:HdrPlusMakernote XMP:XMP-xmpNote:HasExtendedXMP
dataset_new_ignored/2026-09-24__oneplus/class_012__Rwanda_Gisuma/PXL_20260924_102841212.jpg,98e0a5b82eb00c37dbfb9a6a09cbb9c0c87add2704cf82d2e656ec8d83aa06eb,54a839c01b9d2fa4bec32070939f83e270d074ed934bb47299e8deda2d4e3b62,c96cec9f63a969bad4cb77f5033bf7cfdda27a1967c621eced3c0dd79c40fe40,EXIF:GPS:GPSAltitude EXIF:GPS:GPSAltitudeRef EXIF:GPS:GPSDateStamp EXIF:GPS:GPSImgDirection EXIF:GPS:GPSImgDirectionRef EXIF:GPS:GPSLatitude EXIF:GPS:GPSLatitudeRef EXIF:GPS:GPSLongitude EXIF:GPS:GPSLongitudeRef EXIF:GPS:GPSTimeStamp EXIF:GPS:GPSVersionID EXIF:IFD1:Compression EXIF:IFD1:Orientation EXIF:IFD1:ResolutionUnit EXIF:IFD1:ThumbnailImage EXIF:IFD1:ThumbnailLength EXIF:IFD1:ThumbnailOffset EXIF:IFD1:XResolution EXIF:IFD1:YResolution XMP:XMP-GCamera:HdrPlusMakernote XMP:XMP-xmpNote:HasExtendedXMP
dataset_new_ignored/2026-09-24__oneplus/class_012__Rwanda_Gisuma/PXL_20260924_102907099.jpg,9519f07aa1d9154211a2e9c9e110c9b402f438fad5580b6a4a6819b9f583f161,53891ed32485fe6aaf43e495463c09397ad9edcd30b9d7fdcb6b7fcb42ab6b7a,ddd9b16a6b90bf6677bb58be104b41650a7fce780bf1befe06fcf14e5e85311f,EXIF:GPS:GPSAltitude EXIF:GPS:GPSAltitudeRef EXIF:GPS:GPSDateStamp EXIF:GPS:GPSImgDirection EXIF:GPS:GPSImgDirectionRef EXIF:GPS:GPSLatitude EXIF:GPS:GPSLatitudeRef EXIF:GPS:GPSLongitude EXIF:GPS:GPSLongitudeRef EXIF:GPS:GPSTimeStamp EXIF:GPS:GPSVersionID EXIF:IFD1:Compression EXIF:IFD1:Orientation EXIF:IFD1:ResolutionUnit EXIF:IFD1:ThumbnailImage EXIF:IFD1:ThumbnailLength EXIF:IFD1:ThumbnailOffset EXIF:IFD1:XResolution EXIF:IFD1:YResolution XMP:XMP-GCamera:HdrPlusMakernote XMP:XMP-xmpNote:HasExtendedXMP
dataset_new_ignored/2026-09-24__oneplus/class_012__Rwanda_Gisuma/PXL_20260924_102940877.jpg,aeb1e9a1ff2c071d1a5a0ad1620c144815744bf7272777d84838d4713457ad76,4122d831edb05031cb26dd0df2a5a589ff42655bd95eedd3084d33d7f6a40503,712c3ad58856ad0f968636ad0d9c6ea010ab3d95d5522bf87091d7865be43cf3,EXIF:GPS:GPSAltitude EXIF:GPS:GPSAltitudeRef EXIF:GPS:GPSDateStamp EXIF:GPS:GPSImgDirection EXIF:GPS:GPSImgDirectionRef EXIF:GPS:GPSLatitude EXIF:GPS:GPSLatitudeRef EXIF:GPS:GPSLongitude EXIF:GPS:GPSLongitudeRef EXIF:GPS:GPSTimeStamp EXIF:GPS:GPSVersionID EXIF:IFD1:Compression EXIF:IFD1:Orientation EXIF:IFD1:ResolutionUnit EXIF:IFD1:ThumbnailImage EXIF:IFD1:ThumbnailLength EXIF:IFD1:ThumbnailOffset EXIF:IFD1:XResolution EXIF:IFD1:YResolution XMP:XMP-GCamera:HdrPlusMakernote XMP:XMP-xmpNote:HasExtendedXMP
dataset_new_ignored/2026-09-24__oneplus/class_012__Rwanda_Gisuma/PXL_20260924_103026914.jpg,91badd1234a50e57cf4b074e8ea76ae5d61b86f290383503185126d8bad4cd39,989549bf77ab92b1e180217778e78b9930c93f355fc35e99898b884d136c9542,a982961534901fb9e51e9a0efe18817c55ade5cc7fdf312eae621fdd56d31cb3,EXIF:GPS:GPSAltitude EXIF:GPS:GPSAltitudeRef EXIF:GPS:GPSDateStamp EXIF:GPS:GPSImgDirection EXIF:GPS:GPSImgDirectionRef EXIF:GPS:GPSLatitude EXIF:GPS:GPSLatitudeRef EXIF:GPS:GPSLongitude EXIF:GPS:GPSLongitudeRef EXIF:GPS:GPSTimeStamp EXIF:GPS:GPSVersionID EXIF:IFD1:Compression EXIF:IFD1:Orientation EXIF:IFD1:ResolutionUnit EXIF:IFD1:ThumbnailImage EXIF:IFD1:ThumbnailLength EXIF:IFD1:ThumbnailOffset EXIF:IFD1:XResolution EXIF:IFD1:YResolution XMP:XMP-GCamera:HdrPlusMakernote XMP:XMP-xmpNote:HasExtendedXMP
dataset_new_ignored/2026-09-24__oneplus/class_012__Rwanda_Gisuma/PXL_20260924_103114778.jpg,a722ab0b10667676502328602a609c758d484afe1edb8a69f8172a4fdf49adac,355d96569858a0bc955718cb1f4e09f94ac0f1a5673818548d17a97d17d83090,95d6380462b4063df049d02fa8ec633853310d1a96d12f5e6c752016fefb5d1c,EXIF:GPS:GPSAltitude EXIF:GPS:GPSAltitudeRef EXIF:GPS:GPSDateStamp EXIF:GPS:GPSImgDirection EXIF:GPS:GPSImgDirectionRef EXIF:GPS:GPSLatitude EXIF:GPS:GPSLatitudeRef EXIF:GPS:GPSLongitude EXIF:GPS:GPSLongitudeRef EXIF:GPS:GPSTimeStamp EXIF:GPS:GPSVersionID EXIF:IFD1:Compression EXIF:IFD1:Orientation EXIF:IFD1:ResolutionUnit EXIF:IFD1:ThumbnailImage EXIF:IFD1:ThumbnailLength EXIF:IFD1:ThumbnailOffset EXIF:IFD1:XResolution EXIF:IFD1:YResolution XMP:XMP-GCamera:HdrPlusMakernote XMP:XMP-xmpNote:HasExtendedXMP
dataset_new_ignored/2026-09-24__oneplus/class_012__Rwanda_Gisuma/PXL_20260924_103135174.jpg,f19356fed7c5d4bd2dc7ab2666d8963a28df20fe8e6ff073c277ed341a4f3611,0b1be1945cccc01d4e17b5dcc26af338921b1b682b2b5399367bc98a6306a285,40bc45833907d035147c21a4fc4a62a74c3438bbf4dc550ab97c52c69ebf3164,EXIF:GPS:GPSAltitude EXIF:GPS:GPSAltitudeRef EXIF:GPS:GPSDateStamp EXIF:GPS:GPSImgDirection EXIF:GPS:GPSImgDirectionRef EXIF:GPS:GPSLatitude EXIF:GPS:GPSLatitudeRef EXIF:GPS:GPSLongitude EXIF:GPS:GPSLongitudeRef EXIF:GPS:GPSTimeStamp EXIF:GPS:GPSVersionID EXIF:IFD1:Compression EXIF:IFD1:Orientation EXIF:IFD1:ResolutionUnit EXIF:IFD1:ThumbnailImage EXIF:IFD1:ThumbnailLength EXIF:IFD1:ThumbnailOffset EXIF:IFD1:XResolution EXIF:IFD1:YResolution XMP:XMP-GCamera:HdrPlusMakernote XMP:XMP-xmpNote:HasExtendedXMP
dataset_new_ignored/2026-09-24__oneplus/class_012__Rwanda_Gisuma/PXL_20260924_103206295.jpg,234a17b8ad2d958303331beea006967a812df38aaa633b61f2030aa587d1c09f,07956f025f861ef71481c9b64098def5ba38cd1188448cd50927c9436aed41c9,7b6957694da93a26592b22be4b6cbdf99d5a9e835b9ecb35adb47b3659ecbe94,EXIF:GPS:GPSAltitude EXIF:GPS:GPSAltitudeRef EXIF:GPS:GPSDateStamp EXIF:GPS:GPSImgDirection EXIF:GPS:GPSImgDirectionRef EXIF:GPS:GPSLatitude EXIF:GPS:GPSLatitudeRef EXIF:GPS:GPSLongitude EXIF:GPS:GPSLongitudeRef EXIF:GPS:GPSTimeStamp EXIF:GPS:GPSVersionID EXIF:IFD1:Compression EXIF:IFD1:Orientation EXIF:IFD1:ResolutionUnit EXIF:IFD1:ThumbnailImage EXIF:IFD1:ThumbnailLength EXIF:IFD1:ThumbnailOffset EXIF:IFD1:XResolution EXIF:IFD1:YResolution XMP:XMP-GCamera:HdrPlusMakernote XMP:XMP-xmpNote:HasExtendedXMP
dataset_new_ignored/2026-09-24__oneplus/class_012__Rwanda_Gisuma/PXL_20260924_103305714.jpg,f73c61f20621b59afb1eaa1b8dd460584f1cbfa6d4acadd5547c69fcee47b136,8c021a11d639ae007c43839dae412e22f7363a5b2f56b3f7000161418d872a53,a6059b4eada4340a255edda0c106083a96d11cea2a5d8b493554e3f662c9ca96,EXIF:GPS:GPSAltitude EXIF:GPS:GPSAltitudeRef EXIF:GPS:GPSDateStamp EXIF:GPS:GPSImgDirection EXIF:GPS:GPSImgDirectionRef EXIF:GPS:GPSLatitude EXIF:GPS:GPSLatitudeRef EXIF:GPS:GPSLongitude EXIF:GPS:GPSLongitudeRef EXIF:GPS:GPSTimeStamp EXIF:GPS:GPSVersionID EXIF:IFD1:Compression EXIF:IFD1:Orientation EXIF:IFD1:ResolutionUnit EXIF:IFD1:ThumbnailImage EXIF:IFD1:ThumbnailLength EXIF:IFD1:ThumbnailOffset EXIF:IFD1:XResolution EXIF:IFD1:YResolution XMP:XMP-GCamera:HdrPlusMakernote XMP:XMP-xmpNote:HasExtendedXMP
dataset_new_ignored/2026-09-24__oneplus/class_012__Rwanda_Gisuma/PXL_20260924_103336653.jpg,c90ce384d5fc427c38b00f40ac325c5b3f65d9a2fa517701600e94c23327222c,fdeea607e025fbf826c8b73d6fa79c8cf0df220eb3169b509f9304caf7084572,1036d9215bef39d7d4a9ea76a6b7ca598ef83854c1550ee1cf89704b6dbfbc2d,EXIF:GPS:GPSAltitude EXIF:GPS:GPSAltitudeRef EXIF:GPS:GPSDateStamp EXIF:GPS:GPSImgDirection EXIF:GPS:GPSImgDirectionRef EXIF:GPS:GPSLatitude EXIF:GPS:GPSLatitudeRef EXIF:GPS:GPSLongitude EXIF:GPS:GPSLongitudeRef EXIF:GPS:GPSTimeStamp EXIF:GPS:GPSVersionID EXIF:IFD1:Compression EXIF:IFD1:Orientation EXIF:IFD1:ResolutionUnit EXIF:IFD1:ThumbnailImage EXIF:IFD1:ThumbnailLength EXIF:IFD1:ThumbnailOffset EXIF:IFD1:XResolution EXIF:IFD1:YResolution XMP:XMP-GCamera:HdrPlusMakernote XMP:XMP-xmpNote:HasExtendedXMP
dataset_new_ignored/2026-09-24__oneplus/class_012__Rwanda_Gisuma/PXL_20260924_103427011.jpg,d68167f90c1d193f9e9b48c19621359c3049a4a0e89f339e0c3efdbd357c7874,68bdf16c562cd101b7744641b9dd59267cb708d731ae7ef76a371fb06eb4c2b1,be19866373d317ac576757df958eff277b8be65d88f0a3b1c9b4430d7a5ee3c9,EXIF:GPS:GPSAltitude EXIF:GPS:GPSAltitudeRef EXIF:GPS:GPSDateStamp EXIF:GPS:GPSImgDirection EXIF:GPS:GPSImgDirectionRef EXIF:GPS:GPSLatitude EXIF:GPS:GPSLatitudeRef EXIF:GPS:GPSLongitude EXIF:GPS:GPSLongitudeRef EXIF:GPS:GPSTimeStamp EXIF:GPS:GPSVersionID EXIF:IFD1:Compression EXIF:IFD1:Orientation EXIF:IFD1:ResolutionUnit EXIF:IFD1:ThumbnailImage EXIF:IFD1:ThumbnailLength EXIF:IFD1:ThumbnailOffset EXIF:IFD1:XResolution EXIF:IFD1:YResolution XMP:XMP-GCamera:HdrPlusMakernote XMP:XMP-xmpNote:HasExtendedXMP
dataset_new_ignored/2026-09-24__oneplus/class_012__Rwanda_Gisuma/PXL_20260924_103614873.jpg,0d4238fe2220648f2719b38127c50fb16f49434bcb49624c7fe9a803de58be98,ba2009f9016e25cb3c566cf334c40e0678a1a87afbbdc76739b66d54ff067f29,92cff618451d8170f99e874cc6bfe3425ee370e3ff0f01346bc3f43f71133e92,EXIF:GPS:GPSAltitude EXIF:GPS:GPSAltitudeRef EXIF:GPS:GPSDateStamp EXIF:GPS:GPSImgDirection EXIF:GPS:GPSImgDirectionRef EXIF:GPS:GPSLatitude EXIF:GPS:GPSLatitudeRef EXIF:GPS:GPSLongitude EXIF:GPS:GPSLongitudeRef EXIF:GPS:GPSTimeStamp EXIF:GPS:GPSVersionID EXIF:IFD1:Compression EXIF:IFD1:Orientation EXIF:IFD1:ResolutionUnit EXIF:IFD1:ThumbnailImage EXIF:IFD1:ThumbnailLength EXIF:IFD1:ThumbnailOffset EXIF:IFD1:XResolution EXIF:IFD1:YResolution XMP:XMP-GCamera:HdrPlusMakernote XMP:XMP-xmpNote:HasExtendedXMP
dataset_new_ignored/2026-09-24__oneplus/class_012__Rwanda_Gisuma/PXL_20260924_103653328.jpg,42cc8b2063e60781ba96950b1d38ef0b571a9bd0acd13155032ae9878776e28e,4907bb3f8aab7dda55b7e78905e2e39fd250e3d200108d761590f0036e71cbf9,3298cc0d75ea4bc14ee8858db8b02c22daa054d0b2f27e8f3df81eeb03856106,EXIF:GPS:GPSAltitude EXIF:GPS:GPSAltitudeRef EXIF:GPS:GPSDateStamp EXIF:GPS:GPSImgDirection EXIF:GPS:GPSImgDirectionRef EXIF:GPS:GPSLatitude EXIF:GPS:GPSLatitudeRef EXIF:GPS:GPSLongitude EXIF:GPS:GPSLongitudeRef EXIF:GPS:GPSTimeStamp EXIF:GPS:GPSVersionID EXIF:IFD1:Compression EXIF:IFD1:Orientation EXIF:IFD1:ResolutionUnit EXIF:IFD1:ThumbnailImage EXIF:IFD1:ThumbnailLength EXIF:IFD1:ThumbnailOffset EXIF:IFD1:XResolution EXIF:IFD1:YResolution XMP:XMP-GCamera:HdrPlusMakernote XMP:XMP-xmpNote:HasExtendedXMP
dataset_new_ignored/2026-09-24__oneplus/class_012__Rwanda_Gisuma/PXL_20260924_103720480.jpg,23f72a0c99dfdcaa4793166db955ca12bedc0e11531c52327ab483a63afee972,da7f58968b6b2fb77bedf79eb062a93d460db77a0299506cbcc171623a8f24dd,6846ef3fefa6a763b8aa7e46d4e4c3283ce07f16edd23e30d246b91be0a879a9,EXIF:GPS:GPSAltitude EXIF:GPS:GPSAltitudeRef EXIF:GPS:GPSDateStamp EXIF:GPS:GPSImgDirection EXIF:GPS:GPSImgDirectionRef EXIF:GPS:GPSLatitude EXIF:GPS:GPSLatitudeRef EXIF:GPS:GPSLongitude EXIF:GPS:GPSLongitudeRef EXIF:GPS:GPSTimeStamp EXIF:GPS:GPSVersionID EXIF:IFD1:Compression EXIF:IFD1:Orientation EXIF:IFD1:ResolutionUnit EXIF:IFD1:ThumbnailImage EXIF:IFD1:ThumbnailLength EXIF:IFD1:ThumbnailOffset EXIF:IFD1:XResolution EXIF:IFD1:YResolution XMP:XMP-GCamera:HdrPlusMakernote XMP:XMP-xmpNote:HasExtendedXMP
dataset_new_ignored/2026-09-24__oneplus/class_012__Rwanda_Gisuma/PXL_20260924_103804228.jpg,612e41afa4501895dc4f1516e78c8adc4fb914d68586dc3b67e38eadff3f488a,39ac375d6618ee72a6144ae963dd0c0422a2c2f7055f4b64b5d3ab9ad10627da,a98c6f26bd360e9b2b71c73b4148d41c2deba0435c2132ec892fdb64361e7f53,EXIF:GPS:GPSAltitude EXIF:GPS:GPSAltitudeRef EXIF:GPS:GPSDateStamp EXIF:GPS:GPSImgDirection EXIF:GPS:GPSImgDirectionRef EXIF:GPS:GPSLatitude EXIF:GPS:GPSLatitudeRef EXIF:GPS:GPSLongitude EXIF:GPS:GPSLongitudeRef EXIF:GPS:GPSTimeStamp EXIF:GPS:GPSVersionID EXIF:IFD1:Compression EXIF:IFD1:Orientation EXIF:IFD1:ResolutionUnit EXIF:IFD1:ThumbnailImage EXIF:IFD1:ThumbnailLength EXIF:IFD1:ThumbnailOffset EXIF:IFD1:XResolution EXIF:IFD1:YResolution XMP:XMP-GCamera:HdrPlusMakernote XMP:XMP-xmpNote:HasExtendedXMP
dataset_new_ignored/2026-09-24__oneplus/class_012__Rwanda_Gisuma/PXL_20260924_103843746.jpg,dd9dfa60ae46c6cf2077343903d75b1ddd1cafc52f4f1b7371626f4afe92224c,8472fda08d7493576586ad987b3f314210eb3c25719c2496331024a30f2600be,2f5506ad0144f5aa58b1d187dad726359235a0bfb3b0106fbdd52a7f3e4f1571,EXIF:GPS:GPSAltitude EXIF:GPS:GPSAltitudeRef EXIF:GPS:GPSDateStamp EXIF:GPS:GPSImgDirection EXIF:GPS:GPSImgDirectionRef EXIF:GPS:GPSLatitude EXIF:GPS:GPSLatitudeRef EXIF:GPS:GPSLongitude EXIF:GPS:GPSLongitudeRef EXIF:GPS:GPSTimeStamp EXIF:GPS:GPSVersionID EXIF:IFD1:Compression EXIF:IFD1:Orientation EXIF:IFD1:ResolutionUnit EXIF:IFD1:ThumbnailImage EXIF:IFD1:ThumbnailLength EXIF:IFD1:ThumbnailOffset EXIF:IFD1:XResolution EXIF:IFD1:YResolution XMP:XMP-GCamera:HdrPlusMakernote XMP:XMP-xmpNote:HasExtendedXMP
dataset_new_ignored/2026-09-24__oneplus/class_012__Rwanda_Gisuma/PXL_20260924_103948127.jpg,183a1896587804953ddfd60d1aa03a07d95d3d88ce75ce4f32ddb581454e126d,04b29b57034ee30119c694fa631303f60eee46b550e11518c732f25afe67c22d,189bd3327110ce97d28396ff0b068d62ee854f13b5d05426a60c568e18a99180,EXIF:GPS:GPSAltitude EXIF:GPS:GPSAltitudeRef EXIF:GPS:GPSDateStamp EXIF:GPS:GPSImgDirection EXIF:GPS:GPSImgDirectionRef EXIF:GPS:GPSLatitude EXIF:GPS:GPSLatitudeRef EXIF:GPS:GPSLongitude EXIF:GPS:GPSLongitudeRef EXIF:GPS:GPSTimeStamp EXIF:GPS:GPSVersionID EXIF:IFD1:Compression EXIF:IFD1:Orientation EXIF:IFD1:ResolutionUnit EXIF:IFD1:ThumbnailImage EXIF:IFD1:ThumbnailLength EXIF:IFD1:ThumbnailOffset EXIF:IFD1:XResolution EXIF:IFD1:YResolution XMP:XMP-GCamera:HdrPlusMakernote XMP:XMP-xmpNote:HasExtendedXMP
dataset_new_ignored/2026-09-24__oneplus/class_012__Rwanda_Gisuma/PXL_20260924_104055590.jpg,901d51f80510d55a5bb80ab821f734df120e51240028fa55ba8c4f41368660c2,fc41665269d83918b131acdef5aab752f2fbb5024f06bd656085b6ce040d81bd,c9ce73c3334eaa41dc1e14d8b0236f5f2b010f5f8f6d7c851ee600cf4833c496,EXIF:GPS:GPSAltitude EXIF:GPS:GPSAltitudeRef EXIF:GPS:GPSDateStamp EXIF:GPS:GPSImgDirection EXIF:GPS:GPSImgDirectionRef EXIF:GPS:GPSLatitude EXIF:GPS:GPSLatitudeRef EXIF:GPS:GPSLongitude EXIF:GPS:GPSLongitudeRef EXIF:GPS:GPSTimeStamp EXIF:GPS:GPSVersionID EXIF:IFD1:Compression EXIF:IFD1:Orientation EXIF:IFD1:ResolutionUnit EXIF:IFD1:ThumbnailImage EXIF:IFD1:ThumbnailLength EXIF:IFD1:ThumbnailOffset EXIF:IFD1:XResolution EXIF:IFD1:YResolution XMP:XMP-GCamera:HdrPlusMakernote XMP:XMP-xmpNote:HasExtendedXMP
dataset_new_ignored/2026-09-24__oneplus/class_012__Rwanda_Gisuma/PXL_20260924_104125771.jpg,fca86a321f95a53c0af76b6c83b6e9e1e52efc94e559592d96af8d603a89e911,deac498fc8531099047834fbb4092766f2995b48a12effe3f0e366eac943bba6,a37b5446ef6694bf84822084fe445843227e9dc5435134bb9eacb0b3aba52305,EXIF:GPS:GPSAltitude EXIF:GPS:GPSAltitudeRef EXIF:GPS:GPSDateStamp EXIF:GPS:GPSImgDirection EXIF:GPS:GPSImgDirectionRef EXIF:GPS:GPSLatitude EXIF:GPS:GPSLatitudeRef EXIF:GPS:GPSLongitude EXIF:GPS:GPSLongitudeRef EXIF:GPS:GPSTimeStamp EXIF:GPS:GPSVersionID EXIF:IFD1:Compression EXIF:IFD1:Orientation EXIF:IFD1:ResolutionUnit EXIF:IFD1:ThumbnailImage EXIF:IFD1:ThumbnailLength EXIF:IFD1:ThumbnailOffset EXIF:IFD1:XResolution EXIF:IFD1:YResolution XMP:XMP-GCamera:HdrPlusMakernote XMP:XMP-xmpNote:HasExtendedXMP
dataset_new_ignored/2026-09-24__oneplus/class_012__Rwanda_Gisuma/PXL_20260924_104146221.jpg,ce5604b215e7b9fc496907395e1f4953f134b8c12d2cd797c565bafb9a231e69,764ae2c0981a323a94dbc1edb7d7d95ab33bf436c39d78bf4e77b7b9796b2c6a,6787d676239876caf1e799565cd6754ec325f69d79b1b7dd3ee8fd15a3288c9a,EXIF:GPS:GPSAltitude EXIF:GPS:GPSAltitudeRef EXIF:GPS:GPSDateStamp EXIF:GPS:GPSImgDirection EXIF:GPS:GPSImgDirectionRef EXIF:GPS:GPSLatitude EXIF:GPS:GPSLatitudeRef EXIF:GPS:GPSLongitude EXIF:GPS:GPSLongitudeRef EXIF:GPS:GPSTimeStamp EXIF:GPS:GPSVersionID EXIF:IFD1:Compression EXIF:IFD1:Orientation EXIF:IFD1:ResolutionUnit EXIF:IFD1:ThumbnailImage EXIF:IFD1:ThumbnailLength EXIF:IFD1:ThumbnailOffset EXIF:IFD1:XResolution EXIF:IFD1:YResolution XMP:XMP-GCamera:HdrPlusMakernote XMP:XMP-xmpNote:HasExtendedXMP
dataset_new_ignored/2026-09-24__oneplus/class_012__Rwanda_Gisuma/PXL_20260924_104154289.jpg,4a2a245ba6a5fa0a8385239144793d1f532e9eb79f82929207b2706318d8d877,276843db0eec00fc03fca39cb208424203aae94781f1a826740712f8e65c1c17,cf4b41f2373086be2a151ce9460eeb567d44652c0dca30322fce2207211e6013,EXIF:GPS:GPSAltitude EXIF:GPS:GPSAltitudeRef EXIF:GPS:GPSDateStamp EXIF:GPS:GPSImgDirection EXIF:GPS:GPSImgDirectionRef EXIF:GPS:GPSLatitude EXIF:GPS:GPSLatitudeRef EXIF:GPS:GPSLongitude EXIF:GPS:GPSLongitudeRef EXIF:GPS:GPSTimeStamp EXIF:GPS:GPSVersionID EXIF:IFD1:Compression EXIF:IFD1:Orientation EXIF:IFD1:ResolutionUnit EXIF:IFD1:ThumbnailImage EXIF:IFD1:ThumbnailLength EXIF:IFD1:ThumbnailOffset EXIF:IFD1:XResolution EXIF:IFD1:YResolution XMP:XMP-GCamera:HdrPlusMakernote XMP:XMP-xmpNote:HasExtendedXMP
dataset_new_ignored/2026-09-24__pixel/class_011__Peru_Minca/PXL_20260924_123010061.jpg,12c00af71f4be2e6cd4e3b5549254e0ecf921bd9586fe38a92f5270b37d0ee35,e5d49b24b42d2171f2da167225b7eb8068b98af01ca8556c8f361b44a6dccee4,4dfb3dffc73e337af621c515ffb2bdf9feb18e9c9311a9a7e4360ef7766e84ba,EXIF:GPS:GPSAltitude EXIF:GPS:GPSAltitudeRef EXIF:GPS:GPSDateStamp EXIF:GPS:GPSImgDirection EXIF:GPS:GPSImgDirectionRef EXIF:GPS:GPSLatitude EXIF:GPS:GPSLatitudeRef EXIF:GPS:GPSLongitude EXIF:GPS:GPSLongitudeRef EXIF:GPS:GPSTimeStamp EXIF:GPS:GPSVersionID EXIF:IFD1:Compression EXIF:IFD1:Orientation EXIF:IFD1:ResolutionUnit EXIF:IFD1:ThumbnailImage EXIF:IFD1:ThumbnailLength EXIF:IFD1:ThumbnailOffset EXIF:IFD1:XResolution EXIF:IFD1:YResolution JUMBF:CBOR:ActionsAction JUMBF:CBOR:ActionsDescription JUMBF:CBOR:ActionsDigitalSourceType JUMBF:CBOR:Alg JUMBF:CBOR:Claim_Generator_InfoName JUMBF:CBOR:Claim_Generator_InfoVersion JUMBF:CBOR:Created_AssertionsHash JUMBF:CBOR:Created_AssertionsUrl JUMBF:CBOR:ExclusionsLength JUMBF:CBOR:ExclusionsStart JUMBF:CBOR:Hash JUMBF:CBOR:InstanceID JUMBF:CBOR:Item0 JUMBF:CBOR:Item1Pad JUMBF:CBOR:Item1Pad2 JUMBF:CBOR:Item1SigTst2TstTokensVal JUMBF:CBOR:Item2 JUMBF:CBOR:Item3 JUMBF:CBOR:Pad JUMBF:CBOR:Pad2 JUMBF:CBOR:PartsHashAssertionHash JUMBF:CBOR:PartsHashAssertionUrl JUMBF:CBOR:PartsLocationByteOffset JUMBF:CBOR:PartsLocationLength JUMBF:CBOR:PartsOptional JUMBF:CBOR:Signature JUMBF:JUMDLabel JUMBF:JUMDToggles JUMBF:JUMDType XMP:XMP-GCamera:HdrPlusMakernote XMP:XMP-xmpNote:HasExtendedXMP
dataset_new_ignored/2026-09-24__pixel/class_011__Peru_Minca/PXL_20260924_123018340.jpg,e97a1fb649ed2016620b7f19da32e809a89d25f60ba9f149c7ff9f13ae3277d9,d2e63b84ee6a376c96cb71b034532b60b22845bbcd3bf084004ab9e25456edb4,4b6ef57f69efa6867ba1f7e1e558b60cd669a281f164cad8eb8fd5682c588fb2,EXIF:GPS:GPSAltitude EXIF:GPS:GPSAltitudeRef EXIF:GPS:GPSDateStamp EXIF:GPS:GPSImgDirection EXIF:GPS:GPSImgDirectionRef EXIF:GPS:GPSLatitude EXIF:GPS:GPSLatitudeRef EXIF:GPS:GPSLongitude EXIF:GPS:GPSLongitudeRef EXIF:GPS:GPSTimeStamp EXIF:GPS:GPSVersionID EXIF:IFD1:Compression EXIF:IFD1:Orientation EXIF:IFD1:ResolutionUnit EXIF:IFD1:ThumbnailImage EXIF:IFD1:ThumbnailLength EXIF:IFD1:ThumbnailOffset EXIF:IFD1:XResolution EXIF:IFD1:YResolution JUMBF:CBOR:ActionsAction JUMBF:CBOR:ActionsDescription JUMBF:CBOR:ActionsDigitalSourceType JUMBF:CBOR:Alg JUMBF:CBOR:Claim_Generator_InfoName JUMBF:CBOR:Claim_Generator_InfoVersion JUMBF:CBOR:Created_AssertionsHash JUMBF:CBOR:Created_AssertionsUrl JUMBF:CBOR:ExclusionsLength JUMBF:CBOR:ExclusionsStart JUMBF:CBOR:Hash JUMBF:CBOR:InstanceID JUMBF:CBOR:Item0 JUMBF:CBOR:Item1Pad JUMBF:CBOR:Item1Pad2 JUMBF:CBOR:Item1SigTst2TstTokensVal JUMBF:CBOR:Item2 JUMBF:CBOR:Item3 JUMBF:CBOR:Pad JUMBF:CBOR:Pad2 JUMBF:CBOR:PartsHashAssertionHash JUMBF:CBOR:PartsHashAssertionUrl JUMBF:CBOR:PartsLocationByteOffset JUMBF:CBOR:PartsLocationLength JUMBF:CBOR:PartsOptional JUMBF:CBOR:Signature JUMBF:JUMDLabel JUMBF:JUMDToggles JUMBF:JUMDType XMP:XMP-GCamera:HdrPlusMakernote XMP:XMP-xmpNote:HasExtendedXMP
dataset_new_ignored/2026-09-24__pixel/class_011__Peru_Minca/PXL_20260924_123038808.jpg,ec03f34aaef4cb4ccb8edaffbcf6dbc3a179845289a2feaca2a8d1512f7210af,0bf1f62226383658990775ef41c2f3f11d6b2fd9163302ffdb8965137f5a6550,8552414c672b05d9c83f750275c4feff4fc38da1b79b9b2625591921adfc6e50,EXIF:GPS:GPSAltitude EXIF:GPS:GPSAltitudeRef EXIF:GPS:GPSDateStamp EXIF:GPS:GPSImgDirection EXIF:GPS:GPSImgDirectionRef EXIF:GPS:GPSLatitude EXIF:GPS:GPSLatitudeRef EXIF:GPS:GPSLongitude EXIF:GPS:GPSLongitudeRef EXIF:GPS:GPSTimeStamp EXIF:GPS:GPSVersionID EXIF:IFD1:Compression EXIF:IFD1:Orientation EXIF:IFD1:ResolutionUnit EXIF:IFD1:ThumbnailImage EXIF:IFD1:ThumbnailLength EXIF:IFD1:ThumbnailOffset EXIF:IFD1:XResolution EXIF:IFD1:YResolution JUMBF:CBOR:ActionsAction JUMBF:CBOR:ActionsDescription JUMBF:CBOR:ActionsDigitalSourceType JUMBF:CBOR:Alg JUMBF:CBOR:Claim_Generator_InfoName JUMBF:CBOR:Claim_Generator_InfoVersion JUMBF:CBOR:Created_AssertionsHash JUMBF:CBOR:Created_AssertionsUrl JUMBF:CBOR:ExclusionsLength JUMBF:CBOR:ExclusionsStart JUMBF:CBOR:Hash JUMBF:CBOR:InstanceID JUMBF:CBOR:Item0 JUMBF:CBOR:Item1Pad JUMBF:CBOR:Item1Pad2 JUMBF:CBOR:Item1SigTst2TstTokensVal JUMBF:CBOR:Item2 JUMBF:CBOR:Item3 JUMBF:CBOR:Pad JUMBF:CBOR:Pad2 JUMBF:CBOR:PartsHashAssertionHash JUMBF:CBOR:PartsHashAssertionUrl JUMBF:CBOR:PartsLocationByteOffset JUMBF:CBOR:PartsLocationLength JUMBF:CBOR:PartsOptional JUMBF:CBOR:Signature JUMBF:JUMDLabel JUMBF:JUMDToggles JUMBF:JUMDType XMP:XMP-GCamera:HdrPlusMakernote XMP:XMP-xmpNote:HasExtendedXMP
dataset_new_ignored/2026-09-24__pixel/class_011__Peru_Minca/PXL_20260924_123051505.jpg,6d94a760f7d619c5b15c5bcfcdc908053d3151eb4cf6fe34a33456939ce8241d,cba69425f37e29255dbe261b5d222b6766ae367ee5c9126e4fdb130720877712,4187e7304da03a4dd4d0c1c938c4942bba18999bba2ced75a51c47bc552e6171,EXIF:GPS:GPSAltitude EXIF:GPS:GPSAltitudeRef EXIF:GPS:GPSDateStamp EXIF:GPS:GPSImgDirection EXIF:GPS:GPSImgDirectionRef EXIF:GPS:GPSLatitude EXIF:GPS:GPSLatitudeRef EXIF:GPS:GPSLongitude EXIF:GPS:GPSLongitudeRef EXIF:GPS:GPSTimeStamp EXIF:GPS:GPSVersionID EXIF:IFD1:Compression EXIF:IFD1:Orientation EXIF:IFD1:ResolutionUnit EXIF:IFD1:ThumbnailImage EXIF:IFD1:ThumbnailLength EXIF:IFD1:ThumbnailOffset EXIF:IFD1:XResolution EXIF:IFD1:YResolution JUMBF:CBOR:ActionsAction JUMBF:CBOR:ActionsDescription JUMBF:CBOR:ActionsDigitalSourceType JUMBF:CBOR:Alg JUMBF:CBOR:Claim_Generator_InfoName JUMBF:CBOR:Claim_Generator_InfoVersion JUMBF:CBOR:Created_AssertionsHash JUMBF:CBOR:Created_AssertionsUrl JUMBF:CBOR:ExclusionsLength JUMBF:CBOR:ExclusionsStart JUMBF:CBOR:Hash JUMBF:CBOR:InstanceID JUMBF:CBOR:Item0 JUMBF:CBOR:Item1Pad JUMBF:CBOR:Item1Pad2 JUMBF:CBOR:Item1SigTst2TstTokensVal JUMBF:CBOR:Item2 JUMBF:CBOR:Item3 JUMBF:CBOR:Pad JUMBF:CBOR:Pad2 JUMBF:CBOR:PartsHashAssertionHash JUMBF:CBOR:PartsHashAssertionUrl JUMBF:CBOR:PartsLocationByteOffset JUMBF:CBOR:PartsLocationLength JUMBF:CBOR:PartsOptional JUMBF:CBOR:Signature JUMBF:JUMDLabel JUMBF:JUMDToggles JUMBF:JUMDType XMP:XMP-GCamera:HdrPlusMakernote XMP:XMP-xmpNote:HasExtendedXMP
dataset_new_ignored/2026-09-24__pixel/class_011__Peru_Minca/PXL_20260924_123128657.jpg,83f21fb7b8211d738e9e1c1bb6e20b734500e7aee6e2afd195d27a33ee008c47,ba0f0960d2dc0a9f3c5ed5daa8fd3dc9696645c1e66959df8e40535dd996dd56,b586cdbba215aa94b6da4679995f81c0c6565fe25ea18cb1ee1559907e9536da,EXIF:GPS:GPSAltitude EXIF:GPS:GPSAltitudeRef EXIF:GPS:GPSDateStamp EXIF:GPS:GPSImgDirection EXIF:GPS:GPSImgDirectionRef EXIF:GPS:GPSLatitude EXIF:GPS:GPSLatitudeRef EXIF:GPS:GPSLongitude EXIF:GPS:GPSLongitudeRef EXIF:GPS:GPSTimeStamp EXIF:GPS:GPSVersionID EXIF:IFD1:Compression EXIF:IFD1:Orientation EXIF:IFD1:ResolutionUnit EXIF:IFD1:ThumbnailImage EXIF:IFD1:ThumbnailLength EXIF:IFD1:ThumbnailOffset EXIF:IFD1:XResolution EXIF:IFD1:YResolution JUMBF:CBOR:ActionsAction JUMBF:CBOR:ActionsDescription JUMBF:CBOR:ActionsDigitalSourceType JUMBF:CBOR:Alg JUMBF:CBOR:Claim_Generator_InfoName JUMBF:CBOR:Claim_Generator_InfoVersion JUMBF:CBOR:Created_AssertionsHash JUMBF:CBOR:Created_AssertionsUrl JUMBF:CBOR:ExclusionsLength JUMBF:CBOR:ExclusionsStart JUMBF:CBOR:Hash JUMBF:CBOR:InstanceID JUMBF:CBOR:Item0 JUMBF:CBOR:Item1Pad JUMBF:CBOR:Item1Pad2 JUMBF:CBOR:Item1SigTst2TstTokensVal JUMBF:CBOR:Item2 JUMBF:CBOR:Item3 JUMBF:CBOR:Pad JUMBF:CBOR:Pad2 JUMBF:CBOR:PartsHashAssertionHash JUMBF:CBOR:PartsHashAssertionUrl JUMBF:CBOR:PartsLocationByteOffset JUMBF:CBOR:PartsLocationLength JUMBF:CBOR:PartsOptional JUMBF:CBOR:Signature JUMBF:JUMDLabel JUMBF:JUMDToggles JUMBF:JUMDType XMP:XMP-GCamera:HdrPlusMakernote XMP:XMP-xmpNote:HasExtendedXMP
dataset_new_ignored/2026-09-24__pixel/class_011__Peru_Minca/PXL_20260924_123200805.jpg,3b69f07c5865e902b80af3cd53bed2cc25103bfad4423eead152e12a6ed2461d,04aaa4b6593a85846197c7f7eef04dbe2ffb5212fbe1780dae3bbbf04b1d5a37,d4ef86f569207bc0aba929b82096d686576ee2b1030ae2d8555411c8f4231403,EXIF:GPS:GPSAltitude EXIF:GPS:GPSAltitudeRef EXIF:GPS:GPSDateStamp EXIF:GPS:GPSImgDirection EXIF:GPS:GPSImgDirectionRef EXIF:GPS:GPSLatitude EXIF:GPS:GPSLatitudeRef EXIF:GPS:GPSLongitude EXIF:GPS:GPSLongitudeRef EXIF:GPS:GPSTimeStamp EXIF:GPS:GPSVersionID EXIF:IFD1:Compression EXIF:IFD1:Orientation EXIF:IFD1:ResolutionUnit EXIF:IFD1:ThumbnailImage EXIF:IFD1:ThumbnailLength EXIF:IFD1:ThumbnailOffset EXIF:IFD1:XResolution EXIF:IFD1:YResolution JUMBF:CBOR:ActionsAction JUMBF:CBOR:ActionsDescription JUMBF:CBOR:ActionsDigitalSourceType JUMBF:CBOR:Alg JUMBF:CBOR:Claim_Generator_InfoName JUMBF:CBOR:Claim_Generator_InfoVersion JUMBF:CBOR:Created_AssertionsHash JUMBF:CBOR:Created_AssertionsUrl JUMBF:CBOR:ExclusionsLength JUMBF:CBOR:ExclusionsStart JUMBF:CBOR:Hash JUMBF:CBOR:InstanceID JUMBF:CBOR:Item0 JUMBF:CBOR:Item1Pad JUMBF:CBOR:Item1Pad2 JUMBF:CBOR:Item1SigTst2TstTokensVal JUMBF:CBOR:Item2 JUMBF:CBOR:Item3 JUMBF:CBOR:Pad JUMBF:CBOR:Pad2 JUMBF:CBOR:PartsHashAssertionHash JUMBF:CBOR:PartsHashAssertionUrl JUMBF:CBOR:PartsLocationByteOffset JUMBF:CBOR:PartsLocationLength JUMBF:CBOR:PartsOptional JUMBF:CBOR:Signature JUMBF:JUMDLabel JUMBF:JUMDToggles JUMBF:JUMDType XMP:XMP-GCamera:HdrPlusMakernote XMP:XMP-xmpNote:HasExtendedXMP
dataset_new_ignored/2026-09-24__pixel/class_011__Peru_Minca/PXL_20260924_123221170.jpg,751657224b9d24c1b4f05b9fb860a44da4dfa849aa680f275b6be951bc9daf5f,a046b2bae4d6713f94f6452eadb96b4dfca76f8e42c98b24f5f0404b0045d513,65973359389f8fbddeb262d50431e5c71d1fc657b4e5aab420270bead6a8849c,EXIF:GPS:GPSAltitude EXIF:GPS:GPSAltitudeRef EXIF:GPS:GPSDateStamp EXIF:GPS:GPSImgDirection EXIF:GPS:GPSImgDirectionRef EXIF:GPS:GPSLatitude EXIF:GPS:GPSLatitudeRef EXIF:GPS:GPSLongitude EXIF:GPS:GPSLongitudeRef EXIF:GPS:GPSTimeStamp EXIF:GPS:GPSVersionID EXIF:IFD1:Compression EXIF:IFD1:Orientation EXIF:IFD1:ResolutionUnit EXIF:IFD1:ThumbnailImage EXIF:IFD1:ThumbnailLength EXIF:IFD1:ThumbnailOffset EXIF:IFD1:XResolution EXIF:IFD1:YResolution JUMBF:CBOR:ActionsAction JUMBF:CBOR:ActionsDescription JUMBF:CBOR:ActionsDigitalSourceType JUMBF:CBOR:Alg JUMBF:CBOR:Claim_Generator_InfoName JUMBF:CBOR:Claim_Generator_InfoVersion JUMBF:CBOR:Created_AssertionsHash JUMBF:CBOR:Created_AssertionsUrl JUMBF:CBOR:ExclusionsLength JUMBF:CBOR:ExclusionsStart JUMBF:CBOR:Hash JUMBF:CBOR:InstanceID JUMBF:CBOR:Item0 JUMBF:CBOR:Item1Pad JUMBF:CBOR:Item1Pad2 JUMBF:CBOR:Item1SigTst2TstTokensVal JUMBF:CBOR:Item2 JUMBF:CBOR:Item3 JUMBF:CBOR:Pad JUMBF:CBOR:Pad2 JUMBF:CBOR:PartsHashAssertionHash JUMBF:CBOR:PartsHashAssertionUrl JUMBF:CBOR:PartsLocationByteOffset JUMBF:CBOR:PartsLocationLength JUMBF:CBOR:PartsOptional JUMBF:CBOR:Signature JUMBF:JUMDLabel JUMBF:JUMDToggles JUMBF:JUMDType XMP:XMP-GCamera:HdrPlusMakernote XMP:XMP-xmpNote:HasExtendedXMP
dataset_new_ignored/2026-09-24__pixel/class_011__Peru_Minca/PXL_20260924_123234050.jpg,db20dce9b27f252f82daf75c3967a26c08095029adaa8a5bc9cf1bbdd86d7e15,b85ed9b014b446b39dafad49feef8c057d84bdf2755075c11a76c4ec0d33a041,44f222a84ee42350a1d214baa6b463cf5ab639d7eba209723234487bdf28596c,EXIF:GPS:GPSAltitude EXIF:GPS:GPSAltitudeRef EXIF:GPS:GPSDateStamp EXIF:GPS:GPSImgDirection EXIF:GPS:GPSImgDirectionRef EXIF:GPS:GPSLatitude EXIF:GPS:GPSLatitudeRef EXIF:GPS:GPSLongitude EXIF:GPS:GPSLongitudeRef EXIF:GPS:GPSTimeStamp EXIF:GPS:GPSVersionID EXIF:IFD1:Compression EXIF:IFD1:Orientation EXIF:IFD1:ResolutionUnit EXIF:IFD1:ThumbnailImage EXIF:IFD1:ThumbnailLength EXIF:IFD1:ThumbnailOffset EXIF:IFD1:XResolution EXIF:IFD1:YResolution JUMBF:CBOR:ActionsAction JUMBF:CBOR:ActionsDescription JUMBF:CBOR:ActionsDigitalSourceType JUMBF:CBOR:Alg JUMBF:CBOR:Claim_Generator_InfoName JUMBF:CBOR:Claim_Generator_InfoVersion JUMBF:CBOR:Created_AssertionsHash JUMBF:CBOR:Created_AssertionsUrl JUMBF:CBOR:ExclusionsLength JUMBF:CBOR:ExclusionsStart JUMBF:CBOR:Hash JUMBF:CBOR:InstanceID JUMBF:CBOR:Item0 JUMBF:CBOR:Item1Pad JUMBF:CBOR:Item1Pad2 JUMBF:CBOR:Item1SigTst2TstTokensVal JUMBF:CBOR:Item2 JUMBF:CBOR:Item3 JUMBF:CBOR:Pad JUMBF:CBOR:Pad2 JUMBF:CBOR:PartsHashAssertionHash JUMBF:CBOR:PartsHashAssertionUrl JUMBF:CBOR:PartsLocationByteOffset JUMBF:CBOR:PartsLocationLength JUMBF:CBOR:PartsOptional JUMBF:CBOR:Signature JUMBF:JUMDLabel JUMBF:JUMDToggles JUMBF:JUMDType XMP:XMP-GCamera:HdrPlusMakernote XMP:XMP-xmpNote:HasExtendedXMP
dataset_new_ignored/2026-09-24__pixel/class_011__Peru_Minca/PXL_20260924_123251607.jpg,78b0720ad3db04ac6f4eeb98e7f3a659acbe668ac1299ab1871d0db0995fbbee,814ff150134443b953ee2aaf3a36f95e147ebe3953a8f64478f38f84d468707e,25d61b394228f1c514169969767e0b2f83a0e96e0e0f2d19fa95a864e9eee3cd,EXIF:GPS:GPSAltitude EXIF:GPS:GPSAltitudeRef EXIF:GPS:GPSDateStamp EXIF:GPS:GPSImgDirection EXIF:GPS:GPSImgDirectionRef EXIF:GPS:GPSLatitude EXIF:GPS:GPSLatitudeRef EXIF:GPS:GPSLongitude EXIF:GPS:GPSLongitudeRef EXIF:GPS:GPSTimeStamp EXIF:GPS:GPSVersionID EXIF:IFD1:Compression EXIF:IFD1:Orientation EXIF:IFD1:ResolutionUnit EXIF:IFD1:ThumbnailImage EXIF:IFD1:ThumbnailLength EXIF:IFD1:ThumbnailOffset EXIF:IFD1:XResolution EXIF:IFD1:YResolution JUMBF:CBOR:ActionsAction JUMBF:CBOR:ActionsDescription JUMBF:CBOR:ActionsDigitalSourceType JUMBF:CBOR:Alg JUMBF:CBOR:Claim_Generator_InfoName JUMBF:CBOR:Claim_Generator_InfoVersion JUMBF:CBOR:Created_AssertionsHash JUMBF:CBOR:Created_AssertionsUrl JUMBF:CBOR:ExclusionsLength JUMBF:CBOR:ExclusionsStart JUMBF:CBOR:Hash JUMBF:CBOR:InstanceID JUMBF:CBOR:Item0 JUMBF:CBOR:Item1Pad JUMBF:CBOR:Item1Pad2 JUMBF:CBOR:Item1SigTst2TstTokensVal JUMBF:CBOR:Item2 JUMBF:CBOR:Item3 JUMBF:CBOR:Pad JUMBF:CBOR:Pad2 JUMBF:CBOR:PartsHashAssertionHash JUMBF:CBOR:PartsHashAssertionUrl JUMBF:CBOR:PartsLocationByteOffset JUMBF:CBOR:PartsLocationLength JUMBF:CBOR:PartsOptional JUMBF:CBOR:Signature JUMBF:JUMDLabel JUMBF:JUMDToggles JUMBF:JUMDType XMP:XMP-GCamera:HdrPlusMakernote XMP:XMP-xmpNote:HasExtendedXMP
dataset_new_ignored/2026-09-24__pixel/class_011__Peru_Minca/PXL_20260924_123310255.jpg,a2acbe5fe47c7f623dec283b46149d103f96d798e66260e102c3d686b463b357,d9e4dd6252db774f844f9e6a8087ac32c5aaec107c866b25fa51cd60508d22b1,67537cab0daada9dbeb015c533226fcf7d88d159ce809e4d4b933f2793ee3550,EXIF:GPS:GPSAltitude EXIF:GPS:GPSAltitudeRef EXIF:GPS:GPSDateStamp EXIF:GPS:GPSImgDirection EXIF:GPS:GPSImgDirectionRef EXIF:GPS:GPSLatitude EXIF:GPS:GPSLatitudeRef EXIF:GPS:GPSLongitude EXIF:GPS:GPSLongitudeRef EXIF:GPS:GPSTimeStamp EXIF:GPS:GPSVersionID EXIF:IFD1:Compression EXIF:IFD1:Orientation EXIF:IFD1:ResolutionUnit EXIF:IFD1:ThumbnailImage EXIF:IFD1:ThumbnailLength EXIF:IFD1:ThumbnailOffset EXIF:IFD1:XResolution EXIF:IFD1:YResolution JUMBF:CBOR:ActionsAction JUMBF:CBOR:ActionsDescription JUMBF:CBOR:ActionsDigitalSourceType JUMBF:CBOR:Alg JUMBF:CBOR:Claim_Generator_InfoName JUMBF:CBOR:Claim_Generator_InfoVersion JUMBF:CBOR:Created_AssertionsHash JUMBF:CBOR:Created_AssertionsUrl JUMBF:CBOR:ExclusionsLength JUMBF:CBOR:ExclusionsStart JUMBF:CBOR:Hash JUMBF:CBOR:InstanceID JUMBF:CBOR:Item0 JUMBF:CBOR:Item1Pad JUMBF:CBOR:Item1Pad2 JUMBF:CBOR:Item1SigTst2TstTokensVal JUMBF:CBOR:Item2 JUMBF:CBOR:Item3 JUMBF:CBOR:Pad JUMBF:CBOR:Pad2 JUMBF:CBOR:PartsHashAssertionHash JUMBF:CBOR:PartsHashAssertionUrl JUMBF:CBOR:PartsLocationByteOffset JUMBF:CBOR:PartsLocationLength JUMBF:CBOR:PartsOptional JUMBF:CBOR:Signature JUMBF:JUMDLabel JUMBF:JUMDToggles JUMBF:JUMDType XMP:XMP-GCamera:HdrPlusMakernote XMP:XMP-xmpNote:HasExtendedXMP
dataset_new_ignored/2026-09-24__pixel/class_011__Peru_Minca/PXL_20260924_123337653.jpg,38de85f2b4bdc68e1ac05432c6ea699e56e2e421de5e9c930ef641042b49a378,ecb784fd2fb510696ba9210b036b257bff9b5d43a0e673f768fb7319bebb4163,ad5657e2937088328bf1044eb31cdc6dde6206bb41e18890e5d978f6ff8f751b,EXIF:GPS:GPSAltitude EXIF:GPS:GPSAltitudeRef EXIF:GPS:GPSDateStamp EXIF:GPS:GPSImgDirection EXIF:GPS:GPSImgDirectionRef EXIF:GPS:GPSLatitude EXIF:GPS:GPSLatitudeRef EXIF:GPS:GPSLongitude EXIF:GPS:GPSLongitudeRef EXIF:GPS:GPSTimeStamp EXIF:GPS:GPSVersionID EXIF:IFD1:Compression EXIF:IFD1:Orientation EXIF:IFD1:ResolutionUnit EXIF:IFD1:ThumbnailImage EXIF:IFD1:ThumbnailLength EXIF:IFD1:ThumbnailOffset EXIF:IFD1:XResolution EXIF:IFD1:YResolution JUMBF:CBOR:ActionsAction JUMBF:CBOR:ActionsDescription JUMBF:CBOR:ActionsDigitalSourceType JUMBF:CBOR:Alg JUMBF:CBOR:Claim_Generator_InfoName JUMBF:CBOR:Claim_Generator_InfoVersion JUMBF:CBOR:Created_AssertionsHash JUMBF:CBOR:Created_AssertionsUrl JUMBF:CBOR:ExclusionsLength JUMBF:CBOR:ExclusionsStart JUMBF:CBOR:Hash JUMBF:CBOR:InstanceID JUMBF:CBOR:Item0 JUMBF:CBOR:Item1Pad JUMBF:CBOR:Item1Pad2 JUMBF:CBOR:Item1SigTst2TstTokensVal JUMBF:CBOR:Item2 JUMBF:CBOR:Item3 JUMBF:CBOR:Pad JUMBF:CBOR:Pad2 JUMBF:CBOR:PartsHashAssertionHash JUMBF:CBOR:PartsHashAssertionUrl JUMBF:CBOR:PartsLocationByteOffset JUMBF:CBOR:PartsLocationLength JUMBF:CBOR:PartsOptional JUMBF:CBOR:Signature JUMBF:JUMDLabel JUMBF:JUMDToggles JUMBF:JUMDType XMP:XMP-GCamera:HdrPlusMakernote XMP:XMP-xmpNote:HasExtendedXMP
dataset_new_ignored/2026-09-24__pixel/class_011__Peru_Minca/PXL_20260924_123412090.jpg,c956143973cdd9c7fb500e769f537cac70acc23fae76bce2e78b5c43a96e5e3f,4018828a1f29fc0a1b2080ac9c9c6d1a70e2744b05f6beb26a21546f2add8895,2b63fe1dd0fd464169cccb33da90ed00fe89a593e6aa11baba6c162f403320e8,EXIF:GPS:GPSAltitude EXIF:GPS:GPSAltitudeRef EXIF:GPS:GPSDateStamp EXIF:GPS:GPSImgDirection EXIF:GPS:GPSImgDirectionRef EXIF:GPS:GPSLatitude EXIF:GPS:GPSLatitudeRef EXIF:GPS:GPSLongitude EXIF:GPS:GPSLongitudeRef EXIF:GPS:GPSTimeStamp EXIF:GPS:GPSVersionID EXIF:IFD1:Compression EXIF:IFD1:Orientation EXIF:IFD1:ResolutionUnit EXIF:IFD1:ThumbnailImage EXIF:IFD1:ThumbnailLength EXIF:IFD1:ThumbnailOffset EXIF:IFD1:XResolution EXIF:IFD1:YResolution JUMBF:CBOR:ActionsAction JUMBF:CBOR:ActionsDescription JUMBF:CBOR:ActionsDigitalSourceType JUMBF:CBOR:Alg JUMBF:CBOR:Claim_Generator_InfoName JUMBF:CBOR:Claim_Generator_InfoVersion JUMBF:CBOR:Created_AssertionsHash JUMBF:CBOR:Created_AssertionsUrl JUMBF:CBOR:ExclusionsLength JUMBF:CBOR:ExclusionsStart JUMBF:CBOR:Hash JUMBF:CBOR:InstanceID JUMBF:CBOR:Item0 JUMBF:CBOR:Item1Pad JUMBF:CBOR:Item1Pad2 JUMBF:CBOR:Item1SigTst2TstTokensVal JUMBF:CBOR:Item2 JUMBF:CBOR:Item3 JUMBF:CBOR:Pad JUMBF:CBOR:Pad2 JUMBF:CBOR:PartsHashAssertionHash JUMBF:CBOR:PartsHashAssertionUrl JUMBF:CBOR:PartsLocationByteOffset JUMBF:CBOR:PartsLocationLength JUMBF:CBOR:PartsOptional JUMBF:CBOR:Signature JUMBF:JUMDLabel JUMBF:JUMDToggles JUMBF:JUMDType XMP:XMP-GCamera:HdrPlusMakernote XMP:XMP-xmpNote:HasExtendedXMP
dataset_new_ignored/2026-09-24__pixel/class_011__Peru_Minca/PXL_20260924_123700966.jpg,bda3b946ae3d805f794f2b5f5c5f9c724d3ee7f0fe90b683a5e4e98170335d51,80cfff84dbf2987a0676c01850673285a6ee4b8d7813aa40e02a3c60dd05b6a8,c4cced1d8a58148f641358787371f0c444dd8a51c1069392a0c35bf94cbbd845,EXIF:GPS:GPSAltitude EXIF:GPS:GPSAltitudeRef EXIF:GPS:GPSDateStamp EXIF:GPS:GPSImgDirection EXIF:GPS:GPSImgDirectionRef EXIF:GPS:GPSLatitude EXIF:GPS:GPSLatitudeRef EXIF:GPS:GPSLongitude EXIF:GPS:GPSLongitudeRef EXIF:GPS:GPSTimeStamp EXIF:GPS:GPSVersionID EXIF:IFD1:Compression EXIF:IFD1:Orientation EXIF:IFD1:ResolutionUnit EXIF:IFD1:ThumbnailImage EXIF:IFD1:ThumbnailLength EXIF:IFD1:ThumbnailOffset EXIF:IFD1:XResolution EXIF:IFD1:YResolution JUMBF:CBOR:ActionsAction JUMBF:CBOR:ActionsDescription JUMBF:CBOR:ActionsDigitalSourceType JUMBF:CBOR:Alg JUMBF:CBOR:Claim_Generator_InfoName JUMBF:CBOR:Claim_Generator_InfoVersion JUMBF:CBOR:Created_AssertionsHash JUMBF:CBOR:Created_AssertionsUrl JUMBF:CBOR:ExclusionsLength JUMBF:CBOR:ExclusionsStart JUMBF:CBOR:Hash JUMBF:CBOR:InstanceID JUMBF:CBOR:Item0 JUMBF:CBOR:Item1Pad JUMBF:CBOR:Item1Pad2 JUMBF:CBOR:Item1SigTst2TstTokensVal JUMBF:CBOR:Item2 JUMBF:CBOR:Item3 JUMBF:CBOR:Pad JUMBF:CBOR:Pad2 JUMBF:CBOR:PartsHashAssertionHash JUMBF:CBOR:PartsHashAssertionUrl JUMBF:CBOR:PartsLocationByteOffset JUMBF:CBOR:PartsLocationLength JUMBF:CBOR:PartsOptional JUMBF:CBOR:Signature JUMBF:JUMDLabel JUMBF:JUMDToggles JUMBF:JUMDType XMP:XMP-GCamera:HdrPlusMakernote XMP:XMP-xmpNote:HasExtendedXMP
dataset_new_ignored/2026-09-24__pixel/class_011__Peru_Minca/PXL_20260924_123716063.jpg,8a2b5a1a26a49fedc1f4552d0290ad0b6c458747a676a7e312e06253947b2dd1,fd4e202e3127c8c937a67d163319d247f05a7ecb38fcb3d109e31c0340e12409,c3876045f638ce35f9b7261ebc050bf01f84a840494e76bcfb3aae294b443e59,EXIF:GPS:GPSAltitude EXIF:GPS:GPSAltitudeRef EXIF:GPS:GPSDateStamp EXIF:GPS:GPSImgDirection EXIF:GPS:GPSImgDirectionRef EXIF:GPS:GPSLatitude EXIF:GPS:GPSLatitudeRef EXIF:GPS:GPSLongitude EXIF:GPS:GPSLongitudeRef EXIF:GPS:GPSTimeStamp EXIF:GPS:GPSVersionID EXIF:IFD1:Compression EXIF:IFD1:Orientation EXIF:IFD1:ResolutionUnit EXIF:IFD1:ThumbnailImage EXIF:IFD1:ThumbnailLength EXIF:IFD1:ThumbnailOffset EXIF:IFD1:XResolution EXIF:IFD1:YResolution JUMBF:CBOR:ActionsAction JUMBF:CBOR:ActionsDescription JUMBF:CBOR:ActionsDigitalSourceType JUMBF:CBOR:Alg JUMBF:CBOR:Claim_Generator_InfoName JUMBF:CBOR:Claim_Generator_InfoVersion JUMBF:CBOR:Created_AssertionsHash JUMBF:CBOR:Created_AssertionsUrl JUMBF:CBOR:ExclusionsLength JUMBF:CBOR:ExclusionsStart JUMBF:CBOR:Hash JUMBF:CBOR:InstanceID JUMBF:CBOR:Item0 JUMBF:CBOR:Item1Pad JUMBF:CBOR:Item1Pad2 JUMBF:CBOR:Item1SigTst2TstTokensVal JUMBF:CBOR:Item2 JUMBF:CBOR:Item3 JUMBF:CBOR:Pad JUMBF:CBOR:Pad2 JUMBF:CBOR:PartsHashAssertionHash JUMBF:CBOR:PartsHashAssertionUrl JUMBF:CBOR:PartsLocationByteOffset JUMBF:CBOR:PartsLocationLength JUMBF:CBOR:PartsOptional JUMBF:CBOR:Signature JUMBF:JUMDLabel JUMBF:JUMDToggles JUMBF:JUMDType XMP:XMP-GCamera:HdrPlusMakernote XMP:XMP-xmpNote:HasExtendedXMP
dataset_new_ignored/2026-09-24__pixel/class_011__Peru_Minca/PXL_20260924_123735036.jpg,0f56dde3af9c494ff367a0bd13a31c587418ae13c1d5153f0c4fd0b9aac36b9e,c58ee6903cd17b889d820ffc6703ab4edf11aee6f4574d883f5a633e85704fcf,38d61baa00f8248fa739a8b4179453b4643d273fc9a3f635867e14db3511d351,EXIF:GPS:GPSAltitude EXIF:GPS:GPSAltitudeRef EXIF:GPS:GPSDateStamp EXIF:GPS:GPSImgDirection EXIF:GPS:GPSImgDirectionRef EXIF:GPS:GPSLatitude EXIF:GPS:GPSLatitudeRef EXIF:GPS:GPSLongitude EXIF:GPS:GPSLongitudeRef EXIF:GPS:GPSTimeStamp EXIF:GPS:GPSVersionID EXIF:IFD1:Compression EXIF:IFD1:Orientation EXIF:IFD1:ResolutionUnit EXIF:IFD1:ThumbnailImage EXIF:IFD1:ThumbnailLength EXIF:IFD1:ThumbnailOffset EXIF:IFD1:XResolution EXIF:IFD1:YResolution JUMBF:CBOR:ActionsAction JUMBF:CBOR:ActionsDescription JUMBF:CBOR:ActionsDigitalSourceType JUMBF:CBOR:Alg JUMBF:CBOR:Claim_Generator_InfoName JUMBF:CBOR:Claim_Generator_InfoVersion JUMBF:CBOR:Created_AssertionsHash JUMBF:CBOR:Created_AssertionsUrl JUMBF:CBOR:ExclusionsLength JUMBF:CBOR:ExclusionsStart JUMBF:CBOR:Hash JUMBF:CBOR:InstanceID JUMBF:CBOR:Item0 JUMBF:CBOR:Item1Pad JUMBF:CBOR:Item1Pad2 JUMBF:CBOR:Item1SigTst2TstTokensVal JUMBF:CBOR:Item2 JUMBF:CBOR:Item3 JUMBF:CBOR:Pad JUMBF:CBOR:Pad2 JUMBF:CBOR:PartsHashAssertionHash JUMBF:CBOR:PartsHashAssertionUrl JUMBF:CBOR:PartsLocationByteOffset JUMBF:CBOR:PartsLocationLength JUMBF:CBOR:PartsOptional JUMBF:CBOR:Signature JUMBF:JUMDLabel JUMBF:JUMDToggles JUMBF:JUMDType XMP:XMP-GCamera:HdrPlusMakernote XMP:XMP-xmpNote:HasExtendedXMP
dataset_new_ignored/2026-09-24__pixel/class_011__Peru_Minca/PXL_20260924_123759039.jpg,debd0b2bb896f292a473875110b980afc817b42d022986d2494ba0babd06b16b,84731471d5d239b333ceea73a45eb6dda4e402cb0236a9201a3ad7ef6d243719,bec390b71de630c0d1656207c0459d52a2454a26095d43e45a0624ea5c4d7378,EXIF:GPS:GPSAltitude EXIF:GPS:GPSAltitudeRef EXIF:GPS:GPSDateStamp EXIF:GPS:GPSImgDirection EXIF:GPS:GPSImgDirectionRef EXIF:GPS:GPSLatitude EXIF:GPS:GPSLatitudeRef EXIF:GPS:GPSLongitude EXIF:GPS:GPSLongitudeRef EXIF:GPS:GPSTimeStamp EXIF:GPS:GPSVersionID EXIF:IFD1:Compression EXIF:IFD1:Orientation EXIF:IFD1:ResolutionUnit EXIF:IFD1:ThumbnailImage EXIF:IFD1:ThumbnailLength EXIF:IFD1:ThumbnailOffset EXIF:IFD1:XResolution EXIF:IFD1:YResolution JUMBF:CBOR:ActionsAction JUMBF:CBOR:ActionsDescription JUMBF:CBOR:ActionsDigitalSourceType JUMBF:CBOR:Alg JUMBF:CBOR:Claim_Generator_InfoName JUMBF:CBOR:Claim_Generator_InfoVersion JUMBF:CBOR:Created_AssertionsHash JUMBF:CBOR:Created_AssertionsUrl JUMBF:CBOR:ExclusionsLength JUMBF:CBOR:ExclusionsStart JUMBF:CBOR:Hash JUMBF:CBOR:InstanceID JUMBF:CBOR:Item0 JUMBF:CBOR:Item1Pad JUMBF:CBOR:Item1Pad2 JUMBF:CBOR:Item1SigTst2TstTokensVal JUMBF:CBOR:Item2 JUMBF:CBOR:Item3 JUMBF:CBOR:Pad JUMBF:CBOR:Pad2 JUMBF:CBOR:PartsHashAssertionHash JUMBF:CBOR:PartsHashAssertionUrl JUMBF:CBOR:PartsLocationByteOffset JUMBF:CBOR:PartsLocationLength JUMBF:CBOR:PartsOptional JUMBF:CBOR:Signature JUMBF:JUMDLabel JUMBF:JUMDToggles JUMBF:JUMDType XMP:XMP-GCamera:HdrPlusMakernote XMP:XMP-xmpNote:HasExtendedXMP
dataset_new_ignored/2026-09-24__pixel/class_011__Peru_Minca/PXL_20260924_123831719.jpg,117120bbf6b52fa26848a4f4ba5c7f3178f7451dff8018196d198b36b54b4f8e,656abb03b07cf7f45be10ce6919ce3862b494d6bc873bf322ab2dab3420da74d,45838fec76ccd1c30570d6fb52b0e0423d4ecebba43c5c432c0d7c353460c370,EXIF:GPS:GPSAltitude EXIF:GPS:GPSAltitudeRef EXIF:GPS:GPSDateStamp EXIF:GPS:GPSImgDirection EXIF:GPS:GPSImgDirectionRef EXIF:GPS:GPSLatitude EXIF:GPS:GPSLatitudeRef EXIF:GPS:GPSLongitude EXIF:GPS:GPSLongitudeRef EXIF:GPS:GPSTimeStamp EXIF:GPS:GPSVersionID EXIF:IFD1:Compression EXIF:IFD1:Orientation EXIF:IFD1:ResolutionUnit EXIF:IFD1:ThumbnailImage EXIF:IFD1:ThumbnailLength EXIF:IFD1:ThumbnailOffset EXIF:IFD1:XResolution EXIF:IFD1:YResolution JUMBF:CBOR:ActionsAction JUMBF:CBOR:ActionsDescription JUMBF:CBOR:ActionsDigitalSourceType JUMBF:CBOR:Alg JUMBF:CBOR:Claim_Generator_InfoName JUMBF:CBOR:Claim_Generator_InfoVersion JUMBF:CBOR:Created_AssertionsHash JUMBF:CBOR:Created_AssertionsUrl JUMBF:CBOR:ExclusionsLength JUMBF:CBOR:ExclusionsStart JUMBF:CBOR:Hash JUMBF:CBOR:InstanceID JUMBF:CBOR:Item0 JUMBF:CBOR:Item1Pad JUMBF:CBOR:Item1Pad2 JUMBF:CBOR:Item1SigTst2TstTokensVal JUMBF:CBOR:Item2 JUMBF:CBOR:Item3 JUMBF:CBOR:Pad JUMBF:CBOR:Pad2 JUMBF:CBOR:PartsHashAssertionHash JUMBF:CBOR:PartsHashAssertionUrl JUMBF:CBOR:PartsLocationByteOffset JUMBF:CBOR:PartsLocationLength JUMBF:CBOR:PartsOptional JUMBF:CBOR:Signature JUMBF:JUMDLabel JUMBF:JUMDToggles JUMBF:JUMDType XMP:XMP-GCamera:HdrPlusMakernote XMP:XMP-xmpNote:HasExtendedXMP
dataset_new_ignored/2026-09-24__pixel/class_011__Peru_Minca/PXL_20260924_123916832.jpg,75b5da7e96eb84ec1e96f795b45e8abbed50d40cd74596aa46c3efcc9f5ee0b5,f3cd5d3468ec9ad9b90a3d3d9b5819d7d013d56b765d22499359db507ba17898,2f06d34433e1780ccd89a2dd522021ebc68a5eb20603332d8af199235dbbc498,EXIF:GPS:GPSAltitude EXIF:GPS:GPSAltitudeRef EXIF:GPS:GPSDateStamp EXIF:GPS:GPSImgDirection EXIF:GPS:GPSImgDirectionRef EXIF:GPS:GPSLatitude EXIF:GPS:GPSLatitudeRef EXIF:GPS:GPSLongitude EXIF:GPS:GPSLongitudeRef EXIF:GPS:GPSTimeStamp EXIF:GPS:GPSVersionID EXIF:IFD1:Compression EXIF:IFD1:Orientation EXIF:IFD1:ResolutionUnit EXIF:IFD1:ThumbnailImage EXIF:IFD1:ThumbnailLength EXIF:IFD1:ThumbnailOffset EXIF:IFD1:XResolution EXIF:IFD1:YResolution JUMBF:CBOR:ActionsAction JUMBF:CBOR:ActionsDescription JUMBF:CBOR:ActionsDigitalSourceType JUMBF:CBOR:Alg JUMBF:CBOR:Claim_Generator_InfoName JUMBF:CBOR:Claim_Generator_InfoVersion JUMBF:CBOR:Created_AssertionsHash JUMBF:CBOR:Created_AssertionsUrl JUMBF:CBOR:ExclusionsLength JUMBF:CBOR:ExclusionsStart JUMBF:CBOR:Hash JUMBF:CBOR:InstanceID JUMBF:CBOR:Item0 JUMBF:CBOR:Item1Pad JUMBF:CBOR:Item1Pad2 JUMBF:CBOR:Item1SigTst2TstTokensVal JUMBF:CBOR:Item2 JUMBF:CBOR:Item3 JUMBF:CBOR:Pad JUMBF:CBOR:Pad2 JUMBF:CBOR:PartsHashAssertionHash JUMBF:CBOR:PartsHashAssertionUrl JUMBF:CBOR:PartsLocationByteOffset JUMBF:CBOR:PartsLocationLength JUMBF:CBOR:PartsOptional JUMBF:CBOR:Signature JUMBF:JUMDLabel JUMBF:JUMDToggles JUMBF:JUMDType XMP:XMP-GCamera:HdrPlusMakernote XMP:XMP-xmpNote:HasExtendedXMP
dataset_new_ignored/2026-09-24__pixel/class_011__Peru_Minca/PXL_20260924_123945276.jpg,7190ed4d66349dc07bf2ffe67bc21410529a15f6fb9bc34f46a6f17f49df1105,3bda36c13b562bf0ae55bf54a759d39e94214920b018f3b45094a64d5f5b3c58,9511262b581088e075c30dfef57ecc6ee2060bf98f80f489fad9ca608eb9e118,EXIF:GPS:GPSAltitude EXIF:GPS:GPSAltitudeRef EXIF:GPS:GPSDateStamp EXIF:GPS:GPSImgDirection EXIF:GPS:GPSImgDirectionRef EXIF:GPS:GPSLatitude EXIF:GPS:GPSLatitudeRef EXIF:GPS:GPSLongitude EXIF:GPS:GPSLongitudeRef EXIF:GPS:GPSTimeStamp EXIF:GPS:GPSVersionID EXIF:IFD1:Compression EXIF:IFD1:Orientation EXIF:IFD1:ResolutionUnit EXIF:IFD1:ThumbnailImage EXIF:IFD1:ThumbnailLength EXIF:IFD1:ThumbnailOffset EXIF:IFD1:XResolution EXIF:IFD1:YResolution JUMBF:CBOR:ActionsAction JUMBF:CBOR:ActionsDescription JUMBF:CBOR:ActionsDigitalSourceType JUMBF:CBOR:Alg JUMBF:CBOR:Claim_Generator_InfoName JUMBF:CBOR:Claim_Generator_InfoVersion JUMBF:CBOR:Created_AssertionsHash JUMBF:CBOR:Created_AssertionsUrl JUMBF:CBOR:ExclusionsLength JUMBF:CBOR:ExclusionsStart JUMBF:CBOR:Hash JUMBF:CBOR:InstanceID JUMBF:CBOR:Item0 JUMBF:CBOR:Item1Pad JUMBF:CBOR:Item1Pad2 JUMBF:CBOR:Item1SigTst2TstTokensVal JUMBF:CBOR:Item2 JUMBF:CBOR:Item3 JUMBF:CBOR:Pad JUMBF:CBOR:Pad2 JUMBF:CBOR:PartsHashAssertionHash JUMBF:CBOR:PartsHashAssertionUrl JUMBF:CBOR:PartsLocationByteOffset JUMBF:CBOR:PartsLocationLength JUMBF:CBOR:PartsOptional JUMBF:CBOR:Signature JUMBF:JUMDLabel JUMBF:JUMDToggles JUMBF:JUMDType XMP:XMP-GCamera:HdrPlusMakernote XMP:XMP-xmpNote:HasExtendedXMP
dataset_new_ignored/2026-09-24__pixel/class_011__Peru_Minca/PXL_20260924_124011026.jpg,bcdef3376407143131d21316c193ded9fb6fd105015846c889fa29bdb47c588b,66dc2a4075fafd9389804d8a67e30d71141015d4395fc7c889e73d64a5dfeb66,a35cc74ded5b5f25fde1b8438f6bec5f9d898ba5ff864f882013eae6ce74b085,EXIF:GPS:GPSAltitude EXIF:GPS:GPSAltitudeRef EXIF:GPS:GPSDateStamp EXIF:GPS:GPSImgDirection EXIF:GPS:GPSImgDirectionRef EXIF:GPS:GPSLatitude EXIF:GPS:GPSLatitudeRef EXIF:GPS:GPSLongitude EXIF:GPS:GPSLongitudeRef EXIF:GPS:GPSTimeStamp EXIF:GPS:GPSVersionID EXIF:IFD1:Compression EXIF:IFD1:Orientation EXIF:IFD1:ResolutionUnit EXIF:IFD1:ThumbnailImage EXIF:IFD1:ThumbnailLength EXIF:IFD1:ThumbnailOffset EXIF:IFD1:XResolution EXIF:IFD1:YResolution JUMBF:CBOR:ActionsAction JUMBF:CBOR:ActionsDescription JUMBF:CBOR:ActionsDigitalSourceType JUMBF:CBOR:Alg JUMBF:CBOR:Claim_Generator_InfoName JUMBF:CBOR:Claim_Generator_InfoVersion JUMBF:CBOR:Created_AssertionsHash JUMBF:CBOR:Created_AssertionsUrl JUMBF:CBOR:ExclusionsLength JUMBF:CBOR:ExclusionsStart JUMBF:CBOR:Hash JUMBF:CBOR:InstanceID JUMBF:CBOR:Item0 JUMBF:CBOR:Item1Pad JUMBF:CBOR:Item1Pad2 JUMBF:CBOR:Item1SigTst2TstTokensVal JUMBF:CBOR:Item2 JUMBF:CBOR:Item3 JUMBF:CBOR:Pad JUMBF:CBOR:Pad2 JUMBF:CBOR:PartsHashAssertionHash JUMBF:CBOR:PartsHashAssertionUrl JUMBF:CBOR:PartsLocationByteOffset JUMBF:CBOR:PartsLocationLength JUMBF:CBOR:PartsOptional JUMBF:CBOR:Signature JUMBF:JUMDLabel JUMBF:JUMDToggles JUMBF:JUMDType XMP:XMP-GCamera:HdrPlusMakernote XMP:XMP-xmpNote:HasExtendedXMP
dataset_new_ignored/2026-09-24__pixel/class_011__Peru_Minca/PXL_20260924_124030902.jpg,8a3b7db5c7ca22e511376cff2c230e30ff4cb51e5b7b803893e7ed217476d060,722ade8409469ba9a4e8b071c08a9758d0069e7b963d17ba1d7d36d6d5647e3d,c6b0fb805b36ee7a738d19f0f7cfcbb7a32a5f34fac1aa3617aa2a4e5769cd4f,EXIF:GPS:GPSAltitude EXIF:GPS:GPSAltitudeRef EXIF:GPS:GPSDateStamp EXIF:GPS:GPSImgDirection EXIF:GPS:GPSImgDirectionRef EXIF:GPS:GPSLatitude EXIF:GPS:GPSLatitudeRef EXIF:GPS:GPSLongitude EXIF:GPS:GPSLongitudeRef EXIF:GPS:GPSTimeStamp EXIF:GPS:GPSVersionID EXIF:IFD1:Compression EXIF:IFD1:Orientation EXIF:IFD1:ResolutionUnit EXIF:IFD1:ThumbnailImage EXIF:IFD1:ThumbnailLength EXIF:IFD1:ThumbnailOffset EXIF:IFD1:XResolution EXIF:IFD1:YResolution JUMBF:CBOR:ActionsAction JUMBF:CBOR:ActionsDescription JUMBF:CBOR:ActionsDigitalSourceType JUMBF:CBOR:Alg JUMBF:CBOR:Claim_Generator_InfoName JUMBF:CBOR:Claim_Generator_InfoVersion JUMBF:CBOR:Created_AssertionsHash JUMBF:CBOR:Created_AssertionsUrl JUMBF:CBOR:ExclusionsLength JUMBF:CBOR:ExclusionsStart JUMBF:CBOR:Hash JUMBF:CBOR:InstanceID JUMBF:CBOR:Item0 JUMBF:CBOR:Item1Pad JUMBF:CBOR:Item1Pad2 JUMBF:CBOR:Item1SigTst2TstTokensVal JUMBF:CBOR:Item2 JUMBF:CBOR:Item3 JUMBF:CBOR:Pad JUMBF:CBOR:Pad2 JUMBF:CBOR:PartsHashAssertionHash JUMBF:CBOR:PartsHashAssertionUrl JUMBF:CBOR:PartsLocationByteOffset JUMBF:CBOR:PartsLocationLength JUMBF:CBOR:PartsOptional JUMBF:CBOR:Signature JUMBF:JUMDLabel JUMBF:JUMDToggles JUMBF:JUMDType XMP:XMP-GCamera:HdrPlusMakernote XMP:XMP-xmpNote:HasExtendedXMP
dataset_new_ignored/2026-09-24__pixel/class_011__Peru_Minca/PXL_20260924_124046055.jpg,3b9acd16aecaef7e9dfb13875f1e6522e82458298d458e51fe7feb3985d9b9b1,6d28c90d3154c2da27e47eac4eacf255692f6c683a386985b4934b1754fe6346,c09960eee0b3073ede1f0009e8eac5eb186f9cb26e2f7e190dfb46b52fc9c601,EXIF:GPS:GPSAltitude EXIF:GPS:GPSAltitudeRef EXIF:GPS:GPSDateStamp EXIF:GPS:GPSImgDirection EXIF:GPS:GPSImgDirectionRef EXIF:GPS:GPSLatitude EXIF:GPS:GPSLatitudeRef EXIF:GPS:GPSLongitude EXIF:GPS:GPSLongitudeRef EXIF:GPS:GPSTimeStamp EXIF:GPS:GPSVersionID EXIF:IFD1:Compression EXIF:IFD1:Orientation EXIF:IFD1:ResolutionUnit EXIF:IFD1:ThumbnailImage EXIF:IFD1:ThumbnailLength EXIF:IFD1:ThumbnailOffset EXIF:IFD1:XResolution EXIF:IFD1:YResolution JUMBF:CBOR:ActionsAction JUMBF:CBOR:ActionsDescription JUMBF:CBOR:ActionsDigitalSourceType JUMBF:CBOR:Alg JUMBF:CBOR:Claim_Generator_InfoName JUMBF:CBOR:Claim_Generator_InfoVersion JUMBF:CBOR:Created_AssertionsHash JUMBF:CBOR:Created_AssertionsUrl JUMBF:CBOR:ExclusionsLength JUMBF:CBOR:ExclusionsStart JUMBF:CBOR:Hash JUMBF:CBOR:InstanceID JUMBF:CBOR:Item0 JUMBF:CBOR:Item1Pad JUMBF:CBOR:Item1Pad2 JUMBF:CBOR:Item1SigTst2TstTokensVal JUMBF:CBOR:Item2 JUMBF:CBOR:Item3 JUMBF:CBOR:Pad JUMBF:CBOR:Pad2 JUMBF:CBOR:PartsHashAssertionHash JUMBF:CBOR:PartsHashAssertionUrl JUMBF:CBOR:PartsLocationByteOffset JUMBF:CBOR:PartsLocationLength JUMBF:CBOR:PartsOptional JUMBF:CBOR:Signature JUMBF:JUMDLabel JUMBF:JUMDToggles JUMBF:JUMDType XMP:XMP-GCamera:HdrPlusMakernote XMP:XMP-xmpNote:HasExtendedXMP
dataset_new_ignored/2026-09-24__pixel/class_011__Peru_Minca/PXL_20260924_124118402.jpg,ce619c6d20d88e0a493b9f088b6564c9d89a6612140fb5987d2a83bb5223cc83,cdebb87aeec8c55163fb35578e33252cb328e52dd85a2251bee7a3506321b173,4ffdd6293c52b5a0c22e10b010ba54a554148ec207fd2afaf6818c949bfde020,EXIF:GPS:GPSAltitude EXIF:GPS:GPSAltitudeRef EXIF:GPS:GPSDateStamp EXIF:GPS:GPSImgDirection EXIF:GPS:GPSImgDirectionRef EXIF:GPS:GPSLatitude EXIF:GPS:GPSLatitudeRef EXIF:GPS:GPSLongitude EXIF:GPS:GPSLongitudeRef EXIF:GPS:GPSTimeStamp EXIF:GPS:GPSVersionID EXIF:IFD1:Compression EXIF:IFD1:Orientation EXIF:IFD1:ResolutionUnit EXIF:IFD1:ThumbnailImage EXIF:IFD1:ThumbnailLength EXIF:IFD1:ThumbnailOffset EXIF:IFD1:XResolution EXIF:IFD1:YResolution JUMBF:CBOR:ActionsAction JUMBF:CBOR:ActionsDescription JUMBF:CBOR:ActionsDigitalSourceType JUMBF:CBOR:Alg JUMBF:CBOR:Claim_Generator_InfoName JUMBF:CBOR:Claim_Generator_InfoVersion JUMBF:CBOR:Created_AssertionsHash JUMBF:CBOR:Created_AssertionsUrl JUMBF:CBOR:ExclusionsLength JUMBF:CBOR:ExclusionsStart JUMBF:CBOR:Hash JUMBF:CBOR:InstanceID JUMBF:CBOR:Item0 JUMBF:CBOR:Item1Pad JUMBF:CBOR:Item1Pad2 JUMBF:CBOR:Item1SigTst2TstTokensVal JUMBF:CBOR:Item2 JUMBF:CBOR:Item3 JUMBF:CBOR:Pad JUMBF:CBOR:Pad2 JUMBF:CBOR:PartsHashAssertionHash JUMBF:CBOR:PartsHashAssertionUrl JUMBF:CBOR:PartsLocationByteOffset JUMBF:CBOR:PartsLocationLength JUMBF:CBOR:PartsOptional JUMBF:CBOR:Signature JUMBF:JUMDLabel JUMBF:JUMDToggles JUMBF:JUMDType XMP:XMP-GCamera:HdrPlusMakernote XMP:XMP-xmpNote:HasExtendedXMP
dataset_new_ignored/2026-09-24__pixel/class_011__Peru_Minca/PXL_20260924_124216973.jpg,cb0db67eff5903470a47e019db9a43922a83c56945091f832619c449c48f33c1,f0d41b71b23de19b40c36c9ca30415dda14a07a47ea63934826af7e7932e415d,fac31119f8800fe8894583c0fe4fa9f17112756f22c9cab36989972a8da85e31,EXIF:GPS:GPSAltitude EXIF:GPS:GPSAltitudeRef EXIF:GPS:GPSDateStamp EXIF:GPS:GPSImgDirection EXIF:GPS:GPSImgDirectionRef EXIF:GPS:GPSLatitude EXIF:GPS:GPSLatitudeRef EXIF:GPS:GPSLongitude EXIF:GPS:GPSLongitudeRef EXIF:GPS:GPSTimeStamp EXIF:GPS:GPSVersionID EXIF:IFD1:Compression EXIF:IFD1:Orientation EXIF:IFD1:ResolutionUnit EXIF:IFD1:ThumbnailImage EXIF:IFD1:ThumbnailLength EXIF:IFD1:ThumbnailOffset EXIF:IFD1:XResolution EXIF:IFD1:YResolution JUMBF:CBOR:ActionsAction JUMBF:CBOR:ActionsDescription JUMBF:CBOR:ActionsDigitalSourceType JUMBF:CBOR:Alg JUMBF:CBOR:Claim_Generator_InfoName JUMBF:CBOR:Claim_Generator_InfoVersion JUMBF:CBOR:Created_AssertionsHash JUMBF:CBOR:Created_AssertionsUrl JUMBF:CBOR:ExclusionsLength JUMBF:CBOR:ExclusionsStart JUMBF:CBOR:Hash JUMBF:CBOR:InstanceID JUMBF:CBOR:Item0 JUMBF:CBOR:Item1Pad JUMBF:CBOR:Item1Pad2 JUMBF:CBOR:Item1SigTst2TstTokensVal JUMBF:CBOR:Item2 JUMBF:CBOR:Item3 JUMBF:CBOR:Pad JUMBF:CBOR:Pad2 JUMBF:CBOR:PartsHashAssertionHash JUMBF:CBOR:PartsHashAssertionUrl JUMBF:CBOR:PartsLocationByteOffset JUMBF:CBOR:PartsLocationLength JUMBF:CBOR:PartsOptional JUMBF:CBOR:Signature JUMBF:JUMDLabel JUMBF:JUMDToggles JUMBF:JUMDType XMP:XMP-GCamera:HdrPlusMakernote XMP:XMP-xmpNote:HasExtendedXMP
dataset_new_ignored/2026-09-24__pixel/class_011__Peru_Minca/PXL_20260924_124305391.jpg,04ad59ad240241637c5cec0018d7778674d23be937e2d1bf768424d369f48f68,e282c16895eba8335aa33d9cccbd89c8d207ee2a6c30e4c8610f857f2d21fa84,a02b3c86ab91e3a34ede151f2178ec0d7adcaabd1b3aaa1e3bb6b13c7e2fbd73,EXIF:GPS:GPSAltitude EXIF:GPS:GPSAltitudeRef EXIF:GPS:GPSDateStamp EXIF:GPS:GPSImgDirection EXIF:GPS:GPSImgDirectionRef EXIF:GPS:GPSLatitude EXIF:GPS:GPSLatitudeRef EXIF:GPS:GPSLongitude EXIF:GPS:GPSLongitudeRef EXIF:GPS:GPSTimeStamp EXIF:GPS:GPSVersionID EXIF:IFD1:Compression EXIF:IFD1:Orientation EXIF:IFD1:ResolutionUnit EXIF:IFD1:ThumbnailImage EXIF:IFD1:ThumbnailLength EXIF:IFD1:ThumbnailOffset EXIF:IFD1:XResolution EXIF:IFD1:YResolution JUMBF:CBOR:ActionsAction JUMBF:CBOR:ActionsDescription JUMBF:CBOR:ActionsDigitalSourceType JUMBF:CBOR:Alg JUMBF:CBOR:Claim_Generator_InfoName JUMBF:CBOR:Claim_Generator_InfoVersion JUMBF:CBOR:Created_AssertionsHash JUMBF:CBOR:Created_AssertionsUrl JUMBF:CBOR:ExclusionsLength JUMBF:CBOR:ExclusionsStart JUMBF:CBOR:Hash JUMBF:CBOR:InstanceID JUMBF:CBOR:Item0 JUMBF:CBOR:Item1Pad JUMBF:CBOR:Item1Pad2 JUMBF:CBOR:Item1SigTst2TstTokensVal JUMBF:CBOR:Item2 JUMBF:CBOR:Item3 JUMBF:CBOR:Pad JUMBF:CBOR:Pad2 JUMBF:CBOR:PartsHashAssertionHash JUMBF:CBOR:PartsHashAssertionUrl JUMBF:CBOR:PartsLocationByteOffset JUMBF:CBOR:PartsLocationLength JUMBF:CBOR:PartsOptional JUMBF:CBOR:Signature JUMBF:JUMDLabel JUMBF:JUMDToggles JUMBF:JUMDType XMP:XMP-GCamera:HdrPlusMakernote XMP:XMP-xmpNote:HasExtendedXMP
dataset_new_ignored/2026-09-24__pixel/class_011__Peru_Minca/PXL_20260924_124346231.jpg,e723f23eb4d3f441e00168539fc57970e026e390c1dfb3badf8f9be3d24715e8,54cadb475d0902ba11c5a24f5d596d777d428bc765e324294664075d0012417d,34603564e33b66542aa6a7f1bc37d424c4b3e266f13546e3b35e73ef95128aab,EXIF:GPS:GPSAltitude EXIF:GPS:GPSAltitudeRef EXIF:GPS:GPSDateStamp EXIF:GPS:GPSImgDirection EXIF:GPS:GPSImgDirectionRef EXIF:GPS:GPSLatitude EXIF:GPS:GPSLatitudeRef EXIF:GPS:GPSLongitude EXIF:GPS:GPSLongitudeRef EXIF:GPS:GPSTimeStamp EXIF:GPS:GPSVersionID EXIF:IFD1:Compression EXIF:IFD1:Orientation EXIF:IFD1:ResolutionUnit EXIF:IFD1:ThumbnailImage EXIF:IFD1:ThumbnailLength EXIF:IFD1:ThumbnailOffset EXIF:IFD1:XResolution EXIF:IFD1:YResolution JUMBF:CBOR:ActionsAction JUMBF:CBOR:ActionsDescription JUMBF:CBOR:ActionsDigitalSourceType JUMBF:CBOR:Alg JUMBF:CBOR:Claim_Generator_InfoName JUMBF:CBOR:Claim_Generator_InfoVersion JUMBF:CBOR:Created_AssertionsHash JUMBF:CBOR:Created_AssertionsUrl JUMBF:CBOR:ExclusionsLength JUMBF:CBOR:ExclusionsStart JUMBF:CBOR:Hash JUMBF:CBOR:InstanceID JUMBF:CBOR:Item0 JUMBF:CBOR:Item1Pad JUMBF:CBOR:Item1Pad2 JUMBF:CBOR:Item1SigTst2TstTokensVal JUMBF:CBOR:Item2 JUMBF:CBOR:Item3 JUMBF:CBOR:Pad JUMBF:CBOR:Pad2 JUMBF:CBOR:PartsHashAssertionHash JUMBF:CBOR:PartsHashAssertionUrl JUMBF:CBOR:PartsLocationByteOffset JUMBF:CBOR:PartsLocationLength JUMBF:CBOR:PartsOptional JUMBF:CBOR:Signature JUMBF:JUMDLabel JUMBF:JUMDToggles JUMBF:JUMDType XMP:XMP-GCamera:HdrPlusMakernote XMP:XMP-xmpNote:HasExtendedXMP
dataset_new_ignored/2026-09-24__pixel/class_011__Peru_Minca/PXL_20260924_124413885.jpg,6c3195db3f5c5955be870e5bb92299136dfdad7bc74524c42efa8fb5f135e7c0,c96f17f75c4bc48a9a856e2cc0d85a1fcef4709d678167dc4268ed295c46038b,001c5d7b6869386dafed29f8badc7144a3f29d86bf6405d22e014a9857c13d9f,EXIF:GPS:GPSAltitude EXIF:GPS:GPSAltitudeRef EXIF:GPS:GPSDateStamp EXIF:GPS:GPSImgDirection EXIF:GPS:GPSImgDirectionRef EXIF:GPS:GPSLatitude EXIF:GPS:GPSLatitudeRef EXIF:GPS:GPSLongitude EXIF:GPS:GPSLongitudeRef EXIF:GPS:GPSTimeStamp EXIF:GPS:GPSVersionID EXIF:IFD1:Compression EXIF:IFD1:Orientation EXIF:IFD1:ResolutionUnit EXIF:IFD1:ThumbnailImage EXIF:IFD1:ThumbnailLength EXIF:IFD1:ThumbnailOffset EXIF:IFD1:XResolution EXIF:IFD1:YResolution JUMBF:CBOR:ActionsAction JUMBF:CBOR:ActionsDescription JUMBF:CBOR:ActionsDigitalSourceType JUMBF:CBOR:Alg JUMBF:CBOR:Claim_Generator_InfoName JUMBF:CBOR:Claim_Generator_InfoVersion JUMBF:CBOR:Created_AssertionsHash JUMBF:CBOR:Created_AssertionsUrl JUMBF:CBOR:ExclusionsLength JUMBF:CBOR:ExclusionsStart JUMBF:CBOR:Hash JUMBF:CBOR:InstanceID JUMBF:CBOR:Item0 JUMBF:CBOR:Item1Pad JUMBF:CBOR:Item1Pad2 JUMBF:CBOR:Item1SigTst2TstTokensVal JUMBF:CBOR:Item2 JUMBF:CBOR:Item3 JUMBF:CBOR:Pad JUMBF:CBOR:Pad2 JUMBF:CBOR:PartsHashAssertionHash JUMBF:CBOR:PartsHashAssertionUrl JUMBF:CBOR:PartsLocationByteOffset JUMBF:CBOR:PartsLocationLength JUMBF:CBOR:PartsOptional JUMBF:CBOR:Signature JUMBF:JUMDLabel JUMBF:JUMDToggles JUMBF:JUMDType XMP:XMP-GCamera:HdrPlusMakernote XMP:XMP-xmpNote:HasExtendedXMP
dataset_new_ignored/2026-09-24__pixel/class_011__Peru_Minca/PXL_20260924_124437879.jpg,fec8efedfe3b1194a777174dc5a74b9cd3bcf7d36da2c9b889bfd56151cbc1f5,5e07f1c92dfe9a01817c39b563eabf2aebd3911a63f07c9a5075c3d02c2e9fc4,4dbfa3643d871010a5e969444477012e3463dea9de821355bf86908fa9207e85,EXIF:GPS:GPSAltitude EXIF:GPS:GPSAltitudeRef EXIF:GPS:GPSDateStamp EXIF:GPS:GPSImgDirection EXIF:GPS:GPSImgDirectionRef EXIF:GPS:GPSLatitude EXIF:GPS:GPSLatitudeRef EXIF:GPS:GPSLongitude EXIF:GPS:GPSLongitudeRef EXIF:GPS:GPSTimeStamp EXIF:GPS:GPSVersionID EXIF:IFD1:Compression EXIF:IFD1:Orientation EXIF:IFD1:ResolutionUnit EXIF:IFD1:ThumbnailImage EXIF:IFD1:ThumbnailLength EXIF:IFD1:ThumbnailOffset EXIF:IFD1:XResolution EXIF:IFD1:YResolution JUMBF:CBOR:ActionsAction JUMBF:CBOR:ActionsDescription JUMBF:CBOR:ActionsDigitalSourceType JUMBF:CBOR:Alg JUMBF:CBOR:Claim_Generator_InfoName JUMBF:CBOR:Claim_Generator_InfoVersion JUMBF:CBOR:Created_AssertionsHash JUMBF:CBOR:Created_AssertionsUrl JUMBF:CBOR:ExclusionsLength JUMBF:CBOR:ExclusionsStart JUMBF:CBOR:Hash JUMBF:CBOR:InstanceID JUMBF:CBOR:Item0 JUMBF:CBOR:Item1Pad JUMBF:CBOR:Item1Pad2 JUMBF:CBOR:Item1SigTst2TstTokensVal JUMBF:CBOR:Item2 JUMBF:CBOR:Item3 JUMBF:CBOR:Pad JUMBF:CBOR:Pad2 JUMBF:CBOR:PartsHashAssertionHash JUMBF:CBOR:PartsHashAssertionUrl JUMBF:CBOR:PartsLocationByteOffset JUMBF:CBOR:PartsLocationLength JUMBF:CBOR:PartsOptional JUMBF:CBOR:Signature JUMBF:JUMDLabel JUMBF:JUMDToggles JUMBF:JUMDType XMP:XMP-GCamera:HdrPlusMakernote XMP:XMP-xmpNote:HasExtendedXMP
dataset_new_ignored/2026-09-24__pixel/class_011__Peru_Minca/PXL_20260924_124459056.jpg,b3b1de3b639f068b466340d8b431e29a0d023b5cdcd134b34b00ac617fe2b23e,d9ab1ca2f31fd25c664befd81b601f4fb5be54d1327620dedd6432672f910a41,fb4647ebf1c83f393f4eaf6ba02a88b43fdd1769095f835fc410a84c42ce10ff,EXIF:GPS:GPSAltitude EXIF:GPS:GPSAltitudeRef EXIF:GPS:GPSDateStamp EXIF:GPS:GPSImgDirection EXIF:GPS:GPSImgDirectionRef EXIF:GPS:GPSLatitude EXIF:GPS:GPSLatitudeRef EXIF:GPS:GPSLongitude EXIF:GPS:GPSLongitudeRef EXIF:GPS:GPSTimeStamp EXIF:GPS:GPSVersionID EXIF:IFD1:Compression EXIF:IFD1:Orientation EXIF:IFD1:ResolutionUnit EXIF:IFD1:ThumbnailImage EXIF:IFD1:ThumbnailLength EXIF:IFD1:ThumbnailOffset EXIF:IFD1:XResolution EXIF:IFD1:YResolution JUMBF:CBOR:ActionsAction JUMBF:CBOR:ActionsDescription JUMBF:CBOR:ActionsDigitalSourceType JUMBF:CBOR:Alg JUMBF:CBOR:Claim_Generator_InfoName JUMBF:CBOR:Claim_Generator_InfoVersion JUMBF:CBOR:Created_AssertionsHash JUMBF:CBOR:Created_AssertionsUrl JUMBF:CBOR:ExclusionsLength JUMBF:CBOR:ExclusionsStart JUMBF:CBOR:Hash JUMBF:CBOR:InstanceID JUMBF:CBOR:Item0 JUMBF:CBOR:Item1Pad JUMBF:CBOR:Item1Pad2 JUMBF:CBOR:Item1SigTst2TstTokensVal JUMBF:CBOR:Item2 JUMBF:CBOR:Item3 JUMBF:CBOR:Pad JUMBF:CBOR:Pad2 JUMBF:CBOR:PartsHashAssertionHash JUMBF:CBOR:PartsHashAssertionUrl JUMBF:CBOR:PartsLocationByteOffset JUMBF:CBOR:PartsLocationLength JUMBF:CBOR:PartsOptional JUMBF:CBOR:Signature JUMBF:JUMDLabel JUMBF:JUMDToggles JUMBF:JUMDType XMP:XMP-GCamera:HdrPlusMakernote XMP:XMP-xmpNote:HasExtendedXMP
dataset_new_ignored/2026-09-24__pixel/class_011__Peru_Minca/PXL_20260924_124532686.jpg,768b21b1f59693fc48ff075f52a9a70844faec05f741b0782351f8406930a5d9,cb5b147c6d72b3563a54011b8d61353dd1190789a5fa2dec77d19032c4f12d87,e43e9039eb1fe8f58088179b0b0d0b248a5172c5e67f9cdceb211b17ef10cb36,EXIF:GPS:GPSAltitude EXIF:GPS:GPSAltitudeRef EXIF:GPS:GPSDateStamp EXIF:GPS:GPSImgDirection EXIF:GPS:GPSImgDirectionRef EXIF:GPS:GPSLatitude EXIF:GPS:GPSLatitudeRef EXIF:GPS:GPSLongitude EXIF:GPS:GPSLongitudeRef EXIF:GPS:GPSTimeStamp EXIF:GPS:GPSVersionID EXIF:IFD1:Compression EXIF:IFD1:Orientation EXIF:IFD1:ResolutionUnit EXIF:IFD1:ThumbnailImage EXIF:IFD1:ThumbnailLength EXIF:IFD1:ThumbnailOffset EXIF:IFD1:XResolution EXIF:IFD1:YResolution JUMBF:CBOR:ActionsAction JUMBF:CBOR:ActionsDescription JUMBF:CBOR:ActionsDigitalSourceType JUMBF:CBOR:Alg JUMBF:CBOR:Claim_Generator_InfoName JUMBF:CBOR:Claim_Generator_InfoVersion JUMBF:CBOR:Created_AssertionsHash JUMBF:CBOR:Created_AssertionsUrl JUMBF:CBOR:ExclusionsLength JUMBF:CBOR:ExclusionsStart JUMBF:CBOR:Hash JUMBF:CBOR:InstanceID JUMBF:CBOR:Item0 JUMBF:CBOR:Item1Pad JUMBF:CBOR:Item1Pad2 JUMBF:CBOR:Item1SigTst2TstTokensVal JUMBF:CBOR:Item2 JUMBF:CBOR:Item3 JUMBF:CBOR:Pad JUMBF:CBOR:Pad2 JUMBF:CBOR:PartsHashAssertionHash JUMBF:CBOR:PartsHashAssertionUrl JUMBF:CBOR:PartsLocationByteOffset JUMBF:CBOR:PartsLocationLength JUMBF:CBOR:PartsOptional JUMBF:CBOR:Signature JUMBF:JUMDLabel JUMBF:JUMDToggles JUMBF:JUMDType XMP:XMP-GCamera:HdrPlusMakernote XMP:XMP-xmpNote:HasExtendedXMP
dataset_new_ignored/2026-09-24__pixel/class_012__Rwanda_Gisuma/PXL_20260924_054328836.jpg,3de6e34494823805d381ae43aeb6e697c7552e0ff795eee01e1897085c0e5bdf,808b80b4f77fc5f1e9f2ecac04ab59545a05fcbead92ded0d1ba8876e66d250c,414e51be924e791af2cb39f4f2f2cbb6ea6467b35a8795d7926a155e6a789efe,EXIF:GPS:GPSAltitude EXIF:GPS:GPSAltitudeRef EXIF:GPS:GPSDateStamp EXIF:GPS:GPSImgDirection EXIF:GPS:GPSImgDirectionRef EXIF:GPS:GPSLatitude EXIF:GPS:GPSLatitudeRef EXIF:GPS:GPSLongitude EXIF:GPS:GPSLongitudeRef EXIF:GPS:GPSTimeStamp EXIF:GPS:GPSVersionID EXIF:IFD1:Compression EXIF:IFD1:Orientation EXIF:IFD1:ResolutionUnit EXIF:IFD1:ThumbnailImage EXIF:IFD1:ThumbnailLength EXIF:IFD1:ThumbnailOffset EXIF:IFD1:XResolution EXIF:IFD1:YResolution JUMBF:CBOR:ActionsAction JUMBF:CBOR:ActionsDescription JUMBF:CBOR:ActionsDigitalSourceType JUMBF:CBOR:Alg JUMBF:CBOR:Claim_Generator_InfoName JUMBF:CBOR:Claim_Generator_InfoVersion JUMBF:CBOR:Created_AssertionsHash JUMBF:CBOR:Created_AssertionsUrl JUMBF:CBOR:ExclusionsLength JUMBF:CBOR:ExclusionsStart JUMBF:CBOR:Hash JUMBF:CBOR:InstanceID JUMBF:CBOR:Item0 JUMBF:CBOR:Item1Pad JUMBF:CBOR:Item1Pad2 JUMBF:CBOR:Item1SigTst2TstTokensVal JUMBF:CBOR:Item2 JUMBF:CBOR:Item3 JUMBF:CBOR:Pad JUMBF:CBOR:Pad2 JUMBF:CBOR:PartsHashAssertionHash JUMBF:CBOR:PartsHashAssertionUrl JUMBF:CBOR:PartsLocationByteOffset JUMBF:CBOR:PartsLocationLength JUMBF:CBOR:PartsOptional JUMBF:CBOR:Signature JUMBF:JUMDLabel JUMBF:JUMDToggles JUMBF:JUMDType XMP:XMP-GCamera:HdrPlusMakernote XMP:XMP-xmpNote:HasExtendedXMP
dataset_new_ignored/2026-09-24__pixel/class_012__Rwanda_Gisuma/PXL_20260924_054415323.jpg,c7504f7b68c4e7308b47a418915a5b5c094ea3c83d89d4cfce56928ddebab5be,4fa033378a69f9fa552cb418351d3a9d1e5ab07ecba00cb88ba7bc73d5da4bd8,66cdb4ef4d74769006a5540214e8377d0251639ec925bca4e7a60ee8f0f21858,EXIF:GPS:GPSAltitude EXIF:GPS:GPSAltitudeRef EXIF:GPS:GPSDateStamp EXIF:GPS:GPSImgDirection EXIF:GPS:GPSImgDirectionRef EXIF:GPS:GPSLatitude EXIF:GPS:GPSLatitudeRef EXIF:GPS:GPSLongitude EXIF:GPS:GPSLongitudeRef EXIF:GPS:GPSTimeStamp EXIF:GPS:GPSVersionID EXIF:IFD1:Compression EXIF:IFD1:Orientation EXIF:IFD1:ResolutionUnit EXIF:IFD1:ThumbnailImage EXIF:IFD1:ThumbnailLength EXIF:IFD1:ThumbnailOffset EXIF:IFD1:XResolution EXIF:IFD1:YResolution JUMBF:CBOR:ActionsAction JUMBF:CBOR:ActionsDescription JUMBF:CBOR:ActionsDigitalSourceType JUMBF:CBOR:Alg JUMBF:CBOR:Claim_Generator_InfoName JUMBF:CBOR:Claim_Generator_InfoVersion JUMBF:CBOR:Created_AssertionsHash JUMBF:CBOR:Created_AssertionsUrl JUMBF:CBOR:ExclusionsLength JUMBF:CBOR:ExclusionsStart JUMBF:CBOR:Hash JUMBF:CBOR:InstanceID JUMBF:CBOR:Item0 JUMBF:CBOR:Item1Pad JUMBF:CBOR:Item1Pad2 JUMBF:CBOR:Item1SigTst2TstTokensVal JUMBF:CBOR:Item2 JUMBF:CBOR:Item3 JUMBF:CBOR:Pad JUMBF:CBOR:Pad2 JUMBF:CBOR:PartsHashAssertionHash JUMBF:CBOR:PartsHashAssertionUrl JUMBF:CBOR:PartsLocationByteOffset JUMBF:CBOR:PartsLocationLength JUMBF:CBOR:PartsOptional JUMBF:CBOR:Signature JUMBF:JUMDLabel JUMBF:JUMDToggles JUMBF:JUMDType XMP:XMP-GCamera:HdrPlusMakernote XMP:XMP-xmpNote:HasExtendedXMP
dataset_new_ignored/2026-09-24__pixel/class_012__Rwanda_Gisuma/PXL_20260924_054456514.jpg,ea684ac0b255893b1902a5433b905f97c98a64c566d4d585b84f8850b8892e19,e52544bc0ba4574f2bc6558d1e1cee33d4ee08243cb424aebbc9a66736052054,47f72da22ef9da3044b7746082fd0ead0dabfb15d9f5163a0fe1cf7a8c241e6b,EXIF:GPS:GPSAltitude EXIF:GPS:GPSAltitudeRef EXIF:GPS:GPSDateStamp EXIF:GPS:GPSImgDirection EXIF:GPS:GPSImgDirectionRef EXIF:GPS:GPSLatitude EXIF:GPS:GPSLatitudeRef EXIF:GPS:GPSLongitude EXIF:GPS:GPSLongitudeRef EXIF:GPS:GPSTimeStamp EXIF:GPS:GPSVersionID EXIF:IFD1:Compression EXIF:IFD1:Orientation EXIF:IFD1:ResolutionUnit EXIF:IFD1:ThumbnailImage EXIF:IFD1:ThumbnailLength EXIF:IFD1:ThumbnailOffset EXIF:IFD1:XResolution EXIF:IFD1:YResolution JUMBF:CBOR:ActionsAction JUMBF:CBOR:ActionsDescription JUMBF:CBOR:ActionsDigitalSourceType JUMBF:CBOR:Alg JUMBF:CBOR:Claim_Generator_InfoName JUMBF:CBOR:Claim_Generator_InfoVersion JUMBF:CBOR:Created_AssertionsHash JUMBF:CBOR:Created_AssertionsUrl JUMBF:CBOR:ExclusionsLength JUMBF:CBOR:ExclusionsStart JUMBF:CBOR:Hash JUMBF:CBOR:InstanceID JUMBF:CBOR:Item0 JUMBF:CBOR:Item1Pad JUMBF:CBOR:Item1Pad2 JUMBF:CBOR:Item1SigTst2TstTokensVal JUMBF:CBOR:Item2 JUMBF:CBOR:Item3 JUMBF:CBOR:Pad JUMBF:CBOR:Pad2 JUMBF:CBOR:PartsHashAssertionHash JUMBF:CBOR:PartsHashAssertionUrl JUMBF:CBOR:PartsLocationByteOffset JUMBF:CBOR:PartsLocationLength JUMBF:CBOR:PartsOptional JUMBF:CBOR:Signature JUMBF:JUMDLabel JUMBF:JUMDToggles JUMBF:JUMDType XMP:XMP-GCamera:HdrPlusMakernote XMP:XMP-xmpNote:HasExtendedXMP
dataset_new_ignored/2026-09-24__pixel/class_012__Rwanda_Gisuma/PXL_20260924_054601778.jpg,bf62453cd32adc646737bcf505798ac2ee4a6a0301199d4af2362aea0580ceb9,bb261718b23bbc3bf09af064cf8927db214f51b03f9a0742f652419aa930b83f,4169caa5bdad902555b08e259aa68c1e6b6c05e6da9ce0e28846b4ada98cb7e4,EXIF:GPS:GPSAltitude EXIF:GPS:GPSAltitudeRef EXIF:GPS:GPSDateStamp EXIF:GPS:GPSImgDirection EXIF:GPS:GPSImgDirectionRef EXIF:GPS:GPSLatitude EXIF:GPS:GPSLatitudeRef EXIF:GPS:GPSLongitude EXIF:GPS:GPSLongitudeRef EXIF:GPS:GPSTimeStamp EXIF:GPS:GPSVersionID EXIF:IFD1:Compression EXIF:IFD1:Orientation EXIF:IFD1:ResolutionUnit EXIF:IFD1:ThumbnailImage EXIF:IFD1:ThumbnailLength EXIF:IFD1:ThumbnailOffset EXIF:IFD1:XResolution EXIF:IFD1:YResolution JUMBF:CBOR:ActionsAction JUMBF:CBOR:ActionsDescription JUMBF:CBOR:ActionsDigitalSourceType JUMBF:CBOR:Alg JUMBF:CBOR:Claim_Generator_InfoName JUMBF:CBOR:Claim_Generator_InfoVersion JUMBF:CBOR:Created_AssertionsHash JUMBF:CBOR:Created_AssertionsUrl JUMBF:CBOR:ExclusionsLength JUMBF:CBOR:ExclusionsStart JUMBF:CBOR:Hash JUMBF:CBOR:InstanceID JUMBF:CBOR:Item0 JUMBF:CBOR:Item1Pad JUMBF:CBOR:Item1Pad2 JUMBF:CBOR:Item1SigTst2TstTokensVal JUMBF:CBOR:Item2 JUMBF:CBOR:Item3 JUMBF:CBOR:Pad JUMBF:CBOR:Pad2 JUMBF:CBOR:PartsHashAssertionHash JUMBF:CBOR:PartsHashAssertionUrl JUMBF:CBOR:PartsLocationByteOffset JUMBF:CBOR:PartsLocationLength JUMBF:CBOR:PartsOptional JUMBF:CBOR:Signature JUMBF:JUMDLabel JUMBF:JUMDToggles JUMBF:JUMDType XMP:XMP-GCamera:HdrPlusMakernote XMP:XMP-xmpNote:HasExtendedXMP
dataset_new_ignored/2026-09-24__pixel/class_012__Rwanda_Gisuma/PXL_20260924_054647429.jpg,f9213e2fced29f8cc2650bc5d0dd36f67d06aee22c355056b56b0a451d4c3035,dbc32231d9d1713da92cce6bca435e483cc57afa09b0ce600a204bf0f428f3c7,2fe7a53b73bebbc8a3da14fba8d6c31fec24facbd06b5255b3fe94967341537a,EXIF:GPS:GPSAltitude EXIF:GPS:GPSAltitudeRef EXIF:GPS:GPSDateStamp EXIF:GPS:GPSImgDirection EXIF:GPS:GPSImgDirectionRef EXIF:GPS:GPSLatitude EXIF:GPS:GPSLatitudeRef EXIF:GPS:GPSLongitude EXIF:GPS:GPSLongitudeRef EXIF:GPS:GPSTimeStamp EXIF:GPS:GPSVersionID EXIF:IFD1:Compression EXIF:IFD1:Orientation EXIF:IFD1:ResolutionUnit EXIF:IFD1:ThumbnailImage EXIF:IFD1:ThumbnailLength EXIF:IFD1:ThumbnailOffset EXIF:IFD1:XResolution EXIF:IFD1:YResolution JUMBF:CBOR:ActionsAction JUMBF:CBOR:ActionsDescription JUMBF:CBOR:ActionsDigitalSourceType JUMBF:CBOR:Alg JUMBF:CBOR:Claim_Generator_InfoName JUMBF:CBOR:Claim_Generator_InfoVersion JUMBF:CBOR:Created_AssertionsHash JUMBF:CBOR:Created_AssertionsUrl JUMBF:CBOR:ExclusionsLength JUMBF:CBOR:ExclusionsStart JUMBF:CBOR:Hash JUMBF:CBOR:InstanceID JUMBF:CBOR:Item0 JUMBF:CBOR:Item1Pad JUMBF:CBOR:Item1Pad2 JUMBF:CBOR:Item1SigTst2TstTokensVal JUMBF:CBOR:Item2 JUMBF:CBOR:Item3 JUMBF:CBOR:Pad JUMBF:CBOR:Pad2 JUMBF:CBOR:PartsHashAssertionHash JUMBF:CBOR:PartsHashAssertionUrl JUMBF:CBOR:PartsLocationByteOffset JUMBF:CBOR:PartsLocationLength JUMBF:CBOR:PartsOptional JUMBF:CBOR:Signature JUMBF:JUMDLabel JUMBF:JUMDToggles JUMBF:JUMDType XMP:XMP-GCamera:HdrPlusMakernote XMP:XMP-xmpNote:HasExtendedXMP
dataset_new_ignored/2026-09-24__pixel/class_012__Rwanda_Gisuma/PXL_20260924_054741129.jpg,9a3436a1e3aa2d374d06cde2de3a6293fd45c206c6f44981affd3d38c7e555d3,db00ca5f08c288ac57763d54c01f9a33bfba2aeae1473188e7fd093fca86627c,a1c04fc945762a0f21cb6d4324f97f75563e71984afcc45cf4dcaf7f17e48ad0,EXIF:GPS:GPSAltitude EXIF:GPS:GPSAltitudeRef EXIF:GPS:GPSDateStamp EXIF:GPS:GPSImgDirection EXIF:GPS:GPSImgDirectionRef EXIF:GPS:GPSLatitude EXIF:GPS:GPSLatitudeRef EXIF:GPS:GPSLongitude EXIF:GPS:GPSLongitudeRef EXIF:GPS:GPSTimeStamp EXIF:GPS:GPSVersionID EXIF:IFD1:Compression EXIF:IFD1:Orientation EXIF:IFD1:ResolutionUnit EXIF:IFD1:ThumbnailImage EXIF:IFD1:ThumbnailLength EXIF:IFD1:ThumbnailOffset EXIF:IFD1:XResolution EXIF:IFD1:YResolution JUMBF:CBOR:ActionsAction JUMBF:CBOR:ActionsDescription JUMBF:CBOR:ActionsDigitalSourceType JUMBF:CBOR:Alg JUMBF:CBOR:Claim_Generator_InfoName JUMBF:CBOR:Claim_Generator_InfoVersion JUMBF:CBOR:Created_AssertionsHash JUMBF:CBOR:Created_AssertionsUrl JUMBF:CBOR:ExclusionsLength JUMBF:CBOR:ExclusionsStart JUMBF:CBOR:Hash JUMBF:CBOR:InstanceID JUMBF:CBOR:Item0 JUMBF:CBOR:Item1Pad JUMBF:CBOR:Item1Pad2 JUMBF:CBOR:Item1SigTst2TstTokensVal JUMBF:CBOR:Item2 JUMBF:CBOR:Item3 JUMBF:CBOR:Pad JUMBF:CBOR:Pad2 JUMBF:CBOR:PartsHashAssertionHash JUMBF:CBOR:PartsHashAssertionUrl JUMBF:CBOR:PartsLocationByteOffset JUMBF:CBOR:PartsLocationLength JUMBF:CBOR:PartsOptional JUMBF:CBOR:Signature JUMBF:JUMDLabel JUMBF:JUMDToggles JUMBF:JUMDType XMP:XMP-GCamera:HdrPlusMakernote XMP:XMP-xmpNote:HasExtendedXMP
dataset_new_ignored/2026-09-24__pixel/class_012__Rwanda_Gisuma/PXL_20260924_054756745.jpg,bc20db407da66c4349c96c4c07e23897efa897dbd784bdcf23c614dba48dc951,77b25ddf2e15ddfa8ac8e18b1b49f09a1dddcc0bdd65f263f437dd9f28aaf591,b4a9ca47df41d01765ac98eb4efe721eb5fffb276273f16a6a48894dc6d70057,EXIF:GPS:GPSAltitude EXIF:GPS:GPSAltitudeRef EXIF:GPS:GPSDateStamp EXIF:GPS:GPSImgDirection EXIF:GPS:GPSImgDirectionRef EXIF:GPS:GPSLatitude EXIF:GPS:GPSLatitudeRef EXIF:GPS:GPSLongitude EXIF:GPS:GPSLongitudeRef EXIF:GPS:GPSTimeStamp EXIF:GPS:GPSVersionID EXIF:IFD1:Compression EXIF:IFD1:Orientation EXIF:IFD1:ResolutionUnit EXIF:IFD1:ThumbnailImage EXIF:IFD1:ThumbnailLength EXIF:IFD1:ThumbnailOffset EXIF:IFD1:XResolution EXIF:IFD1:YResolution JUMBF:CBOR:ActionsAction JUMBF:CBOR:ActionsDescription JUMBF:CBOR:ActionsDigitalSourceType JUMBF:CBOR:Alg JUMBF:CBOR:Claim_Generator_InfoName JUMBF:CBOR:Claim_Generator_InfoVersion JUMBF:CBOR:Created_AssertionsHash JUMBF:CBOR:Created_AssertionsUrl JUMBF:CBOR:ExclusionsLength JUMBF:CBOR:ExclusionsStart JUMBF:CBOR:Hash JUMBF:CBOR:InstanceID JUMBF:CBOR:Item0 JUMBF:CBOR:Item1Pad JUMBF:CBOR:Item1Pad2 JUMBF:CBOR:Item1SigTst2TstTokensVal JUMBF:CBOR:Item2 JUMBF:CBOR:Item3 JUMBF:CBOR:Pad JUMBF:CBOR:Pad2 JUMBF:CBOR:PartsHashAssertionHash JUMBF:CBOR:PartsHashAssertionUrl JUMBF:CBOR:PartsLocationByteOffset JUMBF:CBOR:PartsLocationLength JUMBF:CBOR:PartsOptional JUMBF:CBOR:Signature JUMBF:JUMDLabel JUMBF:JUMDToggles JUMBF:JUMDType XMP:XMP-GCamera:HdrPlusMakernote XMP:XMP-xmpNote:HasExtendedXMP
dataset_new_ignored/2026-09-24__pixel/class_012__Rwanda_Gisuma/PXL_20260924_054826057.jpg,75670adf278a0ed48ba17d603ccd89ace206f46e154ceac6054aacc718dbece9,0635852ef4fde404fd8a900c11402d42dd4f2b1fe7bc33aef2352bf654a8802d,eb2fc5ad9ae77aaa895e22cbc84dc53aeb6ab97625af89d6f862bd49a61dfaaf,EXIF:GPS:GPSAltitude EXIF:GPS:GPSAltitudeRef EXIF:GPS:GPSDateStamp EXIF:GPS:GPSImgDirection EXIF:GPS:GPSImgDirectionRef EXIF:GPS:GPSLatitude EXIF:GPS:GPSLatitudeRef EXIF:GPS:GPSLongitude EXIF:GPS:GPSLongitudeRef EXIF:GPS:GPSTimeStamp EXIF:GPS:GPSVersionID EXIF:IFD1:Compression EXIF:IFD1:Orientation EXIF:IFD1:ResolutionUnit EXIF:IFD1:ThumbnailImage EXIF:IFD1:ThumbnailLength EXIF:IFD1:ThumbnailOffset EXIF:IFD1:XResolution EXIF:IFD1:YResolution JUMBF:CBOR:ActionsAction JUMBF:CBOR:ActionsDescription JUMBF:CBOR:ActionsDigitalSourceType JUMBF:CBOR:Alg JUMBF:CBOR:Claim_Generator_InfoName JUMBF:CBOR:Claim_Generator_InfoVersion JUMBF:CBOR:Created_AssertionsHash JUMBF:CBOR:Created_AssertionsUrl JUMBF:CBOR:ExclusionsLength JUMBF:CBOR:ExclusionsStart JUMBF:CBOR:Hash JUMBF:CBOR:InstanceID JUMBF:CBOR:Item0 JUMBF:CBOR:Item1Pad JUMBF:CBOR:Item1Pad2 JUMBF:CBOR:Item1SigTst2TstTokensVal JUMBF:CBOR:Item2 JUMBF:CBOR:Item3 JUMBF:CBOR:Pad JUMBF:CBOR:Pad2 JUMBF:CBOR:PartsHashAssertionHash JUMBF:CBOR:PartsHashAssertionUrl JUMBF:CBOR:PartsLocationByteOffset JUMBF:CBOR:PartsLocationLength JUMBF:CBOR:PartsOptional JUMBF:CBOR:Signature JUMBF:JUMDLabel JUMBF:JUMDToggles JUMBF:JUMDType XMP:XMP-GCamera:HdrPlusMakernote XMP:XMP-xmpNote:HasExtendedXMP
dataset_new_ignored/2026-09-24__pixel/class_012__Rwanda_Gisuma/PXL_20260924_054856833.jpg,6ff7b744e6e8ca73cde7a73e15b956679ce8e2d5353e3b3b4d4e3242a1137f64,33f5c7126840c437b90952a5839a6f3f80b56b823c566bd552680383f1024a70,da7bc75ac5332dd066cdf48a782e08c42dc6d88b1e26baa1f82ab0b9519adce9,EXIF:GPS:GPSAltitude EXIF:GPS:GPSAltitudeRef EXIF:GPS:GPSDateStamp EXIF:GPS:GPSImgDirection EXIF:GPS:GPSImgDirectionRef EXIF:GPS:GPSLatitude EXIF:GPS:GPSLatitudeRef EXIF:GPS:GPSLongitude EXIF:GPS:GPSLongitudeRef EXIF:GPS:GPSTimeStamp EXIF:GPS:GPSVersionID EXIF:IFD1:Compression EXIF:IFD1:Orientation EXIF:IFD1:ResolutionUnit EXIF:IFD1:ThumbnailImage EXIF:IFD1:ThumbnailLength EXIF:IFD1:ThumbnailOffset EXIF:IFD1:XResolution EXIF:IFD1:YResolution JUMBF:CBOR:ActionsAction JUMBF:CBOR:ActionsDescription JUMBF:CBOR:ActionsDigitalSourceType JUMBF:CBOR:Alg JUMBF:CBOR:Claim_Generator_InfoName JUMBF:CBOR:Claim_Generator_InfoVersion JUMBF:CBOR:Created_AssertionsHash JUMBF:CBOR:Created_AssertionsUrl JUMBF:CBOR:ExclusionsLength JUMBF:CBOR:ExclusionsStart JUMBF:CBOR:Hash JUMBF:CBOR:InstanceID JUMBF:CBOR:Item0 JUMBF:CBOR:Item1Pad JUMBF:CBOR:Item1Pad2 JUMBF:CBOR:Item1SigTst2TstTokensVal JUMBF:CBOR:Item2 JUMBF:CBOR:Item3 JUMBF:CBOR:Pad JUMBF:CBOR:Pad2 JUMBF:CBOR:PartsHashAssertionHash JUMBF:CBOR:PartsHashAssertionUrl JUMBF:CBOR:PartsLocationByteOffset JUMBF:CBOR:PartsLocationLength JUMBF:CBOR:PartsOptional JUMBF:CBOR:Signature JUMBF:JUMDLabel JUMBF:JUMDToggles JUMBF:JUMDType XMP:XMP-GCamera:HdrPlusMakernote XMP:XMP-xmpNote:HasExtendedXMP
dataset_new_ignored/2026-09-24__pixel/class_012__Rwanda_Gisuma/PXL_20260924_054942889.jpg,80787c16596a200793cbe6c6aa16d0b8b94b2a4404e9ec8c8bd5f15525c4960f,889166b90608ebc674f67aa9db8693af97d9c2655caa785cb5b2efe499cc0b0b,0cd02fb24d68f631c025a3db656632164f7c61c08a1bd6c65f0ca2c891c5278c,EXIF:GPS:GPSAltitude EXIF:GPS:GPSAltitudeRef EXIF:GPS:GPSDateStamp EXIF:GPS:GPSImgDirection EXIF:GPS:GPSImgDirectionRef EXIF:GPS:GPSLatitude EXIF:GPS:GPSLatitudeRef EXIF:GPS:GPSLongitude EXIF:GPS:GPSLongitudeRef EXIF:GPS:GPSTimeStamp EXIF:GPS:GPSVersionID EXIF:IFD1:Compression EXIF:IFD1:Orientation EXIF:IFD1:ResolutionUnit EXIF:IFD1:ThumbnailImage EXIF:IFD1:ThumbnailLength EXIF:IFD1:ThumbnailOffset EXIF:IFD1:XResolution EXIF:IFD1:YResolution JUMBF:CBOR:ActionsAction JUMBF:CBOR:ActionsDescription JUMBF:CBOR:ActionsDigitalSourceType JUMBF:CBOR:Alg JUMBF:CBOR:Claim_Generator_InfoName JUMBF:CBOR:Claim_Generator_InfoVersion JUMBF:CBOR:Created_AssertionsHash JUMBF:CBOR:Created_AssertionsUrl JUMBF:CBOR:ExclusionsLength JUMBF:CBOR:ExclusionsStart JUMBF:CBOR:Hash JUMBF:CBOR:InstanceID JUMBF:CBOR:Item0 JUMBF:CBOR:Item1Pad JUMBF:CBOR:Item1Pad2 JUMBF:CBOR:Item1SigTst2TstTokensVal JUMBF:CBOR:Item2 JUMBF:CBOR:Item3 JUMBF:CBOR:Pad JUMBF:CBOR:Pad2 JUMBF:CBOR:PartsHashAssertionHash JUMBF:CBOR:PartsHashAssertionUrl JUMBF:CBOR:PartsLocationByteOffset JUMBF:CBOR:PartsLocationLength JUMBF:CBOR:PartsOptional JUMBF:CBOR:Signature JUMBF:JUMDLabel JUMBF:JUMDToggles JUMBF:JUMDType XMP:XMP-GCamera:HdrPlusMakernote XMP:XMP-xmpNote:HasExtendedXMP
dataset_new_ignored/2026-09-24__pixel/class_012__Rwanda_Gisuma/PXL_20260924_055038934.jpg,33a5b0ef4e235cb51787d412c35f0155f58722dcbcea553eaaed13bcb807c6e9,20fd7e33227dc9834ccce99e3773bb208e9d5acd7ca789a497710c91831e81a8,36c657af5545af090106e37eebf63da62871f6b514ddea6dae5275f42eb38de2,EXIF:GPS:GPSAltitude EXIF:GPS:GPSAltitudeRef EXIF:GPS:GPSDateStamp EXIF:GPS:GPSImgDirection EXIF:GPS:GPSImgDirectionRef EXIF:GPS:GPSLatitude EXIF:GPS:GPSLatitudeRef EXIF:GPS:GPSLongitude EXIF:GPS:GPSLongitudeRef EXIF:GPS:GPSTimeStamp EXIF:GPS:GPSVersionID EXIF:IFD1:Compression EXIF:IFD1:Orientation EXIF:IFD1:ResolutionUnit EXIF:IFD1:ThumbnailImage EXIF:IFD1:ThumbnailLength EXIF:IFD1:ThumbnailOffset EXIF:IFD1:XResolution EXIF:IFD1:YResolution JUMBF:CBOR:ActionsAction JUMBF:CBOR:ActionsDescription JUMBF:CBOR:ActionsDigitalSourceType JUMBF:CBOR:Alg JUMBF:CBOR:Claim_Generator_InfoName JUMBF:CBOR:Claim_Generator_InfoVersion JUMBF:CBOR:Created_AssertionsHash JUMBF:CBOR:Created_AssertionsUrl JUMBF:CBOR:ExclusionsLength JUMBF:CBOR:ExclusionsStart JUMBF:CBOR:Hash JUMBF:CBOR:InstanceID JUMBF:CBOR:Item0 JUMBF:CBOR:Item1Pad JUMBF:CBOR:Item1Pad2 JUMBF:CBOR:Item1SigTst2TstTokensVal JUMBF:CBOR:Item2 JUMBF:CBOR:Item3 JUMBF:CBOR:Pad JUMBF:CBOR:Pad2 JUMBF:CBOR:PartsHashAssertionHash JUMBF:CBOR:PartsHashAssertionUrl JUMBF:CBOR:PartsLocationByteOffset JUMBF:CBOR:PartsLocationLength JUMBF:CBOR:PartsOptional JUMBF:CBOR:Signature JUMBF:JUMDLabel JUMBF:JUMDToggles JUMBF:JUMDType XMP:XMP-GCamera:HdrPlusMakernote XMP:XMP-xmpNote:HasExtendedXMP
dataset_new_ignored/2026-09-24__pixel/class_012__Rwanda_Gisuma/PXL_20260924_055142451.jpg,c5002c66f8f51b1d94b53ab1f01644e314b5cb0bb8e250db6b7a632f853dc7b3,689a2f5891f35d12d9b332ff34cd6efd427b60eae558a73a4b40e3af001a1fd1,9028ac743f6b31fb02fb12da17b101939614ef6393297e8037fe980923864925,EXIF:GPS:GPSAltitude EXIF:GPS:GPSAltitudeRef EXIF:GPS:GPSDateStamp EXIF:GPS:GPSImgDirection EXIF:GPS:GPSImgDirectionRef EXIF:GPS:GPSLatitude EXIF:GPS:GPSLatitudeRef EXIF:GPS:GPSLongitude EXIF:GPS:GPSLongitudeRef EXIF:GPS:GPSTimeStamp EXIF:GPS:GPSVersionID EXIF:IFD1:Compression EXIF:IFD1:Orientation EXIF:IFD1:ResolutionUnit EXIF:IFD1:ThumbnailImage EXIF:IFD1:ThumbnailLength EXIF:IFD1:ThumbnailOffset EXIF:IFD1:XResolution EXIF:IFD1:YResolution JUMBF:CBOR:ActionsAction JUMBF:CBOR:ActionsDescription JUMBF:CBOR:ActionsDigitalSourceType JUMBF:CBOR:Alg JUMBF:CBOR:Claim_Generator_InfoName JUMBF:CBOR:Claim_Generator_InfoVersion JUMBF:CBOR:Created_AssertionsHash JUMBF:CBOR:Created_AssertionsUrl JUMBF:CBOR:ExclusionsLength JUMBF:CBOR:ExclusionsStart JUMBF:CBOR:Hash JUMBF:CBOR:InstanceID JUMBF:CBOR:Item0 JUMBF:CBOR:Item1Pad JUMBF:CBOR:Item1Pad2 JUMBF:CBOR:Item1SigTst2TstTokensVal JUMBF:CBOR:Item2 JUMBF:CBOR:Item3 JUMBF:CBOR:Pad JUMBF:CBOR:Pad2 JUMBF:CBOR:PartsHashAssertionHash JUMBF:CBOR:PartsHashAssertionUrl JUMBF:CBOR:PartsLocationByteOffset JUMBF:CBOR:PartsLocationLength JUMBF:CBOR:PartsOptional JUMBF:CBOR:Signature JUMBF:JUMDLabel JUMBF:JUMDToggles JUMBF:JUMDType XMP:XMP-GCamera:HdrPlusMakernote XMP:XMP-xmpNote:HasExtendedXMP
dataset_new_ignored/2026-09-24__pixel/class_012__Rwanda_Gisuma/PXL_20260924_055213820.jpg,164c02492c8207e9fe624b35c76496ec7ab4ccebb7f2d7ae339d85349b901150,f8b9533b9a261aecb07cfa34836e888ee65f6ed666679f3601d223f610a94f32,54368905d6472afe4225fea4dd9bfadd9bdd0f6c596c90a67574b5925d0d204a,EXIF:GPS:GPSAltitude EXIF:GPS:GPSAltitudeRef EXIF:GPS:GPSDateStamp EXIF:GPS:GPSImgDirection EXIF:GPS:GPSImgDirectionRef EXIF:GPS:GPSLatitude EXIF:GPS:GPSLatitudeRef EXIF:GPS:GPSLongitude EXIF:GPS:GPSLongitudeRef EXIF:GPS:GPSTimeStamp EXIF:GPS:GPSVersionID EXIF:IFD1:Compression EXIF:IFD1:Orientation EXIF:IFD1:ResolutionUnit EXIF:IFD1:ThumbnailImage EXIF:IFD1:ThumbnailLength EXIF:IFD1:ThumbnailOffset EXIF:IFD1:XResolution EXIF:IFD1:YResolution JUMBF:CBOR:ActionsAction JUMBF:CBOR:ActionsDescription JUMBF:CBOR:ActionsDigitalSourceType JUMBF:CBOR:Alg JUMBF:CBOR:Claim_Generator_InfoName JUMBF:CBOR:Claim_Generator_InfoVersion JUMBF:CBOR:Created_AssertionsHash JUMBF:CBOR:Created_AssertionsUrl JUMBF:CBOR:ExclusionsLength JUMBF:CBOR:ExclusionsStart JUMBF:CBOR:Hash JUMBF:CBOR:InstanceID JUMBF:CBOR:Item0 JUMBF:CBOR:Item1Pad JUMBF:CBOR:Item1Pad2 JUMBF:CBOR:Item1SigTst2TstTokensVal JUMBF:CBOR:Item2 JUMBF:CBOR:Item3 JUMBF:CBOR:Pad JUMBF:CBOR:Pad2 JUMBF:CBOR:PartsHashAssertionHash JUMBF:CBOR:PartsHashAssertionUrl JUMBF:CBOR:PartsLocationByteOffset JUMBF:CBOR:PartsLocationLength JUMBF:CBOR:PartsOptional JUMBF:CBOR:Signature JUMBF:JUMDLabel JUMBF:JUMDToggles JUMBF:JUMDType XMP:XMP-GCamera:HdrPlusMakernote XMP:XMP-xmpNote:HasExtendedXMP
dataset_new_ignored/2026-09-24__pixel/class_012__Rwanda_Gisuma/PXL_20260924_055238524.jpg,cecbb44c2ceff473b32d60e183aa436f4fa5f1d90e175e6fbd99b006417e2f4d,f634a286edd659a66ace1f04cac1571412ff90a9522dd60e2bc21573f48de465,27e589760721dc7797e02ab8d7db72a61d6a04d7b16bfaa3ee55f2c8e57af14a,EXIF:GPS:GPSAltitude EXIF:GPS:GPSAltitudeRef EXIF:GPS:GPSDateStamp EXIF:GPS:GPSImgDirection EXIF:GPS:GPSImgDirectionRef EXIF:GPS:GPSLatitude EXIF:GPS:GPSLatitudeRef EXIF:GPS:GPSLongitude EXIF:GPS:GPSLongitudeRef EXIF:GPS:GPSTimeStamp EXIF:GPS:GPSVersionID EXIF:IFD1:Compression EXIF:IFD1:Orientation EXIF:IFD1:ResolutionUnit EXIF:IFD1:ThumbnailImage EXIF:IFD1:ThumbnailLength EXIF:IFD1:ThumbnailOffset EXIF:IFD1:XResolution EXIF:IFD1:YResolution JUMBF:CBOR:ActionsAction JUMBF:CBOR:ActionsDescription JUMBF:CBOR:ActionsDigitalSourceType JUMBF:CBOR:Alg JUMBF:CBOR:Claim_Generator_InfoName JUMBF:CBOR:Claim_Generator_InfoVersion JUMBF:CBOR:Created_AssertionsHash JUMBF:CBOR:Created_AssertionsUrl JUMBF:CBOR:ExclusionsLength JUMBF:CBOR:ExclusionsStart JUMBF:CBOR:Hash JUMBF:CBOR:InstanceID JUMBF:CBOR:Item0 JUMBF:CBOR:Item1Pad JUMBF:CBOR:Item1Pad2 JUMBF:CBOR:Item1SigTst2TstTokensVal JUMBF:CBOR:Item2 JUMBF:CBOR:Item3 JUMBF:CBOR:Pad JUMBF:CBOR:Pad2 JUMBF:CBOR:PartsHashAssertionHash JUMBF:CBOR:PartsHashAssertionUrl JUMBF:CBOR:PartsLocationByteOffset JUMBF:CBOR:PartsLocationLength JUMBF:CBOR:PartsOptional JUMBF:CBOR:Signature JUMBF:JUMDLabel JUMBF:JUMDToggles JUMBF:JUMDType XMP:XMP-GCamera:HdrPlusMakernote XMP:XMP-xmpNote:HasExtendedXMP
dataset_new_ignored/2026-09-24__pixel/class_012__Rwanda_Gisuma/PXL_20260924_055321291.jpg,c87aefbfb63e75787c73f1c2eb358ed4d85527b3a11d0eba708d7ad70cb7540f,25e4fa60d36a6b8045a6a99614bae2e5f05f28d5d731e524c185560ae2c44d2d,a783eaeb76b3de34e4ce67371b52a27ebec385a741f8b2edf2e28740be93301d,EXIF:GPS:GPSAltitude EXIF:GPS:GPSAltitudeRef EXIF:GPS:GPSDateStamp EXIF:GPS:GPSImgDirection EXIF:GPS:GPSImgDirectionRef EXIF:GPS:GPSLatitude EXIF:GPS:GPSLatitudeRef EXIF:GPS:GPSLongitude EXIF:GPS:GPSLongitudeRef EXIF:GPS:GPSTimeStamp EXIF:GPS:GPSVersionID EXIF:IFD1:Compression EXIF:IFD1:Orientation EXIF:IFD1:ResolutionUnit EXIF:IFD1:ThumbnailImage EXIF:IFD1:ThumbnailLength EXIF:IFD1:ThumbnailOffset EXIF:IFD1:XResolution EXIF:IFD1:YResolution JUMBF:CBOR:ActionsAction JUMBF:CBOR:ActionsDescription JUMBF:CBOR:ActionsDigitalSourceType JUMBF:CBOR:Alg JUMBF:CBOR:Claim_Generator_InfoName JUMBF:CBOR:Claim_Generator_InfoVersion JUMBF:CBOR:Created_AssertionsHash JUMBF:CBOR:Created_AssertionsUrl JUMBF:CBOR:ExclusionsLength JUMBF:CBOR:ExclusionsStart JUMBF:CBOR:Hash JUMBF:CBOR:InstanceID JUMBF:CBOR:Item0 JUMBF:CBOR:Item1Pad JUMBF:CBOR:Item1Pad2 JUMBF:CBOR:Item1SigTst2TstTokensVal JUMBF:CBOR:Item2 JUMBF:CBOR:Item3 JUMBF:CBOR:Pad JUMBF:CBOR:Pad2 JUMBF:CBOR:PartsHashAssertionHash JUMBF:CBOR:PartsHashAssertionUrl JUMBF:CBOR:PartsLocationByteOffset JUMBF:CBOR:PartsLocationLength JUMBF:CBOR:PartsOptional JUMBF:CBOR:Signature JUMBF:JUMDLabel JUMBF:JUMDToggles JUMBF:JUMDType XMP:XMP-GCamera:HdrPlusMakernote XMP:XMP-xmpNote:HasExtendedXMP
dataset_new_ignored/2026-09-24__pixel/class_012__Rwanda_Gisuma/PXL_20260924_055404017.jpg,668bcb65cbb60f5d7aac39289f0b87418d7ef30bd8fe7631b52a1cd85edd40a4,f1d76bce9efff1ba8cc0ec36a326a3886a7e9bab6cdfb523e5ad1f22d6a70cd4,d0b42885b4c0de501a823ebcb1f1ec68d5bceba1b0c923872400703b94f634eb,EXIF:GPS:GPSAltitude EXIF:GPS:GPSAltitudeRef EXIF:GPS:GPSDateStamp EXIF:GPS:GPSImgDirection EXIF:GPS:GPSImgDirectionRef EXIF:GPS:GPSLatitude EXIF:GPS:GPSLatitudeRef EXIF:GPS:GPSLongitude EXIF:GPS:GPSLongitudeRef EXIF:GPS:GPSTimeStamp EXIF:GPS:GPSVersionID EXIF:IFD1:Compression EXIF:IFD1:Orientation EXIF:IFD1:ResolutionUnit EXIF:IFD1:ThumbnailImage EXIF:IFD1:ThumbnailLength EXIF:IFD1:ThumbnailOffset EXIF:IFD1:XResolution EXIF:IFD1:YResolution JUMBF:CBOR:ActionsAction JUMBF:CBOR:ActionsDescription JUMBF:CBOR:ActionsDigitalSourceType JUMBF:CBOR:Alg JUMBF:CBOR:Claim_Generator_InfoName JUMBF:CBOR:Claim_Generator_InfoVersion JUMBF:CBOR:Created_AssertionsHash JUMBF:CBOR:Created_AssertionsUrl JUMBF:CBOR:ExclusionsLength JUMBF:CBOR:ExclusionsStart JUMBF:CBOR:Hash JUMBF:CBOR:InstanceID JUMBF:CBOR:Item0 JUMBF:CBOR:Item1Pad JUMBF:CBOR:Item1Pad2 JUMBF:CBOR:Item1SigTst2TstTokensVal JUMBF:CBOR:Item2 JUMBF:CBOR:Item3 JUMBF:CBOR:Pad JUMBF:CBOR:Pad2 JUMBF:CBOR:PartsHashAssertionHash JUMBF:CBOR:PartsHashAssertionUrl JUMBF:CBOR:PartsLocationByteOffset JUMBF:CBOR:PartsLocationLength JUMBF:CBOR:PartsOptional JUMBF:CBOR:Signature JUMBF:JUMDLabel JUMBF:JUMDToggles JUMBF:JUMDType XMP:XMP-GCamera:HdrPlusMakernote XMP:XMP-xmpNote:HasExtendedXMP
dataset_new_ignored/2026-09-24__pixel/class_012__Rwanda_Gisuma/PXL_20260924_055543146.jpg,0a9bd9069a1b9581d9a32c1fcc50b5945ca72f09db86d1e2a3b5dfac42be6f04,65c5dd74fc97994f5cdeea14f8088d34150a04916cbec134ee7cfeb505893059,74083c597d40d89209eedf60a85bd284daaaffabef117a1f9f56bb6fc9e3bd69,EXIF:GPS:GPSAltitude EXIF:GPS:GPSAltitudeRef EXIF:GPS:GPSDateStamp EXIF:GPS:GPSImgDirection EXIF:GPS:GPSImgDirectionRef EXIF:GPS:GPSLatitude EXIF:GPS:GPSLatitudeRef EXIF:GPS:GPSLongitude EXIF:GPS:GPSLongitudeRef EXIF:GPS:GPSTimeStamp EXIF:GPS:GPSVersionID EXIF:IFD1:Compression EXIF:IFD1:Orientation EXIF:IFD1:ResolutionUnit EXIF:IFD1:ThumbnailImage EXIF:IFD1:ThumbnailLength EXIF:IFD1:ThumbnailOffset EXIF:IFD1:XResolution EXIF:IFD1:YResolution JUMBF:CBOR:ActionsAction JUMBF:CBOR:ActionsDescription JUMBF:CBOR:ActionsDigitalSourceType JUMBF:CBOR:Alg JUMBF:CBOR:Claim_Generator_InfoName JUMBF:CBOR:Claim_Generator_InfoVersion JUMBF:CBOR:Created_AssertionsHash JUMBF:CBOR:Created_AssertionsUrl JUMBF:CBOR:ExclusionsLength JUMBF:CBOR:ExclusionsStart JUMBF:CBOR:Hash JUMBF:CBOR:InstanceID JUMBF:CBOR:Item0 JUMBF:CBOR:Item1Pad JUMBF:CBOR:Item1Pad2 JUMBF:CBOR:Item1SigTst2TstTokensVal JUMBF:CBOR:Item2 JUMBF:CBOR:Item3 JUMBF:CBOR:Pad JUMBF:CBOR:Pad2 JUMBF:CBOR:PartsHashAssertionHash JUMBF:CBOR:PartsHashAssertionUrl JUMBF:CBOR:PartsLocationByteOffset JUMBF:CBOR:PartsLocationLength JUMBF:CBOR:PartsOptional JUMBF:CBOR:Signature JUMBF:JUMDLabel JUMBF:JUMDToggles JUMBF:JUMDType XMP:XMP-GCamera:HdrPlusMakernote XMP:XMP-xmpNote:HasExtendedXMP
dataset_new_ignored/2026-09-24__pixel/class_012__Rwanda_Gisuma/PXL_20260924_055557513.jpg,4f6ba5696b3c3deb1933f304ec6a482d05844c28017126e2f71f01ddc6714f0a,e471cecb181ebc6be0c13b484c2eca9c85e9f28facda74312f36efc63be65910,7b348303adbfe418ac641578f24e8046cdfecc7602829d57b0e620df6c2437ec,EXIF:GPS:GPSAltitude EXIF:GPS:GPSAltitudeRef EXIF:GPS:GPSDateStamp EXIF:GPS:GPSImgDirection EXIF:GPS:GPSImgDirectionRef EXIF:GPS:GPSLatitude EXIF:GPS:GPSLatitudeRef EXIF:GPS:GPSLongitude EXIF:GPS:GPSLongitudeRef EXIF:GPS:GPSTimeStamp EXIF:GPS:GPSVersionID EXIF:IFD1:Compression EXIF:IFD1:Orientation EXIF:IFD1:ResolutionUnit EXIF:IFD1:ThumbnailImage EXIF:IFD1:ThumbnailLength EXIF:IFD1:ThumbnailOffset EXIF:IFD1:XResolution EXIF:IFD1:YResolution JUMBF:CBOR:ActionsAction JUMBF:CBOR:ActionsDescription JUMBF:CBOR:ActionsDigitalSourceType JUMBF:CBOR:Alg JUMBF:CBOR:Claim_Generator_InfoName JUMBF:CBOR:Claim_Generator_InfoVersion JUMBF:CBOR:Created_AssertionsHash JUMBF:CBOR:Created_AssertionsUrl JUMBF:CBOR:ExclusionsLength JUMBF:CBOR:ExclusionsStart JUMBF:CBOR:Hash JUMBF:CBOR:InstanceID JUMBF:CBOR:Item0 JUMBF:CBOR:Item1Pad JUMBF:CBOR:Item1Pad2 JUMBF:CBOR:Item1SigTst2TstTokensVal JUMBF:CBOR:Item2 JUMBF:CBOR:Item3 JUMBF:CBOR:Pad JUMBF:CBOR:Pad2 JUMBF:CBOR:PartsHashAssertionHash JUMBF:CBOR:PartsHashAssertionUrl JUMBF:CBOR:PartsLocationByteOffset JUMBF:CBOR:PartsLocationLength JUMBF:CBOR:PartsOptional JUMBF:CBOR:Signature JUMBF:JUMDLabel JUMBF:JUMDToggles JUMBF:JUMDType XMP:XMP-GCamera:HdrPlusMakernote XMP:XMP-xmpNote:HasExtendedXMP
dataset_new_ignored/2026-09-24__pixel/class_012__Rwanda_Gisuma/PXL_20260924_055617759.jpg,4ef3f9a165dafd52987ef585530bf9c219dcffefedb73612740e95ef9a6c3674,226a5a03380c604a82c664ed937db84f03ad17ec1211b82b278361d3a1458d20,87f73f596725c750214d49115be8a92d30b3bb3e63cf67df83b65a2c99e3e435,EXIF:GPS:GPSAltitude EXIF:GPS:GPSAltitudeRef EXIF:GPS:GPSDateStamp EXIF:GPS:GPSImgDirection EXIF:GPS:GPSImgDirectionRef EXIF:GPS:GPSLatitude EXIF:GPS:GPSLatitudeRef EXIF:GPS:GPSLongitude EXIF:GPS:GPSLongitudeRef EXIF:GPS:GPSTimeStamp EXIF:GPS:GPSVersionID EXIF:IFD1:Compression EXIF:IFD1:Orientation EXIF:IFD1:ResolutionUnit EXIF:IFD1:ThumbnailImage EXIF:IFD1:ThumbnailLength EXIF:IFD1:ThumbnailOffset EXIF:IFD1:XResolution EXIF:IFD1:YResolution JUMBF:CBOR:ActionsAction JUMBF:CBOR:ActionsDescription JUMBF:CBOR:ActionsDigitalSourceType JUMBF:CBOR:Alg JUMBF:CBOR:Claim_Generator_InfoName JUMBF:CBOR:Claim_Generator_InfoVersion JUMBF:CBOR:Created_AssertionsHash JUMBF:CBOR:Created_AssertionsUrl JUMBF:CBOR:ExclusionsLength JUMBF:CBOR:ExclusionsStart JUMBF:CBOR:Hash JUMBF:CBOR:InstanceID JUMBF:CBOR:Item0 JUMBF:CBOR:Item1Pad JUMBF:CBOR:Item1Pad2 JUMBF:CBOR:Item1SigTst2TstTokensVal JUMBF:CBOR:Item2 JUMBF:CBOR:Item3 JUMBF:CBOR:Pad JUMBF:CBOR:Pad2 JUMBF:CBOR:PartsHashAssertionHash JUMBF:CBOR:PartsHashAssertionUrl JUMBF:CBOR:PartsLocationByteOffset JUMBF:CBOR:PartsLocationLength JUMBF:CBOR:PartsOptional JUMBF:CBOR:Signature JUMBF:JUMDLabel JUMBF:JUMDToggles JUMBF:JUMDType XMP:XMP-GCamera:HdrPlusMakernote XMP:XMP-xmpNote:HasExtendedXMP
dataset_new_ignored/2026-09-24__pixel/class_012__Rwanda_Gisuma/PXL_20260924_055639328.jpg,9631b3f3496045d940975c107c09d9dcbcef1332badf85ad0881e0b0d20c3fb7,e85de4048a129a3bbdc094768988efe1d54d1cd61ec7bd38c8d3acb25958df5e,07a29ad1e75cb025be2820a03a3cdb37bc39fef06c1bf0bb7e8a245d450ff7c0,EXIF:GPS:GPSAltitude EXIF:GPS:GPSAltitudeRef EXIF:GPS:GPSDateStamp EXIF:GPS:GPSImgDirection EXIF:GPS:GPSImgDirectionRef EXIF:GPS:GPSLatitude EXIF:GPS:GPSLatitudeRef EXIF:GPS:GPSLongitude EXIF:GPS:GPSLongitudeRef EXIF:GPS:GPSTimeStamp EXIF:GPS:GPSVersionID EXIF:IFD1:Compression EXIF:IFD1:Orientation EXIF:IFD1:ResolutionUnit EXIF:IFD1:ThumbnailImage EXIF:IFD1:ThumbnailLength EXIF:IFD1:ThumbnailOffset EXIF:IFD1:XResolution EXIF:IFD1:YResolution JUMBF:CBOR:ActionsAction JUMBF:CBOR:ActionsDescription JUMBF:CBOR:ActionsDigitalSourceType JUMBF:CBOR:Alg JUMBF:CBOR:Claim_Generator_InfoName JUMBF:CBOR:Claim_Generator_InfoVersion JUMBF:CBOR:Created_AssertionsHash JUMBF:CBOR:Created_AssertionsUrl JUMBF:CBOR:ExclusionsLength JUMBF:CBOR:ExclusionsStart JUMBF:CBOR:Hash JUMBF:CBOR:InstanceID JUMBF:CBOR:Item0 JUMBF:CBOR:Item1Pad JUMBF:CBOR:Item1Pad2 JUMBF:CBOR:Item1SigTst2TstTokensVal JUMBF:CBOR:Item2 JUMBF:CBOR:Item3 JUMBF:CBOR:Pad JUMBF:CBOR:Pad2 JUMBF:CBOR:PartsHashAssertionHash JUMBF:CBOR:PartsHashAssertionUrl JUMBF:CBOR:PartsLocationByteOffset JUMBF:CBOR:PartsLocationLength JUMBF:CBOR:PartsOptional JUMBF:CBOR:Signature JUMBF:JUMDLabel JUMBF:JUMDToggles JUMBF:JUMDType XMP:XMP-GCamera:HdrPlusMakernote XMP:XMP-xmpNote:HasExtendedXMP
dataset_new_ignored/2026-09-24__pixel/class_012__Rwanda_Gisuma/PXL_20260924_055707712.jpg,ba0d2582786e4b2e04698529a64854155575e0e339f0f27abbd87c04df34a3bc,8f1b26ae03da734d87fbb440199e1a96f2b155b237e7822f55f89743d1c1578f,74909ffbe5c75f245ac05f57aaa983d7f2708fea392df445c332ea3372931057,EXIF:GPS:GPSAltitude EXIF:GPS:GPSAltitudeRef EXIF:GPS:GPSDateStamp EXIF:GPS:GPSImgDirection EXIF:GPS:GPSImgDirectionRef EXIF:GPS:GPSLatitude EXIF:GPS:GPSLatitudeRef EXIF:GPS:GPSLongitude EXIF:GPS:GPSLongitudeRef EXIF:GPS:GPSTimeStamp EXIF:GPS:GPSVersionID EXIF:IFD1:Compression EXIF:IFD1:Orientation EXIF:IFD1:ResolutionUnit EXIF:IFD1:ThumbnailImage EXIF:IFD1:ThumbnailLength EXIF:IFD1:ThumbnailOffset EXIF:IFD1:XResolution EXIF:IFD1:YResolution JUMBF:CBOR:ActionsAction JUMBF:CBOR:ActionsDescription JUMBF:CBOR:ActionsDigitalSourceType JUMBF:CBOR:Alg JUMBF:CBOR:Claim_Generator_InfoName JUMBF:CBOR:Claim_Generator_InfoVersion JUMBF:CBOR:Created_AssertionsHash JUMBF:CBOR:Created_AssertionsUrl JUMBF:CBOR:ExclusionsLength JUMBF:CBOR:ExclusionsStart JUMBF:CBOR:Hash JUMBF:CBOR:InstanceID JUMBF:CBOR:Item0 JUMBF:CBOR:Item1Pad JUMBF:CBOR:Item1Pad2 JUMBF:CBOR:Item1SigTst2TstTokensVal JUMBF:CBOR:Item2 JUMBF:CBOR:Item3 JUMBF:CBOR:Pad JUMBF:CBOR:Pad2 JUMBF:CBOR:PartsHashAssertionHash JUMBF:CBOR:PartsHashAssertionUrl JUMBF:CBOR:PartsLocationByteOffset JUMBF:CBOR:PartsLocationLength JUMBF:CBOR:PartsOptional JUMBF:CBOR:Signature JUMBF:JUMDLabel JUMBF:JUMDToggles JUMBF:JUMDType XMP:XMP-GCamera:HdrPlusMakernote XMP:XMP-xmpNote:HasExtendedXMP
dataset_new_ignored/2026-09-24__pixel/class_012__Rwanda_Gisuma/PXL_20260924_055741725.jpg,04e4412884b1be0e994ac52e4a7b70a3a201ff4ab179c29af5f7f9db3ed9bce5,865590c237a33dc1334ff41618b33e84a8705803a838b3bc7c1fb50ea9913df5,f0caca144aa8f0966b88d77646bcb6edb83551410715c390c778657b6fce8d4e,EXIF:GPS:GPSAltitude EXIF:GPS:GPSAltitudeRef EXIF:GPS:GPSDateStamp EXIF:GPS:GPSImgDirection EXIF:GPS:GPSImgDirectionRef EXIF:GPS:GPSLatitude EXIF:GPS:GPSLatitudeRef EXIF:GPS:GPSLongitude EXIF:GPS:GPSLongitudeRef EXIF:GPS:GPSTimeStamp EXIF:GPS:GPSVersionID EXIF:IFD1:Compression EXIF:IFD1:Orientation EXIF:IFD1:ResolutionUnit EXIF:IFD1:ThumbnailImage EXIF:IFD1:ThumbnailLength EXIF:IFD1:ThumbnailOffset EXIF:IFD1:XResolution EXIF:IFD1:YResolution JUMBF:CBOR:ActionsAction JUMBF:CBOR:ActionsDescription JUMBF:CBOR:ActionsDigitalSourceType JUMBF:CBOR:Alg JUMBF:CBOR:Claim_Generator_InfoName JUMBF:CBOR:Claim_Generator_InfoVersion JUMBF:CBOR:Created_AssertionsHash JUMBF:CBOR:Created_AssertionsUrl JUMBF:CBOR:ExclusionsLength JUMBF:CBOR:ExclusionsStart JUMBF:CBOR:Hash JUMBF:CBOR:InstanceID JUMBF:CBOR:Item0 JUMBF:CBOR:Item1Pad JUMBF:CBOR:Item1Pad2 JUMBF:CBOR:Item1SigTst2TstTokensVal JUMBF:CBOR:Item2 JUMBF:CBOR:Item3 JUMBF:CBOR:Pad JUMBF:CBOR:Pad2 JUMBF:CBOR:PartsHashAssertionHash JUMBF:CBOR:PartsHashAssertionUrl JUMBF:CBOR:PartsLocationByteOffset JUMBF:CBOR:PartsLocationLength JUMBF:CBOR:PartsOptional JUMBF:CBOR:Signature JUMBF:JUMDLabel JUMBF:JUMDToggles JUMBF:JUMDType XMP:XMP-GCamera:HdrPlusMakernote XMP:XMP-xmpNote:HasExtendedXMP
dataset_new_ignored/2026-09-24__pixel/class_012__Rwanda_Gisuma/PXL_20260924_073445462.jpg,5b10f7ac2aeff777137e6375983fb2e9d4a67b3ab6ab983bce27ee31c05f3ddb,4985cd36f2a824535070e54a5b5bd839a51f60036d3f0bab513d95bffb06e0c4,931870977d9eacd96d05cf0901dd84761398924e5f570272f7936185823b89ec,EXIF:GPS:GPSAltitude EXIF:GPS:GPSAltitudeRef EXIF:GPS:GPSDateStamp EXIF:GPS:GPSImgDirection EXIF:GPS:GPSImgDirectionRef EXIF:GPS:GPSLatitude EXIF:GPS:GPSLatitudeRef EXIF:GPS:GPSLongitude EXIF:GPS:GPSLongitudeRef EXIF:GPS:GPSTimeStamp EXIF:GPS:GPSVersionID EXIF:IFD1:Compression EXIF:IFD1:Orientation EXIF:IFD1:ResolutionUnit EXIF:IFD1:ThumbnailImage EXIF:IFD1:ThumbnailLength EXIF:IFD1:ThumbnailOffset EXIF:IFD1:XResolution EXIF:IFD1:YResolution JUMBF:CBOR:ActionsAction JUMBF:CBOR:ActionsDescription JUMBF:CBOR:ActionsDigitalSourceType JUMBF:CBOR:Alg JUMBF:CBOR:Claim_Generator_InfoName JUMBF:CBOR:Claim_Generator_InfoVersion JUMBF:CBOR:Created_AssertionsHash JUMBF:CBOR:Created_AssertionsUrl JUMBF:CBOR:ExclusionsLength JUMBF:CBOR:ExclusionsStart JUMBF:CBOR:Hash JUMBF:CBOR:InstanceID JUMBF:CBOR:Item0 JUMBF:CBOR:Item1Pad JUMBF:CBOR:Item1Pad2 JUMBF:CBOR:Item1SigTst2TstTokensVal JUMBF:CBOR:Item2 JUMBF:CBOR:Item3 JUMBF:CBOR:Pad JUMBF:CBOR:Pad2 JUMBF:CBOR:PartsHashAssertionHash JUMBF:CBOR:PartsHashAssertionUrl JUMBF:CBOR:PartsLocationByteOffset JUMBF:CBOR:PartsLocationLength JUMBF:CBOR:PartsOptional JUMBF:CBOR:Signature JUMBF:JUMDLabel JUMBF:JUMDToggles JUMBF:JUMDType XMP:XMP-GCamera:HdrPlusMakernote XMP:XMP-xmpNote:HasExtendedXMP
dataset_new_ignored/2026-09-24__pixel/class_012__Rwanda_Gisuma/PXL_20260924_073502995.jpg,30dd0b0537c872e2ec81d08ec4337221e8a77a0980913e41cadebe24028823f3,0062455d5bd7029d7670ba272991c1f9ba3a2164504ab2cdc6bc7dd8ecaa9443,efb4496dd97943aba93e329efb86d21f77d410cb9c6d9c9fac316010f874b39c,EXIF:GPS:GPSAltitude EXIF:GPS:GPSAltitudeRef EXIF:GPS:GPSDateStamp EXIF:GPS:GPSImgDirection EXIF:GPS:GPSImgDirectionRef EXIF:GPS:GPSLatitude EXIF:GPS:GPSLatitudeRef EXIF:GPS:GPSLongitude EXIF:GPS:GPSLongitudeRef EXIF:GPS:GPSTimeStamp EXIF:GPS:GPSVersionID EXIF:IFD1:Compression EXIF:IFD1:Orientation EXIF:IFD1:ResolutionUnit EXIF:IFD1:ThumbnailImage EXIF:IFD1:ThumbnailLength EXIF:IFD1:ThumbnailOffset EXIF:IFD1:XResolution EXIF:IFD1:YResolution JUMBF:CBOR:ActionsAction JUMBF:CBOR:ActionsDescription JUMBF:CBOR:ActionsDigitalSourceType JUMBF:CBOR:Alg JUMBF:CBOR:Claim_Generator_InfoName JUMBF:CBOR:Claim_Generator_InfoVersion JUMBF:CBOR:Created_AssertionsHash JUMBF:CBOR:Created_AssertionsUrl JUMBF:CBOR:ExclusionsLength JUMBF:CBOR:ExclusionsStart JUMBF:CBOR:Hash JUMBF:CBOR:InstanceID JUMBF:CBOR:Item0 JUMBF:CBOR:Item1Pad JUMBF:CBOR:Item1Pad2 JUMBF:CBOR:Item1SigTst2TstTokensVal JUMBF:CBOR:Item2 JUMBF:CBOR:Item3 JUMBF:CBOR:Pad JUMBF:CBOR:Pad2 JUMBF:CBOR:PartsHashAssertionHash JUMBF:CBOR:PartsHashAssertionUrl JUMBF:CBOR:PartsLocationByteOffset JUMBF:CBOR:PartsLocationLength JUMBF:CBOR:PartsOptional JUMBF:CBOR:Signature JUMBF:JUMDLabel JUMBF:JUMDToggles JUMBF:JUMDType XMP:XMP-GCamera:HdrPlusMakernote XMP:XMP-xmpNote:HasExtendedXMP
dataset_new_ignored/2026-09-24__pixel/class_012__Rwanda_Gisuma/PXL_20260924_073519643.jpg,bc2f8c3bba0b4a980d3e8933a7baa15dff13c5379ba00c61783567b1c3859189,3ec50709cdbfad0349c7d44f2a5ed1e871b16844c6d34425a3a9740657277640,d666dfd8265815d5086d02c9389d0868105f7b2406179d75884050ba4d60e81f,EXIF:GPS:GPSAltitude EXIF:GPS:GPSAltitudeRef EXIF:GPS:GPSDateStamp EXIF:GPS:GPSImgDirection EXIF:GPS:GPSImgDirectionRef EXIF:GPS:GPSLatitude EXIF:GPS:GPSLatitudeRef EXIF:GPS:GPSLongitude EXIF:GPS:GPSLongitudeRef EXIF:GPS:GPSTimeStamp EXIF:GPS:GPSVersionID EXIF:IFD1:Compression EXIF:IFD1:Orientation EXIF:IFD1:ResolutionUnit EXIF:IFD1:ThumbnailImage EXIF:IFD1:ThumbnailLength EXIF:IFD1:ThumbnailOffset EXIF:IFD1:XResolution EXIF:IFD1:YResolution JUMBF:CBOR:ActionsAction JUMBF:CBOR:ActionsDescription JUMBF:CBOR:ActionsDigitalSourceType JUMBF:CBOR:Alg JUMBF:CBOR:Claim_Generator_InfoName JUMBF:CBOR:Claim_Generator_InfoVersion JUMBF:CBOR:Created_AssertionsHash JUMBF:CBOR:Created_AssertionsUrl JUMBF:CBOR:ExclusionsLength JUMBF:CBOR:ExclusionsStart JUMBF:CBOR:Hash JUMBF:CBOR:InstanceID JUMBF:CBOR:Item0 JUMBF:CBOR:Item1Pad JUMBF:CBOR:Item1Pad2 JUMBF:CBOR:Item1SigTst2TstTokensVal JUMBF:CBOR:Item2 JUMBF:CBOR:Item3 JUMBF:CBOR:Pad JUMBF:CBOR:Pad2 JUMBF:CBOR:PartsHashAssertionHash JUMBF:CBOR:PartsHashAssertionUrl JUMBF:CBOR:PartsLocationByteOffset JUMBF:CBOR:PartsLocationLength JUMBF:CBOR:PartsOptional JUMBF:CBOR:Signature JUMBF:JUMDLabel JUMBF:JUMDToggles JUMBF:JUMDType XMP:XMP-GCamera:HdrPlusMakernote XMP:XMP-xmpNote:HasExtendedXMP
dataset_new_ignored/2026-09-24__pixel/class_012__Rwanda_Gisuma/PXL_20260924_073541478.jpg,140299d7416692d46d49b70837d86e235614f3daaf361f451817ce42044d9431,8b726038f9efae875f287aa5cd44f5c57449de79c5b89c270f6ddd76e38382d1,c0a36242514bfa25d633e14c5fd9882e2d3076c0f759be0e9b48f7998a9562a4,EXIF:GPS:GPSAltitude EXIF:GPS:GPSAltitudeRef EXIF:GPS:GPSDateStamp EXIF:GPS:GPSImgDirection EXIF:GPS:GPSImgDirectionRef EXIF:GPS:GPSLatitude EXIF:GPS:GPSLatitudeRef EXIF:GPS:GPSLongitude EXIF:GPS:GPSLongitudeRef EXIF:GPS:GPSTimeStamp EXIF:GPS:GPSVersionID EXIF:IFD1:Compression EXIF:IFD1:Orientation EXIF:IFD1:ResolutionUnit EXIF:IFD1:ThumbnailImage EXIF:IFD1:ThumbnailLength EXIF:IFD1:ThumbnailOffset EXIF:IFD1:XResolution EXIF:IFD1:YResolution JUMBF:CBOR:ActionsAction JUMBF:CBOR:ActionsDescription JUMBF:CBOR:ActionsDigitalSourceType JUMBF:CBOR:Alg JUMBF:CBOR:Claim_Generator_InfoName JUMBF:CBOR:Claim_Generator_InfoVersion JUMBF:CBOR:Created_AssertionsHash JUMBF:CBOR:Created_AssertionsUrl JUMBF:CBOR:ExclusionsLength JUMBF:CBOR:ExclusionsStart JUMBF:CBOR:Hash JUMBF:CBOR:InstanceID JUMBF:CBOR:Item0 JUMBF:CBOR:Item1Pad JUMBF:CBOR:Item1Pad2 JUMBF:CBOR:Item1SigTst2TstTokensVal JUMBF:CBOR:Item2 JUMBF:CBOR:Item3 JUMBF:CBOR:Pad JUMBF:CBOR:Pad2 JUMBF:CBOR:PartsHashAssertionHash JUMBF:CBOR:PartsHashAssertionUrl JUMBF:CBOR:PartsLocationByteOffset JUMBF:CBOR:PartsLocationLength JUMBF:CBOR:PartsOptional JUMBF:CBOR:Signature JUMBF:JUMDLabel JUMBF:JUMDToggles JUMBF:JUMDType XMP:XMP-GCamera:HdrPlusMakernote XMP:XMP-xmpNote:HasExtendedXMP
dataset_new_ignored/2026-09-24__pixel/class_012__Rwanda_Gisuma/PXL_20260924_073658202.jpg,d31faf4f8aec0906e1cd209b0acd053cef80ce68a0f73ed6f52ac793ae3bc4b4,06071910bc56193acd01a1dc3ffa3eadd2207eb290065fe7785773d7f680587e,5d3ceaf8fdbfacc8bdbbaa052a4d406402303dcace162a67001f62930496441a,EXIF:GPS:GPSDateStamp EXIF:GPS:GPSImgDirection EXIF:GPS:GPSImgDirectionRef EXIF:GPS:GPSLatitude EXIF:GPS:GPSLatitudeRef EXIF:GPS:GPSLongitude EXIF:GPS:GPSLongitudeRef EXIF:GPS:GPSTimeStamp EXIF:GPS:GPSVersionID EXIF:IFD1:Compression EXIF:IFD1:Orientation EXIF:IFD1:ResolutionUnit EXIF:IFD1:ThumbnailImage EXIF:IFD1:ThumbnailLength EXIF:IFD1:ThumbnailOffset EXIF:IFD1:XResolution EXIF:IFD1:YResolution JUMBF:CBOR:ActionsAction JUMBF:CBOR:ActionsDescription JUMBF:CBOR:ActionsDigitalSourceType JUMBF:CBOR:Alg JUMBF:CBOR:Claim_Generator_InfoName JUMBF:CBOR:Claim_Generator_InfoVersion JUMBF:CBOR:Created_AssertionsHash JUMBF:CBOR:Created_AssertionsUrl JUMBF:CBOR:ExclusionsLength JUMBF:CBOR:ExclusionsStart JUMBF:CBOR:Hash JUMBF:CBOR:InstanceID JUMBF:CBOR:Item0 JUMBF:CBOR:Item1Pad JUMBF:CBOR:Item1Pad2 JUMBF:CBOR:Item1SigTst2TstTokensVal JUMBF:CBOR:Item2 JUMBF:CBOR:Item3 JUMBF:CBOR:Pad JUMBF:CBOR:Pad2 JUMBF:CBOR:PartsHashAssertionHash JUMBF:CBOR:PartsHashAssertionUrl JUMBF:CBOR:PartsLocationByteOffset JUMBF:CBOR:PartsLocationLength JUMBF:CBOR:PartsOptional JUMBF:CBOR:Signature JUMBF:JUMDLabel JUMBF:JUMDToggles JUMBF:JUMDType XMP:XMP-GCamera:HdrPlusMakernote XMP:XMP-xmpNote:HasExtendedXMP
dataset_new_ignored/2026-09-24__pixel/class_012__Rwanda_Gisuma/PXL_20260924_073730789.jpg,cb406b8ee33c2b37250203d1d6defa8dada728b49391dc44ca43111d9a947c79,d3ffe48f33dfb2255e702c6fa4703d6b2c9cdafedc37eaf3a18225f33170cb0d,ad046fb9aab4858ea84c0ba908211d01dbfc3c982dfdaa511684bacc30fd8d41,EXIF:GPS:GPSAltitude EXIF:GPS:GPSAltitudeRef EXIF:GPS:GPSDateStamp EXIF:GPS:GPSImgDirection EXIF:GPS:GPSImgDirectionRef EXIF:GPS:GPSLatitude EXIF:GPS:GPSLatitudeRef EXIF:GPS:GPSLongitude EXIF:GPS:GPSLongitudeRef EXIF:GPS:GPSTimeStamp EXIF:GPS:GPSVersionID EXIF:IFD1:Compression EXIF:IFD1:Orientation EXIF:IFD1:ResolutionUnit EXIF:IFD1:ThumbnailImage EXIF:IFD1:ThumbnailLength EXIF:IFD1:ThumbnailOffset EXIF:IFD1:XResolution EXIF:IFD1:YResolution JUMBF:CBOR:ActionsAction JUMBF:CBOR:ActionsDescription JUMBF:CBOR:ActionsDigitalSourceType JUMBF:CBOR:Alg JUMBF:CBOR:Claim_Generator_InfoName JUMBF:CBOR:Claim_Generator_InfoVersion JUMBF:CBOR:Created_AssertionsHash JUMBF:CBOR:Created_AssertionsUrl JUMBF:CBOR:ExclusionsLength JUMBF:CBOR:ExclusionsStart JUMBF:CBOR:Hash JUMBF:CBOR:InstanceID JUMBF:CBOR:Item0 JUMBF:CBOR:Item1Pad JUMBF:CBOR:Item1Pad2 JUMBF:CBOR:Item1SigTst2TstTokensVal JUMBF:CBOR:Item2 JUMBF:CBOR:Item3 JUMBF:CBOR:Pad JUMBF:CBOR:Pad2 JUMBF:CBOR:PartsHashAssertionHash JUMBF:CBOR:PartsHashAssertionUrl JUMBF:CBOR:PartsLocationByteOffset JUMBF:CBOR:PartsLocationLength JUMBF:CBOR:PartsOptional JUMBF:CBOR:Signature JUMBF:JUMDLabel JUMBF:JUMDToggles JUMBF:JUMDType XMP:XMP-GCamera:HdrPlusMakernote XMP:XMP-xmpNote:HasExtendedXMP
dataset_new_ignored/2026-09-24__pixel/class_012__Rwanda_Gisuma/PXL_20260924_073820038.jpg,924a6b8a69973afe065aa79fbe65e52aae35115e2d31a7c572026d1579c94e76,4a082e55ce536e78249f921a2ce586d5a63319eb60b46e3865167b80845b218a,9f20b798119be8d94f1a22d9a1a8d7ddf37e3f8e6ece0234f7d045a35b7f05e2,EXIF:GPS:GPSAltitude EXIF:GPS:GPSAltitudeRef EXIF:GPS:GPSDateStamp EXIF:GPS:GPSImgDirection EXIF:GPS:GPSImgDirectionRef EXIF:GPS:GPSLatitude EXIF:GPS:GPSLatitudeRef EXIF:GPS:GPSLongitude EXIF:GPS:GPSLongitudeRef EXIF:GPS:GPSTimeStamp EXIF:GPS:GPSVersionID EXIF:IFD1:Compression EXIF:IFD1:Orientation EXIF:IFD1:ResolutionUnit EXIF:IFD1:ThumbnailImage EXIF:IFD1:ThumbnailLength EXIF:IFD1:ThumbnailOffset EXIF:IFD1:XResolution EXIF:IFD1:YResolution JUMBF:CBOR:ActionsAction JUMBF:CBOR:ActionsDescription JUMBF:CBOR:ActionsDigitalSourceType JUMBF:CBOR:Alg JUMBF:CBOR:Claim_Generator_InfoName JUMBF:CBOR:Claim_Generator_InfoVersion JUMBF:CBOR:Created_AssertionsHash JUMBF:CBOR:Created_AssertionsUrl JUMBF:CBOR:ExclusionsLength JUMBF:CBOR:ExclusionsStart JUMBF:CBOR:Hash JUMBF:CBOR:InstanceID JUMBF:CBOR:Item0 JUMBF:CBOR:Item1Pad JUMBF:CBOR:Item1Pad2 JUMBF:CBOR:Item1SigTst2TstTokensVal JUMBF:CBOR:Item2 JUMBF:CBOR:Item3 JUMBF:CBOR:Pad JUMBF:CBOR:Pad2 JUMBF:CBOR:PartsHashAssertionHash JUMBF:CBOR:PartsHashAssertionUrl JUMBF:CBOR:PartsLocationByteOffset JUMBF:CBOR:PartsLocationLength JUMBF:CBOR:PartsOptional JUMBF:CBOR:Signature JUMBF:JUMDLabel JUMBF:JUMDToggles JUMBF:JUMDType XMP:XMP-GCamera:HdrPlusMakernote XMP:XMP-xmpNote:HasExtendedXMP
dataset_new_ignored/2026-09-24__pixel/class_012__Rwanda_Gisuma/PXL_20260924_073859032.jpg,3f5d2dd079c0d41eedfc78e2dc2a454576caa1bf2f8f6e0c39b97417a58d240c,2e5ccd020b77caccca3680456572ff11ea37206cd5599d957dea1892cd68c864,8fa740a580bc952611b59c0330e4a73b80b27720d24b36e5cfb7401e8e942f9c,EXIF:GPS:GPSAltitude EXIF:GPS:GPSAltitudeRef EXIF:GPS:GPSDateStamp EXIF:GPS:GPSImgDirection EXIF:GPS:GPSImgDirectionRef EXIF:GPS:GPSLatitude EXIF:GPS:GPSLatitudeRef EXIF:GPS:GPSLongitude EXIF:GPS:GPSLongitudeRef EXIF:GPS:GPSTimeStamp EXIF:GPS:GPSVersionID EXIF:IFD1:Compression EXIF:IFD1:Orientation EXIF:IFD1:ResolutionUnit EXIF:IFD1:ThumbnailImage EXIF:IFD1:ThumbnailLength EXIF:IFD1:ThumbnailOffset EXIF:IFD1:XResolution EXIF:IFD1:YResolution JUMBF:CBOR:ActionsAction JUMBF:CBOR:ActionsDescription JUMBF:CBOR:ActionsDigitalSourceType JUMBF:CBOR:Alg JUMBF:CBOR:Claim_Generator_InfoName JUMBF:CBOR:Claim_Generator_InfoVersion JUMBF:CBOR:Created_AssertionsHash JUMBF:CBOR:Created_AssertionsUrl JUMBF:CBOR:ExclusionsLength JUMBF:CBOR:ExclusionsStart JUMBF:CBOR:Hash JUMBF:CBOR:InstanceID JUMBF:CBOR:Item0 JUMBF:CBOR:Item1Pad JUMBF:CBOR:Item1Pad2 JUMBF:CBOR:Item1SigTst2TstTokensVal JUMBF:CBOR:Item2 JUMBF:CBOR:Item3 JUMBF:CBOR:Pad JUMBF:CBOR:Pad2 JUMBF:CBOR:PartsHashAssertionHash JUMBF:CBOR:PartsHashAssertionUrl JUMBF:CBOR:PartsLocationByteOffset JUMBF:CBOR:PartsLocationLength JUMBF:CBOR:PartsOptional JUMBF:CBOR:Signature JUMBF:JUMDLabel JUMBF:JUMDToggles JUMBF:JUMDType XMP:XMP-GCamera:HdrPlusMakernote XMP:XMP-xmpNote:HasExtendedXMP
dataset_new_ignored/2026-09-24__pixel/class_012__Rwanda_Gisuma/PXL_20260924_074057154.jpg,9d650b3e398c6518a2b26a68b93dc175e3555070f60f93ec75a7498612fdfd23,22707948fb769cb52d730f4261388192d44fc8dc76247aef00423e66428ee243,0f25a452d5ff10a7f063f687ff6bf517c9edc4704b4aa5dd7bf007965ad9da65,EXIF:GPS:GPSAltitude EXIF:GPS:GPSAltitudeRef EXIF:GPS:GPSDateStamp EXIF:GPS:GPSImgDirection EXIF:GPS:GPSImgDirectionRef EXIF:GPS:GPSLatitude EXIF:GPS:GPSLatitudeRef EXIF:GPS:GPSLongitude EXIF:GPS:GPSLongitudeRef EXIF:GPS:GPSTimeStamp EXIF:GPS:GPSVersionID EXIF:IFD1:Compression EXIF:IFD1:Orientation EXIF:IFD1:ResolutionUnit EXIF:IFD1:ThumbnailImage EXIF:IFD1:ThumbnailLength EXIF:IFD1:ThumbnailOffset EXIF:IFD1:XResolution EXIF:IFD1:YResolution JUMBF:CBOR:ActionsAction JUMBF:CBOR:ActionsDescription JUMBF:CBOR:ActionsDigitalSourceType JUMBF:CBOR:Alg JUMBF:CBOR:Claim_Generator_InfoName JUMBF:CBOR:Claim_Generator_InfoVersion JUMBF:CBOR:Created_AssertionsHash JUMBF:CBOR:Created_AssertionsUrl JUMBF:CBOR:ExclusionsLength JUMBF:CBOR:ExclusionsStart JUMBF:CBOR:Hash JUMBF:CBOR:InstanceID JUMBF:CBOR:Item0 JUMBF:CBOR:Item1Pad JUMBF:CBOR:Item1Pad2 JUMBF:CBOR:Item1SigTst2TstTokensVal JUMBF:CBOR:Item2 JUMBF:CBOR:Item3 JUMBF:CBOR:Pad JUMBF:CBOR:Pad2 JUMBF:CBOR:PartsHashAssertionHash JUMBF:CBOR:PartsHashAssertionUrl JUMBF:CBOR:PartsLocationByteOffset JUMBF:CBOR:PartsLocationLength JUMBF:CBOR:PartsOptional JUMBF:CBOR:Signature JUMBF:JUMDLabel JUMBF:JUMDToggles JUMBF:JUMDType XMP:XMP-GCamera:HdrPlusMakernote XMP:XMP-xmpNote:HasExtendedXMP
dataset_new_ignored/2026-09-24__pixel/class_012__Rwanda_Gisuma/PXL_20260924_074124922.jpg,8769ed8785ef3fc7c05a7fe31eb9ff11338b797480b03b2c185e9562349f5e24,cf4c36f8d4ee92e12aed776a0e6f0688b6162edb3d9510c1fcce54efd3774dee,f80460a95905e69a983a48b456f21ca12f50724a7883f3af1354a9fb1abab892,EXIF:GPS:GPSAltitude EXIF:GPS:GPSAltitudeRef EXIF:GPS:GPSDateStamp EXIF:GPS:GPSImgDirection EXIF:GPS:GPSImgDirectionRef EXIF:GPS:GPSLatitude EXIF:GPS:GPSLatitudeRef EXIF:GPS:GPSLongitude EXIF:GPS:GPSLongitudeRef EXIF:GPS:GPSTimeStamp EXIF:GPS:GPSVersionID EXIF:IFD1:Compression EXIF:IFD1:Orientation EXIF:IFD1:ResolutionUnit EXIF:IFD1:ThumbnailImage EXIF:IFD1:ThumbnailLength EXIF:IFD1:ThumbnailOffset EXIF:IFD1:XResolution EXIF:IFD1:YResolution JUMBF:CBOR:ActionsAction JUMBF:CBOR:ActionsDescription JUMBF:CBOR:ActionsDigitalSourceType JUMBF:CBOR:Alg JUMBF:CBOR:Claim_Generator_InfoName JUMBF:CBOR:Claim_Generator_InfoVersion JUMBF:CBOR:Created_AssertionsHash JUMBF:CBOR:Created_AssertionsUrl JUMBF:CBOR:ExclusionsLength JUMBF:CBOR:ExclusionsStart JUMBF:CBOR:Hash JUMBF:CBOR:InstanceID JUMBF:CBOR:Item0 JUMBF:CBOR:Item1Pad JUMBF:CBOR:Item1Pad2 JUMBF:CBOR:Item1SigTst2TstTokensVal JUMBF:CBOR:Item2 JUMBF:CBOR:Item3 JUMBF:CBOR:Pad JUMBF:CBOR:Pad2 JUMBF:CBOR:PartsHashAssertionHash JUMBF:CBOR:PartsHashAssertionUrl JUMBF:CBOR:PartsLocationByteOffset JUMBF:CBOR:PartsLocationLength JUMBF:CBOR:PartsOptional JUMBF:CBOR:Signature JUMBF:JUMDLabel JUMBF:JUMDToggles JUMBF:JUMDType XMP:XMP-GCamera:HdrPlusMakernote XMP:XMP-xmpNote:HasExtendedXMP
dataset_new_ignored/2026-09-24__pixel/class_012__Rwanda_Gisuma/PXL_20260924_074157626.jpg,2a4b37aba765e1070b14ccd909a67f680e414126aa204e9f6e1a92eb60bdc3bd,657cbd86652f8b577f9edfa4cbeeb12977824256e455eebd824db55cb985cd24,eaf10406a7b39e1a1650bb4271973b45b83399c24a25ba76bb777a7e4759152a,EXIF:GPS:GPSAltitude EXIF:GPS:GPSAltitudeRef EXIF:GPS:GPSDateStamp EXIF:GPS:GPSImgDirection EXIF:GPS:GPSImgDirectionRef EXIF:GPS:GPSLatitude EXIF:GPS:GPSLatitudeRef EXIF:GPS:GPSLongitude EXIF:GPS:GPSLongitudeRef EXIF:GPS:GPSTimeStamp EXIF:GPS:GPSVersionID EXIF:IFD1:Compression EXIF:IFD1:Orientation EXIF:IFD1:ResolutionUnit EXIF:IFD1:ThumbnailImage EXIF:IFD1:ThumbnailLength EXIF:IFD1:ThumbnailOffset EXIF:IFD1:XResolution EXIF:IFD1:YResolution JUMBF:CBOR:ActionsAction JUMBF:CBOR:ActionsDescription JUMBF:CBOR:ActionsDigitalSourceType JUMBF:CBOR:Alg JUMBF:CBOR:Claim_Generator_InfoName JUMBF:CBOR:Claim_Generator_InfoVersion JUMBF:CBOR:Created_AssertionsHash JUMBF:CBOR:Created_AssertionsUrl JUMBF:CBOR:ExclusionsLength JUMBF:CBOR:ExclusionsStart JUMBF:CBOR:Hash JUMBF:CBOR:InstanceID JUMBF:CBOR:Item0 JUMBF:CBOR:Item1Pad JUMBF:CBOR:Item1Pad2 JUMBF:CBOR:Item1SigTst2TstTokensVal JUMBF:CBOR:Item2 JUMBF:CBOR:Item3 JUMBF:CBOR:Pad JUMBF:CBOR:Pad2 JUMBF:CBOR:PartsHashAssertionHash JUMBF:CBOR:PartsHashAssertionUrl JUMBF:CBOR:PartsLocationByteOffset JUMBF:CBOR:PartsLocationLength JUMBF:CBOR:PartsOptional JUMBF:CBOR:Signature JUMBF:JUMDLabel JUMBF:JUMDToggles JUMBF:JUMDType XMP:XMP-GCamera:HdrPlusMakernote XMP:XMP-xmpNote:HasExtendedXMP
dataset_new_ignored/2026-09-24__pixel/class_012__Rwanda_Gisuma/PXL_20260924_074224216.jpg,a0d7e876de666451456c8758f63e0915239c3f7b4bcb2002474423784998beab,3ea069886b93b3b44a20325833b860a0fe847c119fcf6fb0dad82f996c6c1ef7,71ce4d8e2a16008925e48d7bb501871762a6462d745efaa5d2c717dcf5a722e8,EXIF:GPS:GPSAltitude EXIF:GPS:GPSAltitudeRef EXIF:GPS:GPSDateStamp EXIF:GPS:GPSImgDirection EXIF:GPS:GPSImgDirectionRef EXIF:GPS:GPSLatitude EXIF:GPS:GPSLatitudeRef EXIF:GPS:GPSLongitude EXIF:GPS:GPSLongitudeRef EXIF:GPS:GPSTimeStamp EXIF:GPS:GPSVersionID EXIF:IFD1:Compression EXIF:IFD1:Orientation EXIF:IFD1:ResolutionUnit EXIF:IFD1:ThumbnailImage EXIF:IFD1:ThumbnailLength EXIF:IFD1:ThumbnailOffset EXIF:IFD1:XResolution EXIF:IFD1:YResolution JUMBF:CBOR:ActionsAction JUMBF:CBOR:ActionsDescription JUMBF:CBOR:ActionsDigitalSourceType JUMBF:CBOR:Alg JUMBF:CBOR:Claim_Generator_InfoName JUMBF:CBOR:Claim_Generator_InfoVersion JUMBF:CBOR:Created_AssertionsHash JUMBF:CBOR:Created_AssertionsUrl JUMBF:CBOR:ExclusionsLength JUMBF:CBOR:ExclusionsStart JUMBF:CBOR:Hash JUMBF:CBOR:InstanceID JUMBF:CBOR:Item0 JUMBF:CBOR:Item1Pad JUMBF:CBOR:Item1Pad2 JUMBF:CBOR:Item1SigTst2TstTokensVal JUMBF:CBOR:Item2 JUMBF:CBOR:Item3 JUMBF:CBOR:Pad JUMBF:CBOR:Pad2 JUMBF:CBOR:PartsHashAssertionHash JUMBF:CBOR:PartsHashAssertionUrl JUMBF:CBOR:PartsLocationByteOffset JUMBF:CBOR:PartsLocationLength JUMBF:CBOR:PartsOptional JUMBF:CBOR:Signature JUMBF:JUMDLabel JUMBF:JUMDToggles JUMBF:JUMDType XMP:XMP-GCamera:HdrPlusMakernote XMP:XMP-xmpNote:HasExtendedXMP
dataset_new_ignored/2026-09-24__pixel/class_012__Rwanda_Gisuma/PXL_20260924_074250480.jpg,6a3413c40c938a71cc51f899bd43f02940f8951a6ebd9fa3d4defcf449d9a8b7,5ba5e342989681f9b7e78b97a4526ed67d6a9e051bf37e38cc932afc76004408,140b7733894540de7d6bb67fa8d58a5a08439fa4b48840bc0e305f454ee489c1,EXIF:GPS:GPSAltitude EXIF:GPS:GPSAltitudeRef EXIF:GPS:GPSDateStamp EXIF:GPS:GPSImgDirection EXIF:GPS:GPSImgDirectionRef EXIF:GPS:GPSLatitude EXIF:GPS:GPSLatitudeRef EXIF:GPS:GPSLongitude EXIF:GPS:GPSLongitudeRef EXIF:GPS:GPSTimeStamp EXIF:GPS:GPSVersionID EXIF:IFD1:Compression EXIF:IFD1:Orientation EXIF:IFD1:ResolutionUnit EXIF:IFD1:ThumbnailImage EXIF:IFD1:ThumbnailLength EXIF:IFD1:ThumbnailOffset EXIF:IFD1:XResolution EXIF:IFD1:YResolution JUMBF:CBOR:ActionsAction JUMBF:CBOR:ActionsDescription JUMBF:CBOR:ActionsDigitalSourceType JUMBF:CBOR:Alg JUMBF:CBOR:Claim_Generator_InfoName JUMBF:CBOR:Claim_Generator_InfoVersion JUMBF:CBOR:Created_AssertionsHash JUMBF:CBOR:Created_AssertionsUrl JUMBF:CBOR:ExclusionsLength JUMBF:CBOR:ExclusionsStart JUMBF:CBOR:Hash JUMBF:CBOR:InstanceID JUMBF:CBOR:Item0 JUMBF:CBOR:Item1Pad JUMBF:CBOR:Item1Pad2 JUMBF:CBOR:Item1SigTst2TstTokensVal JUMBF:CBOR:Item2 JUMBF:CBOR:Item3 JUMBF:CBOR:Pad JUMBF:CBOR:Pad2 JUMBF:CBOR:PartsHashAssertionHash JUMBF:CBOR:PartsHashAssertionUrl JUMBF:CBOR:PartsLocationByteOffset JUMBF:CBOR:PartsLocationLength JUMBF:CBOR:PartsOptional JUMBF:CBOR:Signature JUMBF:JUMDLabel JUMBF:JUMDToggles JUMBF:JUMDType XMP:XMP-GCamera:HdrPlusMakernote XMP:XMP-xmpNote:HasExtendedXMP
dataset_new_ignored/2026-09-24__pixel/class_012__Rwanda_Gisuma/PXL_20260924_074323601.jpg,880a642de8556835078eb241fa03b728394fbc864d677db1631b927fbfb80ccf,6e9838d6d41b4e969501f97d619c310500cea730079418e6143a41856bd018e6,10c5567583a7c840b209c5ec5e7faf026f932e5f3e09bf5b01e7ea0c8e5c2a4d,EXIF:GPS:GPSAltitude EXIF:GPS:GPSAltitudeRef EXIF:GPS:GPSDateStamp EXIF:GPS:GPSImgDirection EXIF:GPS:GPSImgDirectionRef EXIF:GPS:GPSLatitude EXIF:GPS:GPSLatitudeRef EXIF:GPS:GPSLongitude EXIF:GPS:GPSLongitudeRef EXIF:GPS:GPSTimeStamp EXIF:GPS:GPSVersionID EXIF:IFD1:Compression EXIF:IFD1:Orientation EXIF:IFD1:ResolutionUnit EXIF:IFD1:ThumbnailImage EXIF:IFD1:ThumbnailLength EXIF:IFD1:ThumbnailOffset EXIF:IFD1:XResolution EXIF:IFD1:YResolution JUMBF:CBOR:ActionsAction JUMBF:CBOR:ActionsDescription JUMBF:CBOR:ActionsDigitalSourceType JUMBF:CBOR:Alg JUMBF:CBOR:Claim_Generator_InfoName JUMBF:CBOR:Claim_Generator_InfoVersion JUMBF:CBOR:Created_AssertionsHash JUMBF:CBOR:Created_AssertionsUrl JUMBF:CBOR:ExclusionsLength JUMBF:CBOR:ExclusionsStart JUMBF:CBOR:Hash JUMBF:CBOR:InstanceID JUMBF:CBOR:Item0 JUMBF:CBOR:Item1Pad JUMBF:CBOR:Item1Pad2 JUMBF:CBOR:Item1SigTst2TstTokensVal JUMBF:CBOR:Item2 JUMBF:CBOR:Item3 JUMBF:CBOR:Pad JUMBF:CBOR:Pad2 JUMBF:CBOR:PartsHashAssertionHash JUMBF:CBOR:PartsHashAssertionUrl JUMBF:CBOR:PartsLocationByteOffset JUMBF:CBOR:PartsLocationLength JUMBF:CBOR:PartsOptional JUMBF:CBOR:Signature JUMBF:JUMDLabel JUMBF:JUMDToggles JUMBF:JUMDType XMP:XMP-GCamera:HdrPlusMakernote XMP:XMP-xmpNote:HasExtendedXMP
dataset_new_ignored/2026-09-24__pixel/class_012__Rwanda_Gisuma/PXL_20260924_074353597.jpg,640572ade691872531e3354c5e4fd0a19d70dad45da9039f640ee954cb74c73a,9988480163785d216430945b7fa32e72e322d83cb68d258e7dd1181bcf1e3ab8,43fae8dabfb7c9ffa3f34ae8d999ff1108d68f3d5c0bf1288feda44a9a01f888,EXIF:GPS:GPSAltitude EXIF:GPS:GPSAltitudeRef EXIF:GPS:GPSDateStamp EXIF:GPS:GPSImgDirection EXIF:GPS:GPSImgDirectionRef EXIF:GPS:GPSLatitude EXIF:GPS:GPSLatitudeRef EXIF:GPS:GPSLongitude EXIF:GPS:GPSLongitudeRef EXIF:GPS:GPSTimeStamp EXIF:GPS:GPSVersionID EXIF:IFD1:Compression EXIF:IFD1:Orientation EXIF:IFD1:ResolutionUnit EXIF:IFD1:ThumbnailImage EXIF:IFD1:ThumbnailLength EXIF:IFD1:ThumbnailOffset EXIF:IFD1:XResolution EXIF:IFD1:YResolution JUMBF:CBOR:ActionsAction JUMBF:CBOR:ActionsDescription JUMBF:CBOR:ActionsDigitalSourceType JUMBF:CBOR:Alg JUMBF:CBOR:Claim_Generator_InfoName JUMBF:CBOR:Claim_Generator_InfoVersion JUMBF:CBOR:Created_AssertionsHash JUMBF:CBOR:Created_AssertionsUrl JUMBF:CBOR:ExclusionsLength JUMBF:CBOR:ExclusionsStart JUMBF:CBOR:Hash JUMBF:CBOR:InstanceID JUMBF:CBOR:Item0 JUMBF:CBOR:Item1Pad JUMBF:CBOR:Item1Pad2 JUMBF:CBOR:Item1SigTst2TstTokensVal JUMBF:CBOR:Item2 JUMBF:CBOR:Item3 JUMBF:CBOR:Pad JUMBF:CBOR:Pad2 JUMBF:CBOR:PartsHashAssertionHash JUMBF:CBOR:PartsHashAssertionUrl JUMBF:CBOR:PartsLocationByteOffset JUMBF:CBOR:PartsLocationLength JUMBF:CBOR:PartsOptional JUMBF:CBOR:Signature JUMBF:JUMDLabel JUMBF:JUMDToggles JUMBF:JUMDType XMP:XMP-GCamera:HdrPlusMakernote XMP:XMP-xmpNote:HasExtendedXMP
dataset_new_ignored/2026-09-24__pixel/class_012__Rwanda_Gisuma/PXL_20260924_074404425.jpg,71fec75be316fb7361fafa35208c9be584a4c6a44511be8fac0148cbe02e1510,25e6fb8db3ad4b30e6044a8cb55d4cb1ce70209831503d2952921cbdc087cb16,61e6242c9a1a241dbfeb33399d63447acdd4eb310d1ed802ffe05d7ac6cb5265,EXIF:GPS:GPSAltitude EXIF:GPS:GPSAltitudeRef EXIF:GPS:GPSDateStamp EXIF:GPS:GPSImgDirection EXIF:GPS:GPSImgDirectionRef EXIF:GPS:GPSLatitude EXIF:GPS:GPSLatitudeRef EXIF:GPS:GPSLongitude EXIF:GPS:GPSLongitudeRef EXIF:GPS:GPSTimeStamp EXIF:GPS:GPSVersionID EXIF:IFD1:Compression EXIF:IFD1:Orientation EXIF:IFD1:ResolutionUnit EXIF:IFD1:ThumbnailImage EXIF:IFD1:ThumbnailLength EXIF:IFD1:ThumbnailOffset EXIF:IFD1:XResolution EXIF:IFD1:YResolution JUMBF:CBOR:ActionsAction JUMBF:CBOR:ActionsDescription JUMBF:CBOR:ActionsDigitalSourceType JUMBF:CBOR:Alg JUMBF:CBOR:Claim_Generator_InfoName JUMBF:CBOR:Claim_Generator_InfoVersion JUMBF:CBOR:Created_AssertionsHash JUMBF:CBOR:Created_AssertionsUrl JUMBF:CBOR:ExclusionsLength JUMBF:CBOR:ExclusionsStart JUMBF:CBOR:Hash JUMBF:CBOR:InstanceID JUMBF:CBOR:Item0 JUMBF:CBOR:Item1Pad JUMBF:CBOR:Item1Pad2 JUMBF:CBOR:Item1SigTst2TstTokensVal JUMBF:CBOR:Item2 JUMBF:CBOR:Item3 JUMBF:CBOR:Pad JUMBF:CBOR:Pad2 JUMBF:CBOR:PartsHashAssertionHash JUMBF:CBOR:PartsHashAssertionUrl JUMBF:CBOR:PartsLocationByteOffset JUMBF:CBOR:PartsLocationLength JUMBF:CBOR:PartsOptional JUMBF:CBOR:Signature JUMBF:JUMDLabel JUMBF:JUMDToggles JUMBF:JUMDType XMP:XMP-GCamera:HdrPlusMakernote XMP:XMP-xmpNote:HasExtendedXMP
dataset_new_ignored/2026-09-24__pixel/class_012__Rwanda_Gisuma/PXL_20260924_074530013.jpg,7f0983ae4ef768197a55ecbed2a6561081fecf8a7e6ebb48391922f1cc49d664,11b5af1a12a8d7137d8b85e999d749a92755c54c28b834d5334ce66a90c66cca,ecd2776fa57212cb8ece903307681284a90695ee3d34fd1fa6247a14bc48ccda,EXIF:GPS:GPSAltitude EXIF:GPS:GPSAltitudeRef EXIF:GPS:GPSDateStamp EXIF:GPS:GPSImgDirection EXIF:GPS:GPSImgDirectionRef EXIF:GPS:GPSLatitude EXIF:GPS:GPSLatitudeRef EXIF:GPS:GPSLongitude EXIF:GPS:GPSLongitudeRef EXIF:GPS:GPSTimeStamp EXIF:GPS:GPSVersionID EXIF:IFD1:Compression EXIF:IFD1:Orientation EXIF:IFD1:ResolutionUnit EXIF:IFD1:ThumbnailImage EXIF:IFD1:ThumbnailLength EXIF:IFD1:ThumbnailOffset EXIF:IFD1:XResolution EXIF:IFD1:YResolution JUMBF:CBOR:ActionsAction JUMBF:CBOR:ActionsDescription JUMBF:CBOR:ActionsDigitalSourceType JUMBF:CBOR:Alg JUMBF:CBOR:Claim_Generator_InfoName JUMBF:CBOR:Claim_Generator_InfoVersion JUMBF:CBOR:Created_AssertionsHash JUMBF:CBOR:Created_AssertionsUrl JUMBF:CBOR:ExclusionsLength JUMBF:CBOR:ExclusionsStart JUMBF:CBOR:Hash JUMBF:CBOR:InstanceID JUMBF:CBOR:Item0 JUMBF:CBOR:Item1Pad JUMBF:CBOR:Item1Pad2 JUMBF:CBOR:Item1SigTst2TstTokensVal JUMBF:CBOR:Item2 JUMBF:CBOR:Item3 JUMBF:CBOR:Pad JUMBF:CBOR:Pad2 JUMBF:CBOR:PartsHashAssertionHash JUMBF:CBOR:PartsHashAssertionUrl JUMBF:CBOR:PartsLocationByteOffset JUMBF:CBOR:PartsLocationLength JUMBF:CBOR:PartsOptional JUMBF:CBOR:Signature JUMBF:JUMDLabel JUMBF:JUMDToggles JUMBF:JUMDType XMP:XMP-GCamera:HdrPlusMakernote XMP:XMP-xmpNote:HasExtendedXMP
dataset_new_ignored/2026-09-24__pixel/class_012__Rwanda_Gisuma/PXL_20260924_074632302.jpg,ab47713fd2327a6bd7832db981378686ca883fe1279509cb1725453352002bd0,b5ca04782047898b5474f90cdc6a026ddfe019aab139c0f816e3890c4d699462,6f266114733659a01adf8a6364368990418252a89208f38a77a77331aafab6df,EXIF:GPS:GPSAltitude EXIF:GPS:GPSAltitudeRef EXIF:GPS:GPSDateStamp EXIF:GPS:GPSImgDirection EXIF:GPS:GPSImgDirectionRef EXIF:GPS:GPSLatitude EXIF:GPS:GPSLatitudeRef EXIF:GPS:GPSLongitude EXIF:GPS:GPSLongitudeRef EXIF:GPS:GPSTimeStamp EXIF:GPS:GPSVersionID EXIF:IFD1:Compression EXIF:IFD1:Orientation EXIF:IFD1:ResolutionUnit EXIF:IFD1:ThumbnailImage EXIF:IFD1:ThumbnailLength EXIF:IFD1:ThumbnailOffset EXIF:IFD1:XResolution EXIF:IFD1:YResolution JUMBF:CBOR:ActionsAction JUMBF:CBOR:ActionsDescription JUMBF:CBOR:ActionsDigitalSourceType JUMBF:CBOR:Alg JUMBF:CBOR:Claim_Generator_InfoName JUMBF:CBOR:Claim_Generator_InfoVersion JUMBF:CBOR:Created_AssertionsHash JUMBF:CBOR:Created_AssertionsUrl JUMBF:CBOR:ExclusionsLength JUMBF:CBOR:ExclusionsStart JUMBF:CBOR:Hash JUMBF:CBOR:InstanceID JUMBF:CBOR:Item0 JUMBF:CBOR:Item1Pad JUMBF:CBOR:Item1Pad2 JUMBF:CBOR:Item1SigTst2TstTokensVal JUMBF:CBOR:Item2 JUMBF:CBOR:Item3 JUMBF:CBOR:Pad JUMBF:CBOR:Pad2 JUMBF:CBOR:PartsHashAssertionHash JUMBF:CBOR:PartsHashAssertionUrl JUMBF:CBOR:PartsLocationByteOffset JUMBF:CBOR:PartsLocationLength JUMBF:CBOR:PartsOptional JUMBF:CBOR:Signature JUMBF:JUMDLabel JUMBF:JUMDToggles JUMBF:JUMDType XMP:XMP-GCamera:HdrPlusMakernote XMP:XMP-xmpNote:HasExtendedXMP
dataset_new_ignored/2026-09-24__sony/class_011__Peru_Minca/PIC_20260924_200348.JPG,40198f6ec5a6abec11b67ed85e4529b0fc456af0bb47cc2adc73ca13ae0ec9db,2105c9d799e5e0f8fd55938fcc9408f2cedac6974a93e098365d05c21dbfee4a,0de77e278bf2c25affe8bf8ede8ade97a539ba1cab0ec78c90463a200b3f391c,EXIF:IFD1:Compression EXIF:IFD1:Orientation EXIF:IFD1:ResolutionUnit EXIF:IFD1:ThumbnailImage EXIF:IFD1:ThumbnailLength EXIF:IFD1:ThumbnailOffset EXIF:IFD1:XResolution EXIF:IFD1:YResolution MakerNotes:Sony:ChromaticAberrationCorrParams MakerNotes:Sony:DistortionCorrParams MakerNotes:Sony:DistortionCorrParamsPresent MakerNotes:Sony:DistortionCorrection MakerNotes:Sony:FaceInfoLength MakerNotes:Sony:FaceInfoOffset MakerNotes:Sony:FacesDetected MakerNotes:Sony:LensFormat MakerNotes:Sony:LensMount MakerNotes:Sony:MetaVersion MakerNotes:Sony:SoftSkinEffect MakerNotes:Sony:SonyDateTime MakerNotes:Sony:SonyImageHeight MakerNotes:Sony:SonyImageWidth MakerNotes:Sony:Sony_0x2024 MakerNotes:Sony:Sony_0x2025 MakerNotes:Sony:Sony_0x9400 MakerNotes:Sony:Sony_0x9404 MakerNotes:Sony:Sony_0x9408 MakerNotes:Sony:Sony_0x9409 MakerNotes:Sony:Sony_0x940e MakerNotes:Sony:VignettingCorrParams
dataset_new_ignored/2026-09-24__sony/class_011__Peru_Minca/PIC_20260924_200418.JPG,98595d2b25f0b822b8e00c41cc6793d2b65f2ea77ca543b9c109249dad1820b3,db5ee828d0f1fa92013489ac625779a8f5a5b8691d4d1ccdb61e71c03a19dc44,ee719a60da3182269fcf603272c5001f1a417ccb3c5350976394b467a191818a,EXIF:IFD1:Compression EXIF:IFD1:Orientation EXIF:IFD1:ResolutionUnit EXIF:IFD1:ThumbnailImage EXIF:IFD1:ThumbnailLength EXIF:IFD1:ThumbnailOffset EXIF:IFD1:XResolution EXIF:IFD1:YResolution MakerNotes:Sony:ChromaticAberrationCorrParams MakerNotes:Sony:DistortionCorrParams MakerNotes:Sony:DistortionCorrParamsPresent MakerNotes:Sony:DistortionCorrection MakerNotes:Sony:FaceInfoLength MakerNotes:Sony:FaceInfoOffset MakerNotes:Sony:FacesDetected MakerNotes:Sony:LensFormat MakerNotes:Sony:LensMount MakerNotes:Sony:MetaVersion MakerNotes:Sony:SoftSkinEffect MakerNotes:Sony:SonyDateTime MakerNotes:Sony:SonyImageHeight MakerNotes:Sony:SonyImageWidth MakerNotes:Sony:Sony_0x2024 MakerNotes:Sony:Sony_0x2025 MakerNotes:Sony:Sony_0x9400 MakerNotes:Sony:Sony_0x9404 MakerNotes:Sony:Sony_0x9408 MakerNotes:Sony:Sony_0x9409 MakerNotes:Sony:Sony_0x940e MakerNotes:Sony:VignettingCorrParams
dataset_new_ignored/2026-09-24__sony/class_011__Peru_Minca/PIC_20260924_200435.JPG,c5cbb14d211fede8f276b09f22dbfeba792ddf408a3485598e1bfd535b8d6973,17e05f39d156b5c8f79dd6b90cf27a234d9e3a52a4fedb2739bb8a49bfa70de3,e4dbd8ddae35abd5af7ce9348098a0a1cc50e237e09950a8e6b8aefd25082c44,EXIF:IFD1:Compression EXIF:IFD1:Orientation EXIF:IFD1:ResolutionUnit EXIF:IFD1:ThumbnailImage EXIF:IFD1:ThumbnailLength EXIF:IFD1:ThumbnailOffset EXIF:IFD1:XResolution EXIF:IFD1:YResolution MakerNotes:Sony:ChromaticAberrationCorrParams MakerNotes:Sony:DistortionCorrParams MakerNotes:Sony:DistortionCorrParamsPresent MakerNotes:Sony:DistortionCorrection MakerNotes:Sony:FaceInfoLength MakerNotes:Sony:FaceInfoOffset MakerNotes:Sony:FacesDetected MakerNotes:Sony:LensFormat MakerNotes:Sony:LensMount MakerNotes:Sony:MetaVersion MakerNotes:Sony:SoftSkinEffect MakerNotes:Sony:SonyDateTime MakerNotes:Sony:SonyImageHeight MakerNotes:Sony:SonyImageWidth MakerNotes:Sony:Sony_0x2024 MakerNotes:Sony:Sony_0x2025 MakerNotes:Sony:Sony_0x9400 MakerNotes:Sony:Sony_0x9404 MakerNotes:Sony:Sony_0x9408 MakerNotes:Sony:Sony_0x9409 MakerNotes:Sony:Sony_0x940e MakerNotes:Sony:VignettingCorrParams
dataset_new_ignored/2026-09-24__sony/class_011__Peru_Minca/PIC_20260924_200454.JPG,bba2cc32725f35d7fd97fed470da95f830ef144ad4413d0602868de73ba4e3e4,e209cde805e711d372cb65a6cd7409bc0b1489e4c6d33e89d0ef8027382a2886,d2b2e300564d7be76dcb76ab3b356ae6ae567a42386438a9ae383b35737e40b3,EXIF:IFD1:Compression EXIF:IFD1:Orientation EXIF:IFD1:ResolutionUnit EXIF:IFD1:ThumbnailImage EXIF:IFD1:ThumbnailLength EXIF:IFD1:ThumbnailOffset EXIF:IFD1:XResolution EXIF:IFD1:YResolution MakerNotes:Sony:ChromaticAberrationCorrParams MakerNotes:Sony:DistortionCorrParams MakerNotes:Sony:DistortionCorrParamsPresent MakerNotes:Sony:DistortionCorrection MakerNotes:Sony:FaceInfoLength MakerNotes:Sony:FaceInfoOffset MakerNotes:Sony:FacesDetected MakerNotes:Sony:LensFormat MakerNotes:Sony:LensMount MakerNotes:Sony:MetaVersion MakerNotes:Sony:SoftSkinEffect MakerNotes:Sony:SonyDateTime MakerNotes:Sony:SonyImageHeight MakerNotes:Sony:SonyImageWidth MakerNotes:Sony:Sony_0x2024 MakerNotes:Sony:Sony_0x2025 MakerNotes:Sony:Sony_0x9400 MakerNotes:Sony:Sony_0x9404 MakerNotes:Sony:Sony_0x9408 MakerNotes:Sony:Sony_0x9409 MakerNotes:Sony:Sony_0x940e MakerNotes:Sony:VignettingCorrParams
dataset_new_ignored/2026-09-24__sony/class_011__Peru_Minca/PIC_20260924_200521.JPG,52bee89048d50151e1057ba42251fab28f0657de45dabae863751645983c272c,c9a2adfe2807ae371fd140f4dfa1bf6fa9f7607c7af4d7d932c806f12a0bed99,35e0496bdd6086a9899541120e205486b642047d5d2b47f523b13c8ff81f245e,EXIF:IFD1:Compression EXIF:IFD1:Orientation EXIF:IFD1:ResolutionUnit EXIF:IFD1:ThumbnailImage EXIF:IFD1:ThumbnailLength EXIF:IFD1:ThumbnailOffset EXIF:IFD1:XResolution EXIF:IFD1:YResolution MakerNotes:Sony:ChromaticAberrationCorrParams MakerNotes:Sony:DistortionCorrParams MakerNotes:Sony:DistortionCorrParamsPresent MakerNotes:Sony:DistortionCorrection MakerNotes:Sony:FaceInfoLength MakerNotes:Sony:FaceInfoOffset MakerNotes:Sony:FacesDetected MakerNotes:Sony:LensFormat MakerNotes:Sony:LensMount MakerNotes:Sony:MetaVersion MakerNotes:Sony:SoftSkinEffect MakerNotes:Sony:SonyDateTime MakerNotes:Sony:SonyImageHeight MakerNotes:Sony:SonyImageWidth MakerNotes:Sony:Sony_0x2024 MakerNotes:Sony:Sony_0x2025 MakerNotes:Sony:Sony_0x9400 MakerNotes:Sony:Sony_0x9404 MakerNotes:Sony:Sony_0x9408 MakerNotes:Sony:Sony_0x9409 MakerNotes:Sony:Sony_0x940e MakerNotes:Sony:VignettingCorrParams
dataset_new_ignored/2026-09-24__sony/class_011__Peru_Minca/PIC_20260924_200602.JPG,604e129212b4a094841845c64f0ad20d7e0c3d97c3c184c7a4df00a902322b34,ce0823a60c6469445398bc597c0fbc05739ae16ea71948f068c071fc08c338b0,bb3bf8f0e886e8272efe3fc86cfe33a01cf76eff3dca751dc2c4d6a5b47d6d0e,EXIF:IFD1:Compression EXIF:IFD1:Orientation EXIF:IFD1:ResolutionUnit EXIF:IFD1:ThumbnailImage EXIF:IFD1:ThumbnailLength EXIF:IFD1:ThumbnailOffset EXIF:IFD1:XResolution EXIF:IFD1:YResolution MakerNotes:Sony:ChromaticAberrationCorrParams MakerNotes:Sony:DistortionCorrParams MakerNotes:Sony:DistortionCorrParamsPresent MakerNotes:Sony:DistortionCorrection MakerNotes:Sony:FaceInfoLength MakerNotes:Sony:FaceInfoOffset MakerNotes:Sony:FacesDetected MakerNotes:Sony:LensFormat MakerNotes:Sony:LensMount MakerNotes:Sony:MetaVersion MakerNotes:Sony:SoftSkinEffect MakerNotes:Sony:SonyDateTime MakerNotes:Sony:SonyImageHeight MakerNotes:Sony:SonyImageWidth MakerNotes:Sony:Sony_0x2024 MakerNotes:Sony:Sony_0x2025 MakerNotes:Sony:Sony_0x9400 MakerNotes:Sony:Sony_0x9404 MakerNotes:Sony:Sony_0x9408 MakerNotes:Sony:Sony_0x9409 MakerNotes:Sony:Sony_0x940e MakerNotes:Sony:VignettingCorrParams
dataset_new_ignored/2026-09-24__sony/class_011__Peru_Minca/PIC_20260924_200643.JPG,418c3a46b0ba97201a730a6505098f974327234a3babf2448f146b982c5b4330,192a827351155fc8d553baee31ef791b38c255261817e6d860efd74714e6ad9f,08a9aaad4b9068f60f6fcfa07b308e565885ac4cac67b66577c3b74dc4bab877,EXIF:IFD1:Compression EXIF:IFD1:Orientation EXIF:IFD1:ResolutionUnit EXIF:IFD1:ThumbnailImage EXIF:IFD1:ThumbnailLength EXIF:IFD1:ThumbnailOffset EXIF:IFD1:XResolution EXIF:IFD1:YResolution MakerNotes:Sony:ChromaticAberrationCorrParams MakerNotes:Sony:DistortionCorrParams MakerNotes:Sony:DistortionCorrParamsPresent MakerNotes:Sony:DistortionCorrection MakerNotes:Sony:FaceInfoLength MakerNotes:Sony:FaceInfoOffset MakerNotes:Sony:FacesDetected MakerNotes:Sony:LensFormat MakerNotes:Sony:LensMount MakerNotes:Sony:MetaVersion MakerNotes:Sony:SoftSkinEffect MakerNotes:Sony:SonyDateTime MakerNotes:Sony:SonyImageHeight MakerNotes:Sony:SonyImageWidth MakerNotes:Sony:Sony_0x2024 MakerNotes:Sony:Sony_0x2025 MakerNotes:Sony:Sony_0x9400 MakerNotes:Sony:Sony_0x9404 MakerNotes:Sony:Sony_0x9408 MakerNotes:Sony:Sony_0x9409 MakerNotes:Sony:Sony_0x940e MakerNotes:Sony:VignettingCorrParams
dataset_new_ignored/2026-09-24__sony/class_011__Peru_Minca/PIC_20260924_200724.JPG,51d0c30807bd97dfe8bd1fceafd212012e01c1611812a025907e9bc9d9131d1f,d8e2e84843b65e6c226b88eb7c2e7cfe74c89b22dc9a98ac562e9401c1a97631,2a1e3771080d921fdeae16e49e2b628c6b877249f314145db866241839730041,EXIF:IFD1:Compression EXIF:IFD1:Orientation EXIF:IFD1:ResolutionUnit EXIF:IFD1:ThumbnailImage EXIF:IFD1:ThumbnailLength EXIF:IFD1:ThumbnailOffset EXIF:IFD1:XResolution EXIF:IFD1:YResolution MakerNotes:Sony:ChromaticAberrationCorrParams MakerNotes:Sony:DistortionCorrParams MakerNotes:Sony:DistortionCorrParamsPresent MakerNotes:Sony:DistortionCorrection MakerNotes:Sony:FaceInfoLength MakerNotes:Sony:FaceInfoOffset MakerNotes:Sony:FacesDetected MakerNotes:Sony:LensFormat MakerNotes:Sony:LensMount MakerNotes:Sony:MetaVersion MakerNotes:Sony:SoftSkinEffect MakerNotes:Sony:SonyDateTime MakerNotes:Sony:SonyImageHeight MakerNotes:Sony:SonyImageWidth MakerNotes:Sony:Sony_0x2024 MakerNotes:Sony:Sony_0x2025 MakerNotes:Sony:Sony_0x9400 MakerNotes:Sony:Sony_0x9404 MakerNotes:Sony:Sony_0x9408 MakerNotes:Sony:Sony_0x9409 MakerNotes:Sony:Sony_0x940e MakerNotes:Sony:VignettingCorrParams
dataset_new_ignored/2026-09-24__sony/class_011__Peru_Minca/PIC_20260924_200809.JPG,de2c7387ea7f659ff6d84dc94fdb9bf0b651c09d277dad6a5bfe46be6f64ae10,994976eaebb6abbbffd753d169fa1e8962aafc52386b20527d9796f2d6510074,e8e69209a53b4e199640804b58f9d657e2422c7dce2ab899325f9c42fa557caf,EXIF:IFD1:Compression EXIF:IFD1:Orientation EXIF:IFD1:ResolutionUnit EXIF:IFD1:ThumbnailImage EXIF:IFD1:ThumbnailLength EXIF:IFD1:ThumbnailOffset EXIF:IFD1:XResolution EXIF:IFD1:YResolution MakerNotes:Sony:ChromaticAberrationCorrParams MakerNotes:Sony:DistortionCorrParams MakerNotes:Sony:DistortionCorrParamsPresent MakerNotes:Sony:DistortionCorrection MakerNotes:Sony:FaceInfoLength MakerNotes:Sony:FaceInfoOffset MakerNotes:Sony:FacesDetected MakerNotes:Sony:LensFormat MakerNotes:Sony:LensMount MakerNotes:Sony:MetaVersion MakerNotes:Sony:SoftSkinEffect MakerNotes:Sony:SonyDateTime MakerNotes:Sony:SonyImageHeight MakerNotes:Sony:SonyImageWidth MakerNotes:Sony:Sony_0x2024 MakerNotes:Sony:Sony_0x2025 MakerNotes:Sony:Sony_0x9400 MakerNotes:Sony:Sony_0x9404 MakerNotes:Sony:Sony_0x9408 MakerNotes:Sony:Sony_0x9409 MakerNotes:Sony:Sony_0x940e MakerNotes:Sony:VignettingCorrParams
dataset_new_ignored/2026-09-24__sony/class_011__Peru_Minca/PIC_20260924_200826.JPG,d68aa577b6038c8ef1dfd3ec232aa145e9a90d4e6770a2017a7279e620559f8e,b184f252006d44becf3df30ecab8c29ef8819cd06012bd4dd45373b04ad355ca,f73c1321fbf8e8cac97d7edf158d068fca1b592b9e6624a26bec0a10c0edb16b,EXIF:IFD1:Compression EXIF:IFD1:Orientation EXIF:IFD1:ResolutionUnit EXIF:IFD1:ThumbnailImage EXIF:IFD1:ThumbnailLength EXIF:IFD1:ThumbnailOffset EXIF:IFD1:XResolution EXIF:IFD1:YResolution MakerNotes:Sony:ChromaticAberrationCorrParams MakerNotes:Sony:DistortionCorrParams MakerNotes:Sony:DistortionCorrParamsPresent MakerNotes:Sony:DistortionCorrection MakerNotes:Sony:FaceInfoLength MakerNotes:Sony:FaceInfoOffset MakerNotes:Sony:FacesDetected MakerNotes:Sony:LensFormat MakerNotes:Sony:LensMount MakerNotes:Sony:MetaVersion MakerNotes:Sony:SoftSkinEffect MakerNotes:Sony:SonyDateTime MakerNotes:Sony:SonyImageHeight MakerNotes:Sony:SonyImageWidth MakerNotes:Sony:Sony_0x2024 MakerNotes:Sony:Sony_0x2025 MakerNotes:Sony:Sony_0x9400 MakerNotes:Sony:Sony_0x9404 MakerNotes:Sony:Sony_0x9408 MakerNotes:Sony:Sony_0x9409 MakerNotes:Sony:Sony_0x940e MakerNotes:Sony:VignettingCorrParams
dataset_new_ignored/2026-09-24__sony/class_011__Peru_Minca/PIC_20260924_200940.JPG,aa9ac2b9f74bf53cd169a1ba75a9332217459af3d9235c8bab4c1271fe5a0658,0e2976c9cab7e5fa1f0dc887182237a3aa5757816cbd9b67716f86149ed2c523,261514aae64717059b5e7d9cb2a57be52b4e67effa95f3baf5bff31193bae445,EXIF:IFD1:Compression EXIF:IFD1:Orientation EXIF:IFD1:ResolutionUnit EXIF:IFD1:ThumbnailImage EXIF:IFD1:ThumbnailLength EXIF:IFD1:ThumbnailOffset EXIF:IFD1:XResolution EXIF:IFD1:YResolution MakerNotes:Sony:ChromaticAberrationCorrParams MakerNotes:Sony:DistortionCorrParams MakerNotes:Sony:DistortionCorrParamsPresent MakerNotes:Sony:DistortionCorrection MakerNotes:Sony:FaceInfoLength MakerNotes:Sony:FaceInfoOffset MakerNotes:Sony:FacesDetected MakerNotes:Sony:LensFormat MakerNotes:Sony:LensMount MakerNotes:Sony:MetaVersion MakerNotes:Sony:SoftSkinEffect MakerNotes:Sony:SonyDateTime MakerNotes:Sony:SonyImageHeight MakerNotes:Sony:SonyImageWidth MakerNotes:Sony:Sony_0x2024 MakerNotes:Sony:Sony_0x2025 MakerNotes:Sony:Sony_0x9400 MakerNotes:Sony:Sony_0x9404 MakerNotes:Sony:Sony_0x9408 MakerNotes:Sony:Sony_0x9409 MakerNotes:Sony:Sony_0x940e MakerNotes:Sony:VignettingCorrParams
dataset_new_ignored/2026-09-24__sony/class_011__Peru_Minca/PIC_20260924_201011.JPG,293a5eafeb318bd874f0a0215a0172da0eb6605982ef84c1d02028aa1d990b4f,2c86a730999b454f5ebd51e33a4d0e4aee4099f9d5552ec98bf3bb23b4c88fb7,a77ede9c30d0ae47b02bc5253b659185cec54ea761671720121415727c45f0b2,EXIF:IFD1:Compression EXIF:IFD1:Orientation EXIF:IFD1:ResolutionUnit EXIF:IFD1:ThumbnailImage EXIF:IFD1:ThumbnailLength EXIF:IFD1:ThumbnailOffset EXIF:IFD1:XResolution EXIF:IFD1:YResolution MakerNotes:Sony:ChromaticAberrationCorrParams MakerNotes:Sony:DistortionCorrParams MakerNotes:Sony:DistortionCorrParamsPresent MakerNotes:Sony:DistortionCorrection MakerNotes:Sony:FaceInfoLength MakerNotes:Sony:FaceInfoOffset MakerNotes:Sony:FacesDetected MakerNotes:Sony:LensFormat MakerNotes:Sony:LensMount MakerNotes:Sony:MetaVersion MakerNotes:Sony:SoftSkinEffect MakerNotes:Sony:SonyDateTime MakerNotes:Sony:SonyImageHeight MakerNotes:Sony:SonyImageWidth MakerNotes:Sony:Sony_0x2024 MakerNotes:Sony:Sony_0x2025 MakerNotes:Sony:Sony_0x9400 MakerNotes:Sony:Sony_0x9404 MakerNotes:Sony:Sony_0x9408 MakerNotes:Sony:Sony_0x9409 MakerNotes:Sony:Sony_0x940e MakerNotes:Sony:VignettingCorrParams
dataset_new_ignored/2026-09-24__sony/class_011__Peru_Minca/PIC_20260924_201057.JPG,28e7fb3656b4243146cf611b828d8fcdc55ed58213eca9bd6d9732f8ba16eb45,9dfa50568af8417031879563b598646f1f505c74bc526628ab7accd6c7536bd0,92d7494b70fd8899f5694e8bb1f556c2aaae4bc379e588acf7aa7b8b5bcba4c4,EXIF:IFD1:Compression EXIF:IFD1:Orientation EXIF:IFD1:ResolutionUnit EXIF:IFD1:ThumbnailImage EXIF:IFD1:ThumbnailLength EXIF:IFD1:ThumbnailOffset EXIF:IFD1:XResolution EXIF:IFD1:YResolution MakerNotes:Sony:ChromaticAberrationCorrParams MakerNotes:Sony:DistortionCorrParams MakerNotes:Sony:DistortionCorrParamsPresent MakerNotes:Sony:DistortionCorrection MakerNotes:Sony:FaceInfoLength MakerNotes:Sony:FaceInfoOffset MakerNotes:Sony:FacesDetected MakerNotes:Sony:LensFormat MakerNotes:Sony:LensMount MakerNotes:Sony:MetaVersion MakerNotes:Sony:SoftSkinEffect MakerNotes:Sony:SonyDateTime MakerNotes:Sony:SonyImageHeight MakerNotes:Sony:SonyImageWidth MakerNotes:Sony:Sony_0x2024 MakerNotes:Sony:Sony_0x2025 MakerNotes:Sony:Sony_0x9400 MakerNotes:Sony:Sony_0x9404 MakerNotes:Sony:Sony_0x9408 MakerNotes:Sony:Sony_0x9409 MakerNotes:Sony:Sony_0x940e MakerNotes:Sony:VignettingCorrParams
dataset_new_ignored/2026-09-24__sony/class_011__Peru_Minca/PIC_20260924_201113.JPG,913d8474a98fd3e08517d3bb990eeff87c27b58c250c0ed78497c6f578c06bc6,93a9fa93b305cb152979981176571b3ec714e9b36697e796bd3f8b3ba7fefe38,8ae30078b80a05d2c75cc7499fdf5a59ef7fb23fdd756592b3c3fa53d030a0ea,EXIF:IFD1:Compression EXIF:IFD1:Orientation EXIF:IFD1:ResolutionUnit EXIF:IFD1:ThumbnailImage EXIF:IFD1:ThumbnailLength EXIF:IFD1:ThumbnailOffset EXIF:IFD1:XResolution EXIF:IFD1:YResolution MakerNotes:Sony:ChromaticAberrationCorrParams MakerNotes:Sony:DistortionCorrParams MakerNotes:Sony:DistortionCorrParamsPresent MakerNotes:Sony:DistortionCorrection MakerNotes:Sony:FaceInfoLength MakerNotes:Sony:FaceInfoOffset MakerNotes:Sony:FacesDetected MakerNotes:Sony:LensFormat MakerNotes:Sony:LensMount MakerNotes:Sony:MetaVersion MakerNotes:Sony:SoftSkinEffect MakerNotes:Sony:SonyDateTime MakerNotes:Sony:SonyImageHeight MakerNotes:Sony:SonyImageWidth MakerNotes:Sony:Sony_0x2024 MakerNotes:Sony:Sony_0x2025 MakerNotes:Sony:Sony_0x9400 MakerNotes:Sony:Sony_0x9404 MakerNotes:Sony:Sony_0x9408 MakerNotes:Sony:Sony_0x9409 MakerNotes:Sony:Sony_0x940e MakerNotes:Sony:VignettingCorrParams
dataset_new_ignored/2026-09-24__sony/class_011__Peru_Minca/PIC_20260924_201133.JPG,2cbfda5804701fcdd043e41623b5f1b5777f4465073413dc5283c173a8c9d7bb,025f95aa325b4c16efb566537ba4b93b7c0ac5622e8614db64282d5254cfed26,f7deeae2aea492f284c7303d40f430f45c82a6131f2ccc0836492353e3f07b43,EXIF:IFD1:Compression EXIF:IFD1:Orientation EXIF:IFD1:ResolutionUnit EXIF:IFD1:ThumbnailImage EXIF:IFD1:ThumbnailLength EXIF:IFD1:ThumbnailOffset EXIF:IFD1:XResolution EXIF:IFD1:YResolution MakerNotes:Sony:ChromaticAberrationCorrParams MakerNotes:Sony:DistortionCorrParams MakerNotes:Sony:DistortionCorrParamsPresent MakerNotes:Sony:DistortionCorrection MakerNotes:Sony:FaceInfoLength MakerNotes:Sony:FaceInfoOffset MakerNotes:Sony:FacesDetected MakerNotes:Sony:LensFormat MakerNotes:Sony:LensMount MakerNotes:Sony:MetaVersion MakerNotes:Sony:SoftSkinEffect MakerNotes:Sony:SonyDateTime MakerNotes:Sony:SonyImageHeight MakerNotes:Sony:SonyImageWidth MakerNotes:Sony:Sony_0x2024 MakerNotes:Sony:Sony_0x2025 MakerNotes:Sony:Sony_0x9400 MakerNotes:Sony:Sony_0x9404 MakerNotes:Sony:Sony_0x9408 MakerNotes:Sony:Sony_0x9409 MakerNotes:Sony:Sony_0x940e MakerNotes:Sony:VignettingCorrParams
dataset_new_ignored/2026-09-24__sony/class_011__Peru_Minca/PIC_20260924_201151.JPG,bbb64b0116ed5c8b7f0cc46492b5d02d4e703bb4efd3b472404cc11c9dc9c857,a9956f7906e0f28dbd965ddd25d2dd68ccd9415b49dbd9523befd35a659b5033,7daacbd7e157ff8d822b4bfc13367f6ed227614cc58312ef374b260b05df3cca,EXIF:IFD1:Compression EXIF:IFD1:Orientation EXIF:IFD1:ResolutionUnit EXIF:IFD1:ThumbnailImage EXIF:IFD1:ThumbnailLength EXIF:IFD1:ThumbnailOffset EXIF:IFD1:XResolution EXIF:IFD1:YResolution MakerNotes:Sony:ChromaticAberrationCorrParams MakerNotes:Sony:DistortionCorrParams MakerNotes:Sony:DistortionCorrParamsPresent MakerNotes:Sony:DistortionCorrection MakerNotes:Sony:FaceInfoLength MakerNotes:Sony:FaceInfoOffset MakerNotes:Sony:FacesDetected MakerNotes:Sony:LensFormat MakerNotes:Sony:LensMount MakerNotes:Sony:MetaVersion MakerNotes:Sony:SoftSkinEffect MakerNotes:Sony:SonyDateTime MakerNotes:Sony:SonyImageHeight MakerNotes:Sony:SonyImageWidth MakerNotes:Sony:Sony_0x2024 MakerNotes:Sony:Sony_0x2025 MakerNotes:Sony:Sony_0x9400 MakerNotes:Sony:Sony_0x9404 MakerNotes:Sony:Sony_0x9408 MakerNotes:Sony:Sony_0x9409 MakerNotes:Sony:Sony_0x940e MakerNotes:Sony:VignettingCorrParams
dataset_new_ignored/2026-09-24__sony/class_011__Peru_Minca/PIC_20260924_201230.JPG,9b0185d6d82f49ef10c2b27de8450e15a9c1021c4fdc79abb844853891c91042,c003f53779d0ffdcd834e988fce33a1b9cab72eaee8fa5dd76caad11d62703cf,dc9515bd2c825b968646562d01ed171d482960248c2bb4524aeffe586f6fb621,EXIF:IFD1:Compression EXIF:IFD1:Orientation EXIF:IFD1:ResolutionUnit EXIF:IFD1:ThumbnailImage EXIF:IFD1:ThumbnailLength EXIF:IFD1:ThumbnailOffset EXIF:IFD1:XResolution EXIF:IFD1:YResolution MakerNotes:Sony:ChromaticAberrationCorrParams MakerNotes:Sony:DistortionCorrParams MakerNotes:Sony:DistortionCorrParamsPresent MakerNotes:Sony:DistortionCorrection MakerNotes:Sony:FaceInfoLength MakerNotes:Sony:FaceInfoOffset MakerNotes:Sony:FacesDetected MakerNotes:Sony:LensFormat MakerNotes:Sony:LensMount MakerNotes:Sony:MetaVersion MakerNotes:Sony:SoftSkinEffect MakerNotes:Sony:SonyDateTime MakerNotes:Sony:SonyImageHeight MakerNotes:Sony:SonyImageWidth MakerNotes:Sony:Sony_0x2024 MakerNotes:Sony:Sony_0x2025 MakerNotes:Sony:Sony_0x9400 MakerNotes:Sony:Sony_0x9404 MakerNotes:Sony:Sony_0x9408 MakerNotes:Sony:Sony_0x9409 MakerNotes:Sony:Sony_0x940e MakerNotes:Sony:VignettingCorrParams
dataset_new_ignored/2026-09-24__sony/class_011__Peru_Minca/PIC_20260924_201350.JPG,334f330e991a013c27c3bcf29ba3089cdcc312fa32ebcecc0dcb051ea66b1bd8,88130a51a98516bc51ebf4c11ba83a034a85b3429536b5222a44994cf033bde6,7726a518c5c5d04c51aef50aca4eeed11da632703448c3b502ead2e512e61172,EXIF:IFD1:Compression EXIF:IFD1:Orientation EXIF:IFD1:ResolutionUnit EXIF:IFD1:ThumbnailImage EXIF:IFD1:ThumbnailLength EXIF:IFD1:ThumbnailOffset EXIF:IFD1:XResolution EXIF:IFD1:YResolution MakerNotes:Sony:ChromaticAberrationCorrParams MakerNotes:Sony:DistortionCorrParams MakerNotes:Sony:DistortionCorrParamsPresent MakerNotes:Sony:DistortionCorrection MakerNotes:Sony:FaceInfoLength MakerNotes:Sony:FaceInfoOffset MakerNotes:Sony:FacesDetected MakerNotes:Sony:LensFormat MakerNotes:Sony:LensMount MakerNotes:Sony:MetaVersion MakerNotes:Sony:SoftSkinEffect MakerNotes:Sony:SonyDateTime MakerNotes:Sony:SonyImageHeight MakerNotes:Sony:SonyImageWidth MakerNotes:Sony:Sony_0x2024 MakerNotes:Sony:Sony_0x2025 MakerNotes:Sony:Sony_0x9400 MakerNotes:Sony:Sony_0x9404 MakerNotes:Sony:Sony_0x9408 MakerNotes:Sony:Sony_0x9409 MakerNotes:Sony:Sony_0x940e MakerNotes:Sony:VignettingCorrParams
dataset_new_ignored/2026-09-24__sony/class_011__Peru_Minca/PIC_20260924_201455.JPG,a7da1e9c204a45f14af9a8622976ce981e0a59f2705255d9ad6c892ebd8ab507,b90dde8ca5011a8c5a2bdbc70f3a4a23816fe169258ccccc19f9455dca354a9f,8afcd9437472fb03b0840446b6c30a71f8a988f767e9fefb11342d27ef8ce1c8,EXIF:IFD1:Compression EXIF:IFD1:Orientation EXIF:IFD1:ResolutionUnit EXIF:IFD1:ThumbnailImage EXIF:IFD1:ThumbnailLength EXIF:IFD1:ThumbnailOffset EXIF:IFD1:XResolution EXIF:IFD1:YResolution MakerNotes:Sony:ChromaticAberrationCorrParams MakerNotes:Sony:DistortionCorrParams MakerNotes:Sony:DistortionCorrParamsPresent MakerNotes:Sony:DistortionCorrection MakerNotes:Sony:FaceInfoLength MakerNotes:Sony:FaceInfoOffset MakerNotes:Sony:FacesDetected MakerNotes:Sony:LensFormat MakerNotes:Sony:LensMount MakerNotes:Sony:MetaVersion MakerNotes:Sony:SoftSkinEffect MakerNotes:Sony:SonyDateTime MakerNotes:Sony:SonyImageHeight MakerNotes:Sony:SonyImageWidth MakerNotes:Sony:Sony_0x2024 MakerNotes:Sony:Sony_0x2025 MakerNotes:Sony:Sony_0x9400 MakerNotes:Sony:Sony_0x9404 MakerNotes:Sony:Sony_0x9408 MakerNotes:Sony:Sony_0x9409 MakerNotes:Sony:Sony_0x940e MakerNotes:Sony:VignettingCorrParams
dataset_new_ignored/2026-09-24__sony/class_011__Peru_Minca/PIC_20260924_201513.JPG,cf80d544d1012f98f6afb135fa8a81c98aeed3d9edddc396b405a7f0a14a48e5,d2b03e2504c808cca48f25af5c53ffe40236291ecf932ccaa848aa8725b3ff26,7090b5f5b30981a14a0915dcc04abf1d91ca1c78b4a303b0086abc26c459c590,EXIF:IFD1:Compression EXIF:IFD1:Orientation EXIF:IFD1:ResolutionUnit EXIF:IFD1:ThumbnailImage EXIF:IFD1:ThumbnailLength EXIF:IFD1:ThumbnailOffset EXIF:IFD1:XResolution EXIF:IFD1:YResolution MakerNotes:Sony:ChromaticAberrationCorrParams MakerNotes:Sony:DistortionCorrParams MakerNotes:Sony:DistortionCorrParamsPresent MakerNotes:Sony:DistortionCorrection MakerNotes:Sony:FaceInfoLength MakerNotes:Sony:FaceInfoOffset MakerNotes:Sony:FacesDetected MakerNotes:Sony:LensFormat MakerNotes:Sony:LensMount MakerNotes:Sony:MetaVersion MakerNotes:Sony:SoftSkinEffect MakerNotes:Sony:SonyDateTime MakerNotes:Sony:SonyImageHeight MakerNotes:Sony:SonyImageWidth MakerNotes:Sony:Sony_0x2024 MakerNotes:Sony:Sony_0x2025 MakerNotes:Sony:Sony_0x9400 MakerNotes:Sony:Sony_0x9404 MakerNotes:Sony:Sony_0x9408 MakerNotes:Sony:Sony_0x9409 MakerNotes:Sony:Sony_0x940e MakerNotes:Sony:VignettingCorrParams
dataset_new_ignored/2026-09-24__sony/class_011__Peru_Minca/PIC_20260924_201534.JPG,8ee4eeb37e3889e4cff9073d4e3430924007ba43761c2c3112ce28e3c7f107a6,351f3060bcbf913aaf3b33a7ead0c88ac8abc9298890c2e9fa8f21ddba132127,c7f8b19170be9cffd004ce9584a2459ed7dd054d48fbdbeb1e4a71950057fd8c,EXIF:IFD1:Compression EXIF:IFD1:Orientation EXIF:IFD1:ResolutionUnit EXIF:IFD1:ThumbnailImage EXIF:IFD1:ThumbnailLength EXIF:IFD1:ThumbnailOffset EXIF:IFD1:XResolution EXIF:IFD1:YResolution MakerNotes:Sony:ChromaticAberrationCorrParams MakerNotes:Sony:DistortionCorrParams MakerNotes:Sony:DistortionCorrParamsPresent MakerNotes:Sony:DistortionCorrection MakerNotes:Sony:FaceInfoLength MakerNotes:Sony:FaceInfoOffset MakerNotes:Sony:FacesDetected MakerNotes:Sony:LensFormat MakerNotes:Sony:LensMount MakerNotes:Sony:MetaVersion MakerNotes:Sony:SoftSkinEffect MakerNotes:Sony:SonyDateTime MakerNotes:Sony:SonyImageHeight MakerNotes:Sony:SonyImageWidth MakerNotes:Sony:Sony_0x2024 MakerNotes:Sony:Sony_0x2025 MakerNotes:Sony:Sony_0x9400 MakerNotes:Sony:Sony_0x9404 MakerNotes:Sony:Sony_0x9408 MakerNotes:Sony:Sony_0x9409 MakerNotes:Sony:Sony_0x940e MakerNotes:Sony:VignettingCorrParams
dataset_new_ignored/2026-09-24__sony/class_011__Peru_Minca/PIC_20260924_201633.JPG,23f591e75429ede52121a6ee26f080d0911529e2cfd5ffd1fef25dd87c414e7f,d4f4f29d07ea74a2d204dc58ca23964ca0106e4f1885210a0c5ed5fb99c2276a,84578260f3f108bf8e050c4658774cd8fa4160b8ffa1121062b0d92da2906103,EXIF:IFD1:Compression EXIF:IFD1:Orientation EXIF:IFD1:ResolutionUnit EXIF:IFD1:ThumbnailImage EXIF:IFD1:ThumbnailLength EXIF:IFD1:ThumbnailOffset EXIF:IFD1:XResolution EXIF:IFD1:YResolution MakerNotes:Sony:ChromaticAberrationCorrParams MakerNotes:Sony:DistortionCorrParams MakerNotes:Sony:DistortionCorrParamsPresent MakerNotes:Sony:DistortionCorrection MakerNotes:Sony:FaceInfoLength MakerNotes:Sony:FaceInfoOffset MakerNotes:Sony:FacesDetected MakerNotes:Sony:LensFormat MakerNotes:Sony:LensMount MakerNotes:Sony:MetaVersion MakerNotes:Sony:SoftSkinEffect MakerNotes:Sony:SonyDateTime MakerNotes:Sony:SonyImageHeight MakerNotes:Sony:SonyImageWidth MakerNotes:Sony:Sony_0x2024 MakerNotes:Sony:Sony_0x2025 MakerNotes:Sony:Sony_0x9400 MakerNotes:Sony:Sony_0x9404 MakerNotes:Sony:Sony_0x9408 MakerNotes:Sony:Sony_0x9409 MakerNotes:Sony:Sony_0x940e MakerNotes:Sony:VignettingCorrParams
dataset_new_ignored/2026-09-24__sony/class_011__Peru_Minca/PIC_20260924_201710.JPG,8960d70a0f7273efdddff7b5d435c4ff4c03a4e5b7e008064724303568051335,547ff7990414259209de36aaf1710e06030d455723058ac0485dbbc4114da67e,29cb9b060df92f46cb3c0903de1fd10568f83d6f83fda6e318331c16943675cb,EXIF:IFD1:Compression EXIF:IFD1:Orientation EXIF:IFD1:ResolutionUnit EXIF:IFD1:ThumbnailImage EXIF:IFD1:ThumbnailLength EXIF:IFD1:ThumbnailOffset EXIF:IFD1:XResolution EXIF:IFD1:YResolution MakerNotes:Sony:ChromaticAberrationCorrParams MakerNotes:Sony:DistortionCorrParams MakerNotes:Sony:DistortionCorrParamsPresent MakerNotes:Sony:DistortionCorrection MakerNotes:Sony:FaceInfoLength MakerNotes:Sony:FaceInfoOffset MakerNotes:Sony:FacesDetected MakerNotes:Sony:LensFormat MakerNotes:Sony:LensMount MakerNotes:Sony:MetaVersion MakerNotes:Sony:SoftSkinEffect MakerNotes:Sony:SonyDateTime MakerNotes:Sony:SonyImageHeight MakerNotes:Sony:SonyImageWidth MakerNotes:Sony:Sony_0x2024 MakerNotes:Sony:Sony_0x2025 MakerNotes:Sony:Sony_0x9400 MakerNotes:Sony:Sony_0x9404 MakerNotes:Sony:Sony_0x9408 MakerNotes:Sony:Sony_0x9409 MakerNotes:Sony:Sony_0x940e MakerNotes:Sony:VignettingCorrParams
dataset_new_ignored/2026-09-24__sony/class_011__Peru_Minca/PIC_20260924_201748.JPG,126280a860f55c69c908f7961e2b0defd515a51ff2231642aada8eff4dc6561e,39fe0eb7b4afb49ebc9d1740e5096654d033f97bc85dff83c5ace8fab0feddc5,319aa8688beebc06268909af149e3922b63f1fa6f16f68b3d1ca3285a84ac755,EXIF:IFD1:Compression EXIF:IFD1:Orientation EXIF:IFD1:ResolutionUnit EXIF:IFD1:ThumbnailImage EXIF:IFD1:ThumbnailLength EXIF:IFD1:ThumbnailOffset EXIF:IFD1:XResolution EXIF:IFD1:YResolution MakerNotes:Sony:ChromaticAberrationCorrParams MakerNotes:Sony:DistortionCorrParams MakerNotes:Sony:DistortionCorrParamsPresent MakerNotes:Sony:DistortionCorrection MakerNotes:Sony:FaceInfoLength MakerNotes:Sony:FaceInfoOffset MakerNotes:Sony:FacesDetected MakerNotes:Sony:LensFormat MakerNotes:Sony:LensMount MakerNotes:Sony:MetaVersion MakerNotes:Sony:SoftSkinEffect MakerNotes:Sony:SonyDateTime MakerNotes:Sony:SonyImageHeight MakerNotes:Sony:SonyImageWidth MakerNotes:Sony:Sony_0x2024 MakerNotes:Sony:Sony_0x2025 MakerNotes:Sony:Sony_0x9400 MakerNotes:Sony:Sony_0x9404 MakerNotes:Sony:Sony_0x9408 MakerNotes:Sony:Sony_0x9409 MakerNotes:Sony:Sony_0x940e MakerNotes:Sony:VignettingCorrParams
dataset_new_ignored/2026-09-24__sony/class_011__Peru_Minca/PIC_20260924_201949.JPG,bdd3eaf733a9de9ab4d55bd7402934f1d9bf6f080404ea9b078ccde006fbdc08,11fd130251fd6d597786f4b58c59d11142c35832fc8cb7381bbb41f1ab6e4b21,24ae359d7d330b858d551f30ab76c4064cddf70202e8a54e4ffc7497102d850b,EXIF:IFD1:Compression EXIF:IFD1:Orientation EXIF:IFD1:ResolutionUnit EXIF:IFD1:ThumbnailImage EXIF:IFD1:ThumbnailLength EXIF:IFD1:ThumbnailOffset EXIF:IFD1:XResolution EXIF:IFD1:YResolution MakerNotes:Sony:ChromaticAberrationCorrParams MakerNotes:Sony:DistortionCorrParams MakerNotes:Sony:DistortionCorrParamsPresent MakerNotes:Sony:DistortionCorrection MakerNotes:Sony:FaceInfoLength MakerNotes:Sony:FaceInfoOffset MakerNotes:Sony:FacesDetected MakerNotes:Sony:LensFormat MakerNotes:Sony:LensMount MakerNotes:Sony:MetaVersion MakerNotes:Sony:SoftSkinEffect MakerNotes:Sony:SonyDateTime MakerNotes:Sony:SonyImageHeight MakerNotes:Sony:SonyImageWidth MakerNotes:Sony:Sony_0x2024 MakerNotes:Sony:Sony_0x2025 MakerNotes:Sony:Sony_0x9400 MakerNotes:Sony:Sony_0x9404 MakerNotes:Sony:Sony_0x9408 MakerNotes:Sony:Sony_0x9409 MakerNotes:Sony:Sony_0x940e MakerNotes:Sony:VignettingCorrParams
dataset_new_ignored/2026-09-24__sony/class_011__Peru_Minca/PIC_20260924_202005.JPG,5e5f5221e9fa6d52d725a40c09ba5d13ba16cf34e1984ef9c8fac9c2715bc925,1f614e3ef2c53125d8cc22c5ca94e06aa9ebd1957eaa1f4963cfcfba8187d9d2,416279d7844802000591682de4234c0c6d0782cc585e45e26d671c58315fbab4,EXIF:IFD1:Compression EXIF:IFD1:Orientation EXIF:IFD1:ResolutionUnit EXIF:IFD1:ThumbnailImage EXIF:IFD1:ThumbnailLength EXIF:IFD1:ThumbnailOffset EXIF:IFD1:XResolution EXIF:IFD1:YResolution MakerNotes:Sony:ChromaticAberrationCorrParams MakerNotes:Sony:DistortionCorrParams MakerNotes:Sony:DistortionCorrParamsPresent MakerNotes:Sony:DistortionCorrection MakerNotes:Sony:FaceInfoLength MakerNotes:Sony:FaceInfoOffset MakerNotes:Sony:FacesDetected MakerNotes:Sony:LensFormat MakerNotes:Sony:LensMount MakerNotes:Sony:MetaVersion MakerNotes:Sony:SoftSkinEffect MakerNotes:Sony:SonyDateTime MakerNotes:Sony:SonyImageHeight MakerNotes:Sony:SonyImageWidth MakerNotes:Sony:Sony_0x2024 MakerNotes:Sony:Sony_0x2025 MakerNotes:Sony:Sony_0x9400 MakerNotes:Sony:Sony_0x9404 MakerNotes:Sony:Sony_0x9408 MakerNotes:Sony:Sony_0x9409 MakerNotes:Sony:Sony_0x940e MakerNotes:Sony:VignettingCorrParams
dataset_new_ignored/2026-09-24__sony/class_011__Peru_Minca/PIC_20260924_202024.JPG,5802d5df0daa2b6b8ccfbf5a9f8f492c08b2981c30bd44a18440a12d03b21131,339e537173f454980f6d55a29a5fff55341a286685cb1e3cf2949154506fe8ee,ce9c171c472712a8c4b02520e7161997d184a650086a73dfcfa1cbe5d4218e9f,EXIF:IFD1:Compression EXIF:IFD1:Orientation EXIF:IFD1:ResolutionUnit EXIF:IFD1:ThumbnailImage EXIF:IFD1:ThumbnailLength EXIF:IFD1:ThumbnailOffset EXIF:IFD1:XResolution EXIF:IFD1:YResolution MakerNotes:Sony:ChromaticAberrationCorrParams MakerNotes:Sony:DistortionCorrParams MakerNotes:Sony:DistortionCorrParamsPresent MakerNotes:Sony:DistortionCorrection MakerNotes:Sony:FaceInfoLength MakerNotes:Sony:FaceInfoOffset MakerNotes:Sony:FacesDetected MakerNotes:Sony:LensFormat MakerNotes:Sony:LensMount MakerNotes:Sony:MetaVersion MakerNotes:Sony:SoftSkinEffect MakerNotes:Sony:SonyDateTime MakerNotes:Sony:SonyImageHeight MakerNotes:Sony:SonyImageWidth MakerNotes:Sony:Sony_0x2024 MakerNotes:Sony:Sony_0x2025 MakerNotes:Sony:Sony_0x9400 MakerNotes:Sony:Sony_0x9404 MakerNotes:Sony:Sony_0x9408 MakerNotes:Sony:Sony_0x9409 MakerNotes:Sony:Sony_0x940e MakerNotes:Sony:VignettingCorrParams
dataset_new_ignored/2026-09-24__sony/class_011__Peru_Minca/PIC_20260924_202039.JPG,787cb51320c6a59ae6c4be8c241d8d8a2b29004c89fec34ebb6264f20a2c038c,1b02066ca815e0477894a01889e0b7dd7f3d93640f038b642f7fc83fb3509da8,aa4ac673be8d60498216ccb7d061c1028f5df81414d7855a8d3755def7ee7ca4,EXIF:IFD1:Compression EXIF:IFD1:Orientation EXIF:IFD1:ResolutionUnit EXIF:IFD1:ThumbnailImage EXIF:IFD1:ThumbnailLength EXIF:IFD1:ThumbnailOffset EXIF:IFD1:XResolution EXIF:IFD1:YResolution MakerNotes:Sony:ChromaticAberrationCorrParams MakerNotes:Sony:DistortionCorrParams MakerNotes:Sony:DistortionCorrParamsPresent MakerNotes:Sony:DistortionCorrection MakerNotes:Sony:FaceInfoLength MakerNotes:Sony:FaceInfoOffset MakerNotes:Sony:FacesDetected MakerNotes:Sony:LensFormat MakerNotes:Sony:LensMount MakerNotes:Sony:MetaVersion MakerNotes:Sony:SoftSkinEffect MakerNotes:Sony:SonyDateTime MakerNotes:Sony:SonyImageHeight MakerNotes:Sony:SonyImageWidth MakerNotes:Sony:Sony_0x2024 MakerNotes:Sony:Sony_0x2025 MakerNotes:Sony:Sony_0x9400 MakerNotes:Sony:Sony_0x9404 MakerNotes:Sony:Sony_0x9408 MakerNotes:Sony:Sony_0x9409 MakerNotes:Sony:Sony_0x940e MakerNotes:Sony:VignettingCorrParams
dataset_new_ignored/2026-09-24__sony/class_011__Peru_Minca/PIC_20260924_202114.JPG,e7270974108cf602c98c71c182fdd8f951fc1576d3d674199c87b5e78a1a9ebc,5e2bb12a2bc3d734942cc7f04992a4b7bce7befc03c3afce486c604084738065,9ff7970883482b390b70199a098f366fe1b680b5cf1e0abf1ccdca55697d520c,EXIF:IFD1:Compression EXIF:IFD1:Orientation EXIF:IFD1:ResolutionUnit EXIF:IFD1:ThumbnailImage EXIF:IFD1:ThumbnailLength EXIF:IFD1:ThumbnailOffset EXIF:IFD1:XResolution EXIF:IFD1:YResolution MakerNotes:Sony:ChromaticAberrationCorrParams MakerNotes:Sony:DistortionCorrParams MakerNotes:Sony:DistortionCorrParamsPresent MakerNotes:Sony:DistortionCorrection MakerNotes:Sony:FaceInfoLength MakerNotes:Sony:FaceInfoOffset MakerNotes:Sony:FacesDetected MakerNotes:Sony:LensFormat MakerNotes:Sony:LensMount MakerNotes:Sony:MetaVersion MakerNotes:Sony:SoftSkinEffect MakerNotes:Sony:SonyDateTime MakerNotes:Sony:SonyImageHeight MakerNotes:Sony:SonyImageWidth MakerNotes:Sony:Sony_0x2024 MakerNotes:Sony:Sony_0x2025 MakerNotes:Sony:Sony_0x9400 MakerNotes:Sony:Sony_0x9404 MakerNotes:Sony:Sony_0x9408 MakerNotes:Sony:Sony_0x9409 MakerNotes:Sony:Sony_0x940e MakerNotes:Sony:VignettingCorrParams
dataset_new_ignored/2026-09-24__sony/class_011__Peru_Minca/PIC_20260924_202153.JPG,6b315216a9dad6bc7ab32514f4fd0195e49bd3589b7685bbf5c6c1d6539ffb18,6048622df97d52c758946764d0ade45c26d0622feafec7b9fc4e2a03ce5f741e,19b45e467b2b4af7a68dfb4aa805150a5f66bb573ea823fddb636bd732adf00f,EXIF:IFD1:Compression EXIF:IFD1:Orientation EXIF:IFD1:ResolutionUnit EXIF:IFD1:ThumbnailImage EXIF:IFD1:ThumbnailLength EXIF:IFD1:ThumbnailOffset EXIF:IFD1:XResolution EXIF:IFD1:YResolution MakerNotes:Sony:ChromaticAberrationCorrParams MakerNotes:Sony:DistortionCorrParams MakerNotes:Sony:DistortionCorrParamsPresent MakerNotes:Sony:DistortionCorrection MakerNotes:Sony:FaceInfoLength MakerNotes:Sony:FaceInfoOffset MakerNotes:Sony:FacesDetected MakerNotes:Sony:LensFormat MakerNotes:Sony:LensMount MakerNotes:Sony:MetaVersion MakerNotes:Sony:SoftSkinEffect MakerNotes:Sony:SonyDateTime MakerNotes:Sony:SonyImageHeight MakerNotes:Sony:SonyImageWidth MakerNotes:Sony:Sony_0x2024 MakerNotes:Sony:Sony_0x2025 MakerNotes:Sony:Sony_0x9400 MakerNotes:Sony:Sony_0x9404 MakerNotes:Sony:Sony_0x9408 MakerNotes:Sony:Sony_0x9409 MakerNotes:Sony:Sony_0x940e MakerNotes:Sony:VignettingCorrParams
dataset_new_ignored/2026-09-24__sony/class_012__Rwanda_Gisuma/PIC_20260924_145542.JPG,0da114701c16da39121f78d311a990be0e2d5ddb857c4b948e9f9eb6c705fc91,9a66ebf37fcf9d96c4088dc9bc9cde829575d6bbc6e4994544d36debb5fcc6ee,9a287329905c11714c64a8483178aa69cec3b58c04bdd079088d3ea4a5b35682,EXIF:IFD1:Compression EXIF:IFD1:Orientation EXIF:IFD1:ResolutionUnit EXIF:IFD1:ThumbnailImage EXIF:IFD1:ThumbnailLength EXIF:IFD1:ThumbnailOffset EXIF:IFD1:XResolution EXIF:IFD1:YResolution MakerNotes:Sony:ChromaticAberrationCorrParams MakerNotes:Sony:DistortionCorrParams MakerNotes:Sony:DistortionCorrParamsPresent MakerNotes:Sony:DistortionCorrection MakerNotes:Sony:FaceInfoLength MakerNotes:Sony:FaceInfoOffset MakerNotes:Sony:FacesDetected MakerNotes:Sony:LensFormat MakerNotes:Sony:LensMount MakerNotes:Sony:MetaVersion MakerNotes:Sony:SoftSkinEffect MakerNotes:Sony:SonyDateTime MakerNotes:Sony:SonyImageHeight MakerNotes:Sony:SonyImageWidth MakerNotes:Sony:Sony_0x2024 MakerNotes:Sony:Sony_0x2025 MakerNotes:Sony:Sony_0x9400 MakerNotes:Sony:Sony_0x9404 MakerNotes:Sony:Sony_0x9408 MakerNotes:Sony:Sony_0x9409 MakerNotes:Sony:Sony_0x940e MakerNotes:Sony:VignettingCorrParams
dataset_new_ignored/2026-09-24__sony/class_012__Rwanda_Gisuma/PIC_20260924_145627.JPG,7bd7e1a1db3dd42740ece35148b4b3a6a6f9844b98c13552daa5e5ae072ffff6,e49fe65c78b2127c69b9ec1c36c713cff1e3f7d13b1b62a731a45c0d385a2f44,371521e2714b0c0cb76c9cf97d65eda194974e5579c3af94e76a5e39795a2a8a,EXIF:IFD1:Compression EXIF:IFD1:Orientation EXIF:IFD1:ResolutionUnit EXIF:IFD1:ThumbnailImage EXIF:IFD1:ThumbnailLength EXIF:IFD1:ThumbnailOffset EXIF:IFD1:XResolution EXIF:IFD1:YResolution MakerNotes:Sony:ChromaticAberrationCorrParams MakerNotes:Sony:DistortionCorrParams MakerNotes:Sony:DistortionCorrParamsPresent MakerNotes:Sony:DistortionCorrection MakerNotes:Sony:FaceInfoLength MakerNotes:Sony:FaceInfoOffset MakerNotes:Sony:FacesDetected MakerNotes:Sony:LensFormat MakerNotes:Sony:LensMount MakerNotes:Sony:MetaVersion MakerNotes:Sony:SoftSkinEffect MakerNotes:Sony:SonyDateTime MakerNotes:Sony:SonyImageHeight MakerNotes:Sony:SonyImageWidth MakerNotes:Sony:Sony_0x2024 MakerNotes:Sony:Sony_0x2025 MakerNotes:Sony:Sony_0x9400 MakerNotes:Sony:Sony_0x9404 MakerNotes:Sony:Sony_0x9408 MakerNotes:Sony:Sony_0x9409 MakerNotes:Sony:Sony_0x940e MakerNotes:Sony:VignettingCorrParams
dataset_new_ignored/2026-09-24__sony/class_012__Rwanda_Gisuma/PIC_20260924_145707.JPG,0d84d3c4269cd4396b6b68867f2001c79c33ca5592719b971a58a9787127c3d3,1d673fd3480d1e96134442dd0579aceb17e37e40eb8b9684908edf35bdd41639,4bdbdfe984fe96cfe16a7c73759efc251da1c0ece9997e62478c77a9675524a5,EXIF:IFD1:Compression EXIF:IFD1:Orientation EXIF:IFD1:ResolutionUnit EXIF:IFD1:ThumbnailImage EXIF:IFD1:ThumbnailLength EXIF:IFD1:ThumbnailOffset EXIF:IFD1:XResolution EXIF:IFD1:YResolution MakerNotes:Sony:ChromaticAberrationCorrParams MakerNotes:Sony:DistortionCorrParams MakerNotes:Sony:DistortionCorrParamsPresent MakerNotes:Sony:DistortionCorrection MakerNotes:Sony:FaceInfoLength MakerNotes:Sony:FaceInfoOffset MakerNotes:Sony:FacesDetected MakerNotes:Sony:LensFormat MakerNotes:Sony:LensMount MakerNotes:Sony:MetaVersion MakerNotes:Sony:SoftSkinEffect MakerNotes:Sony:SonyDateTime MakerNotes:Sony:SonyImageHeight MakerNotes:Sony:SonyImageWidth MakerNotes:Sony:Sony_0x2024 MakerNotes:Sony:Sony_0x2025 MakerNotes:Sony:Sony_0x9400 MakerNotes:Sony:Sony_0x9404 MakerNotes:Sony:Sony_0x9408 MakerNotes:Sony:Sony_0x9409 MakerNotes:Sony:Sony_0x940e MakerNotes:Sony:VignettingCorrParams
dataset_new_ignored/2026-09-24__sony/class_012__Rwanda_Gisuma/PIC_20260924_145750.JPG,d655c2965297958d4091be965be569f8ed77dd7b19bbb654d3e98f0e1fc9b8fb,75f68e2577e61f48e33b885d568770d81bb3ceff4022481c22e96e206d4b6cff,578026fc3716908fa84ea65cee62df4cc78b62267fc476cc0cbe7c6f1ae84929,EXIF:IFD1:Compression EXIF:IFD1:Orientation EXIF:IFD1:ResolutionUnit EXIF:IFD1:ThumbnailImage EXIF:IFD1:ThumbnailLength EXIF:IFD1:ThumbnailOffset EXIF:IFD1:XResolution EXIF:IFD1:YResolution MakerNotes:Sony:ChromaticAberrationCorrParams MakerNotes:Sony:DistortionCorrParams MakerNotes:Sony:DistortionCorrParamsPresent MakerNotes:Sony:DistortionCorrection MakerNotes:Sony:FaceInfoLength MakerNotes:Sony:FaceInfoOffset MakerNotes:Sony:FacesDetected MakerNotes:Sony:LensFormat MakerNotes:Sony:LensMount MakerNotes:Sony:MetaVersion MakerNotes:Sony:SoftSkinEffect MakerNotes:Sony:SonyDateTime MakerNotes:Sony:SonyImageHeight MakerNotes:Sony:SonyImageWidth MakerNotes:Sony:Sony_0x2024 MakerNotes:Sony:Sony_0x2025 MakerNotes:Sony:Sony_0x9400 MakerNotes:Sony:Sony_0x9404 MakerNotes:Sony:Sony_0x9408 MakerNotes:Sony:Sony_0x9409 MakerNotes:Sony:Sony_0x940e MakerNotes:Sony:VignettingCorrParams
dataset_new_ignored/2026-09-24__sony/class_012__Rwanda_Gisuma/PIC_20260924_145832.JPG,fe49b8bc47f6f6c40c54d3032a791d7a634eb1c082fd84d2bab33f2e883f96d8,c9960d9deee505d969d1315e4afdd4f8c1204bb81d2d1fe7191629c8e9acacc7,305a667ec431685575e85218546e19f7814652a9bdf2e6928b3c397358c7e187,EXIF:IFD1:Compression EXIF:IFD1:Orientation EXIF:IFD1:ResolutionUnit EXIF:IFD1:ThumbnailImage EXIF:IFD1:ThumbnailLength EXIF:IFD1:ThumbnailOffset EXIF:IFD1:XResolution EXIF:IFD1:YResolution MakerNotes:Sony:ChromaticAberrationCorrParams MakerNotes:Sony:DistortionCorrParams MakerNotes:Sony:DistortionCorrParamsPresent MakerNotes:Sony:DistortionCorrection MakerNotes:Sony:FaceInfoLength MakerNotes:Sony:FaceInfoOffset MakerNotes:Sony:FacesDetected MakerNotes:Sony:LensFormat MakerNotes:Sony:LensMount MakerNotes:Sony:MetaVersion MakerNotes:Sony:SoftSkinEffect MakerNotes:Sony:SonyDateTime MakerNotes:Sony:SonyImageHeight MakerNotes:Sony:SonyImageWidth MakerNotes:Sony:Sony_0x2024 MakerNotes:Sony:Sony_0x2025 MakerNotes:Sony:Sony_0x9400 MakerNotes:Sony:Sony_0x9404 MakerNotes:Sony:Sony_0x9408 MakerNotes:Sony:Sony_0x9409 MakerNotes:Sony:Sony_0x940e MakerNotes:Sony:VignettingCorrParams
dataset_new_ignored/2026-09-24__sony/class_012__Rwanda_Gisuma/PIC_20260924_145920.JPG,bd9632a24626c86c2ca555eac4d4530e90df2d8e27c7621d4bab77decca77e13,28627c5f7bab200d84f55ee5c6ba72d2d8244deb036e6875a6b444f4c4664704,0631e3b7f044465cd2df51cce306e8f99105e022f3815efbef665067cdbf1a7f,EXIF:IFD1:Compression EXIF:IFD1:Orientation EXIF:IFD1:ResolutionUnit EXIF:IFD1:ThumbnailImage EXIF:IFD1:ThumbnailLength EXIF:IFD1:ThumbnailOffset EXIF:IFD1:XResolution EXIF:IFD1:YResolution MakerNotes:Sony:ChromaticAberrationCorrParams MakerNotes:Sony:DistortionCorrParams MakerNotes:Sony:DistortionCorrParamsPresent MakerNotes:Sony:DistortionCorrection MakerNotes:Sony:FaceInfoLength MakerNotes:Sony:FaceInfoOffset MakerNotes:Sony:FacesDetected MakerNotes:Sony:LensFormat MakerNotes:Sony:LensMount MakerNotes:Sony:MetaVersion MakerNotes:Sony:SoftSkinEffect MakerNotes:Sony:SonyDateTime MakerNotes:Sony:SonyImageHeight MakerNotes:Sony:SonyImageWidth MakerNotes:Sony:Sony_0x2024 MakerNotes:Sony:Sony_0x2025 MakerNotes:Sony:Sony_0x9400 MakerNotes:Sony:Sony_0x9404 MakerNotes:Sony:Sony_0x9408 MakerNotes:Sony:Sony_0x9409 MakerNotes:Sony:Sony_0x940e MakerNotes:Sony:VignettingCorrParams
dataset_new_ignored/2026-09-24__sony/class_012__Rwanda_Gisuma/PIC_20260924_150009.JPG,df5aebe3fc3170380c0dc5dfd3f214a7a00ba444315453d0d102bb563027248d,ac6146e707d803af65422c181fafd26c9b4c0c5740144ee4f2ee30c39a1ba490,00bd17053dbe317c8b0953bd916e265912200fd4aa7a01137db366dfa13a7df1,EXIF:IFD1:Compression EXIF:IFD1:Orientation EXIF:IFD1:ResolutionUnit EXIF:IFD1:ThumbnailImage EXIF:IFD1:ThumbnailLength EXIF:IFD1:ThumbnailOffset EXIF:IFD1:XResolution EXIF:IFD1:YResolution MakerNotes:Sony:ChromaticAberrationCorrParams MakerNotes:Sony:DistortionCorrParams MakerNotes:Sony:DistortionCorrParamsPresent MakerNotes:Sony:DistortionCorrection MakerNotes:Sony:FaceInfoLength MakerNotes:Sony:FaceInfoOffset MakerNotes:Sony:FacesDetected MakerNotes:Sony:LensFormat MakerNotes:Sony:LensMount MakerNotes:Sony:MetaVersion MakerNotes:Sony:SoftSkinEffect MakerNotes:Sony:SonyDateTime MakerNotes:Sony:SonyImageHeight MakerNotes:Sony:SonyImageWidth MakerNotes:Sony:Sony_0x2024 MakerNotes:Sony:Sony_0x2025 MakerNotes:Sony:Sony_0x9400 MakerNotes:Sony:Sony_0x9404 MakerNotes:Sony:Sony_0x9408 MakerNotes:Sony:Sony_0x9409 MakerNotes:Sony:Sony_0x940e MakerNotes:Sony:VignettingCorrParams
dataset_new_ignored/2026-09-24__sony/class_012__Rwanda_Gisuma/PIC_20260924_150056.JPG,1fefea0d463f84ef623f0deb38052f6e492202c3ba67ca5b0a1e6fe46458276a,c1d5fdaa39c8007cf4f8bf88fbff53fe49baa8fb4241795bba1dbb212676f828,fb761980fd6fc719821bb00bae3604cfabfc87e1a30f1da6d17dc91238adf389,EXIF:IFD1:Compression EXIF:IFD1:Orientation EXIF:IFD1:ResolutionUnit EXIF:IFD1:ThumbnailImage EXIF:IFD1:ThumbnailLength EXIF:IFD1:ThumbnailOffset EXIF:IFD1:XResolution EXIF:IFD1:YResolution MakerNotes:Sony:ChromaticAberrationCorrParams MakerNotes:Sony:DistortionCorrParams MakerNotes:Sony:DistortionCorrParamsPresent MakerNotes:Sony:DistortionCorrection MakerNotes:Sony:FaceInfoLength MakerNotes:Sony:FaceInfoOffset MakerNotes:Sony:FacesDetected MakerNotes:Sony:LensFormat MakerNotes:Sony:LensMount MakerNotes:Sony:MetaVersion MakerNotes:Sony:SoftSkinEffect MakerNotes:Sony:SonyDateTime MakerNotes:Sony:SonyImageHeight MakerNotes:Sony:SonyImageWidth MakerNotes:Sony:Sony_0x2024 MakerNotes:Sony:Sony_0x2025 MakerNotes:Sony:Sony_0x9400 MakerNotes:Sony:Sony_0x9404 MakerNotes:Sony:Sony_0x9408 MakerNotes:Sony:Sony_0x9409 MakerNotes:Sony:Sony_0x940e MakerNotes:Sony:VignettingCorrParams
dataset_new_ignored/2026-09-24__sony/class_012__Rwanda_Gisuma/PIC_20260924_150218.JPG,cf63509a9f081f95e2e591abaf038af48f110c8a1f27c34362d194764fcbd0db,36ac7593ab91f97df83dca3f9a9c9010c2306165dd70ba6dc907bdab7fd819dd,07e706a188b6399788f142079acc78da578307942452ed0de750676bd73a4a56,EXIF:IFD1:Compression EXIF:IFD1:Orientation EXIF:IFD1:ResolutionUnit EXIF:IFD1:ThumbnailImage EXIF:IFD1:ThumbnailLength EXIF:IFD1:ThumbnailOffset EXIF:IFD1:XResolution EXIF:IFD1:YResolution MakerNotes:Sony:ChromaticAberrationCorrParams MakerNotes:Sony:DistortionCorrParams MakerNotes:Sony:DistortionCorrParamsPresent MakerNotes:Sony:DistortionCorrection MakerNotes:Sony:FaceInfoLength MakerNotes:Sony:FaceInfoOffset MakerNotes:Sony:FacesDetected MakerNotes:Sony:LensFormat MakerNotes:Sony:LensMount MakerNotes:Sony:MetaVersion MakerNotes:Sony:SoftSkinEffect MakerNotes:Sony:SonyDateTime MakerNotes:Sony:SonyImageHeight MakerNotes:Sony:SonyImageWidth MakerNotes:Sony:Sony_0x2024 MakerNotes:Sony:Sony_0x2025 MakerNotes:Sony:Sony_0x9400 MakerNotes:Sony:Sony_0x9404 MakerNotes:Sony:Sony_0x9408 MakerNotes:Sony:Sony_0x9409 MakerNotes:Sony:Sony_0x940e MakerNotes:Sony:VignettingCorrParams
dataset_new_ignored/2026-09-24__sony/class_012__Rwanda_Gisuma/PIC_20260924_150406.JPG,d51f23579076dde246998c0cd8ecb4e365efacb6786b261ed4a387460219f6de,831cf1e02275b0312da5851d4123f67ab2fb65e174dd8918e8b0c24dfb8fb0a9,f35e4b25708fde1e2250dd3d3c3f5fccc2067396f67f677f80da3e8559f9791c,EXIF:IFD1:Compression EXIF:IFD1:Orientation EXIF:IFD1:ResolutionUnit EXIF:IFD1:ThumbnailImage EXIF:IFD1:ThumbnailLength EXIF:IFD1:ThumbnailOffset EXIF:IFD1:XResolution EXIF:IFD1:YResolution MakerNotes:Sony:ChromaticAberrationCorrParams MakerNotes:Sony:DistortionCorrParams MakerNotes:Sony:DistortionCorrParamsPresent MakerNotes:Sony:DistortionCorrection MakerNotes:Sony:FaceInfoLength MakerNotes:Sony:FaceInfoOffset MakerNotes:Sony:FacesDetected MakerNotes:Sony:LensFormat MakerNotes:Sony:LensMount MakerNotes:Sony:MetaVersion MakerNotes:Sony:SoftSkinEffect MakerNotes:Sony:SonyDateTime MakerNotes:Sony:SonyImageHeight MakerNotes:Sony:SonyImageWidth MakerNotes:Sony:Sony_0x2024 MakerNotes:Sony:Sony_0x2025 MakerNotes:Sony:Sony_0x9400 MakerNotes:Sony:Sony_0x9404 MakerNotes:Sony:Sony_0x9408 MakerNotes:Sony:Sony_0x9409 MakerNotes:Sony:Sony_0x940e MakerNotes:Sony:VignettingCorrParams
dataset_new_ignored/2026-09-24__sony/class_012__Rwanda_Gisuma/PIC_20260924_150436.JPG,683999de49f701d26c6b675e6c11fb0aa3aa3c9514a2125c196ed40bb847d0ad,d9c4bc79255db3a8101f2e089dffe2df58dfd8e588d750b6405f24430cdc7f21,a3550d38559e42183cc95ca7a3469605712df67cda64f932d35836cf1e002f34,EXIF:IFD1:Compression EXIF:IFD1:Orientation EXIF:IFD1:ResolutionUnit EXIF:IFD1:ThumbnailImage EXIF:IFD1:ThumbnailLength EXIF:IFD1:ThumbnailOffset EXIF:IFD1:XResolution EXIF:IFD1:YResolution MakerNotes:Sony:ChromaticAberrationCorrParams MakerNotes:Sony:DistortionCorrParams MakerNotes:Sony:DistortionCorrParamsPresent MakerNotes:Sony:DistortionCorrection MakerNotes:Sony:FaceInfoLength MakerNotes:Sony:FaceInfoOffset MakerNotes:Sony:FacesDetected MakerNotes:Sony:LensFormat MakerNotes:Sony:LensMount MakerNotes:Sony:MetaVersion MakerNotes:Sony:SoftSkinEffect MakerNotes:Sony:SonyDateTime MakerNotes:Sony:SonyImageHeight MakerNotes:Sony:SonyImageWidth MakerNotes:Sony:Sony_0x2024 MakerNotes:Sony:Sony_0x2025 MakerNotes:Sony:Sony_0x9400 MakerNotes:Sony:Sony_0x9404 MakerNotes:Sony:Sony_0x9408 MakerNotes:Sony:Sony_0x9409 MakerNotes:Sony:Sony_0x940e MakerNotes:Sony:VignettingCorrParams
dataset_new_ignored/2026-09-24__sony/class_012__Rwanda_Gisuma/PIC_20260924_150512.JPG,2a0fae5df89d39799a581ae712d6aac51c875795c9b4b889c63c3497f1827bb2,aff207fd98616d5824ddcd1ccfb5738f8f844c5cdb73e99a7d9cd6d3ec9606a1,8315a1986ac55ed2ea75f9e680187fbda484fd2419e78dca471f45c9b4c317c9,EXIF:IFD1:Compression EXIF:IFD1:Orientation EXIF:IFD1:ResolutionUnit EXIF:IFD1:ThumbnailImage EXIF:IFD1:ThumbnailLength EXIF:IFD1:ThumbnailOffset EXIF:IFD1:XResolution EXIF:IFD1:YResolution MakerNotes:Sony:ChromaticAberrationCorrParams MakerNotes:Sony:DistortionCorrParams MakerNotes:Sony:DistortionCorrParamsPresent MakerNotes:Sony:DistortionCorrection MakerNotes:Sony:FaceInfoLength MakerNotes:Sony:FaceInfoOffset MakerNotes:Sony:FacesDetected MakerNotes:Sony:LensFormat MakerNotes:Sony:LensMount MakerNotes:Sony:MetaVersion MakerNotes:Sony:SoftSkinEffect MakerNotes:Sony:SonyDateTime MakerNotes:Sony:SonyImageHeight MakerNotes:Sony:SonyImageWidth MakerNotes:Sony:Sony_0x2024 MakerNotes:Sony:Sony_0x2025 MakerNotes:Sony:Sony_0x9400 MakerNotes:Sony:Sony_0x9404 MakerNotes:Sony:Sony_0x9408 MakerNotes:Sony:Sony_0x9409 MakerNotes:Sony:Sony_0x940e MakerNotes:Sony:VignettingCorrParams
dataset_new_ignored/2026-09-24__sony/class_012__Rwanda_Gisuma/PIC_20260924_150540.JPG,a04203a3b06fb6f32797eb375b43ee69f57d0fe88fa98a1ef1f7c68928677e1f,7554db457a7c37680c7b2ccef47af4fa4ca21a4e9d4a07526d3d2efaf8228c4e,8f968a135b5475450ec775381241fd4a9394c65bf9f090198bebac99b4d425bc,EXIF:IFD1:Compression EXIF:IFD1:Orientation EXIF:IFD1:ResolutionUnit EXIF:IFD1:ThumbnailImage EXIF:IFD1:ThumbnailLength EXIF:IFD1:ThumbnailOffset EXIF:IFD1:XResolution EXIF:IFD1:YResolution MakerNotes:Sony:ChromaticAberrationCorrParams MakerNotes:Sony:DistortionCorrParams MakerNotes:Sony:DistortionCorrParamsPresent MakerNotes:Sony:DistortionCorrection MakerNotes:Sony:FaceInfoLength MakerNotes:Sony:FaceInfoOffset MakerNotes:Sony:FacesDetected MakerNotes:Sony:LensFormat MakerNotes:Sony:LensMount MakerNotes:Sony:MetaVersion MakerNotes:Sony:SoftSkinEffect MakerNotes:Sony:SonyDateTime MakerNotes:Sony:SonyImageHeight MakerNotes:Sony:SonyImageWidth MakerNotes:Sony:Sony_0x2024 MakerNotes:Sony:Sony_0x2025 MakerNotes:Sony:Sony_0x9400 MakerNotes:Sony:Sony_0x9404 MakerNotes:Sony:Sony_0x9408 MakerNotes:Sony:Sony_0x9409 MakerNotes:Sony:Sony_0x940e MakerNotes:Sony:VignettingCorrParams
dataset_new_ignored/2026-09-24__sony/class_012__Rwanda_Gisuma/PIC_20260924_150617.JPG,d8f178b6d9f92072b07c23d26d0f0eceb319ae15d74add17692ab9c6ea136b8c,7d8ebb1964684e90369b2bf992af3ff283d2d44192bcb82ed6158a8cfa34a28d,18f1ad00540eee4c26a812e72ff0726078e40d0c96f6112101691e915e697501,EXIF:IFD1:Compression EXIF:IFD1:Orientation EXIF:IFD1:ResolutionUnit EXIF:IFD1:ThumbnailImage EXIF:IFD1:ThumbnailLength EXIF:IFD1:ThumbnailOffset EXIF:IFD1:XResolution EXIF:IFD1:YResolution MakerNotes:Sony:ChromaticAberrationCorrParams MakerNotes:Sony:DistortionCorrParams MakerNotes:Sony:DistortionCorrParamsPresent MakerNotes:Sony:DistortionCorrection MakerNotes:Sony:FaceInfoLength MakerNotes:Sony:FaceInfoOffset MakerNotes:Sony:FacesDetected MakerNotes:Sony:LensFormat MakerNotes:Sony:LensMount MakerNotes:Sony:MetaVersion MakerNotes:Sony:SoftSkinEffect MakerNotes:Sony:SonyDateTime MakerNotes:Sony:SonyImageHeight MakerNotes:Sony:SonyImageWidth MakerNotes:Sony:Sony_0x2024 MakerNotes:Sony:Sony_0x2025 MakerNotes:Sony:Sony_0x9400 MakerNotes:Sony:Sony_0x9404 MakerNotes:Sony:Sony_0x9408 MakerNotes:Sony:Sony_0x9409 MakerNotes:Sony:Sony_0x940e MakerNotes:Sony:VignettingCorrParams
dataset_new_ignored/2026-09-24__sony/class_012__Rwanda_Gisuma/PIC_20260924_150637.JPG,ac660e916868136b7ce5b40ee518a8928355b4c1a413f393add9fe36369c1a44,226b8b73f6d199c91cb1ac08e0c948307add249a70a78177615e71c552ccce0b,dcd041d707f8181b66404c7f624d44e6c5aa67f31c73a6645a8539c9bfc1c47f,EXIF:IFD1:Compression EXIF:IFD1:Orientation EXIF:IFD1:ResolutionUnit EXIF:IFD1:ThumbnailImage EXIF:IFD1:ThumbnailLength EXIF:IFD1:ThumbnailOffset EXIF:IFD1:XResolution EXIF:IFD1:YResolution MakerNotes:Sony:ChromaticAberrationCorrParams MakerNotes:Sony:DistortionCorrParams MakerNotes:Sony:DistortionCorrParamsPresent MakerNotes:Sony:DistortionCorrection MakerNotes:Sony:FaceInfoLength MakerNotes:Sony:FaceInfoOffset MakerNotes:Sony:FacesDetected MakerNotes:Sony:LensFormat MakerNotes:Sony:LensMount MakerNotes:Sony:MetaVersion MakerNotes:Sony:SoftSkinEffect MakerNotes:Sony:SonyDateTime MakerNotes:Sony:SonyImageHeight MakerNotes:Sony:SonyImageWidth MakerNotes:Sony:Sony_0x2024 MakerNotes:Sony:Sony_0x2025 MakerNotes:Sony:Sony_0x9400 MakerNotes:Sony:Sony_0x9404 MakerNotes:Sony:Sony_0x9408 MakerNotes:Sony:Sony_0x9409 MakerNotes:Sony:Sony_0x940e MakerNotes:Sony:VignettingCorrParams
dataset_new_ignored/2026-09-24__sony/class_012__Rwanda_Gisuma/PIC_20260924_150709.JPG,ae2d62f5d9541ff96bea2950d1ccca558ca8788b8d50534effb1a9bbe9581bb2,bb2cf7393b96a6dd55c7244f434a2d1985f468582cce4fd0ade78df94b30d4e8,524b0ade60bfcaeb94d4da8630c5290fc9f0054cf708082496fadccca43a1d5b,EXIF:IFD1:Compression EXIF:IFD1:Orientation EXIF:IFD1:ResolutionUnit EXIF:IFD1:ThumbnailImage EXIF:IFD1:ThumbnailLength EXIF:IFD1:ThumbnailOffset EXIF:IFD1:XResolution EXIF:IFD1:YResolution MakerNotes:Sony:ChromaticAberrationCorrParams MakerNotes:Sony:DistortionCorrParams MakerNotes:Sony:DistortionCorrParamsPresent MakerNotes:Sony:DistortionCorrection MakerNotes:Sony:FaceInfoLength MakerNotes:Sony:FaceInfoOffset MakerNotes:Sony:FacesDetected MakerNotes:Sony:LensFormat MakerNotes:Sony:LensMount MakerNotes:Sony:MetaVersion MakerNotes:Sony:SoftSkinEffect MakerNotes:Sony:SonyDateTime MakerNotes:Sony:SonyImageHeight MakerNotes:Sony:SonyImageWidth MakerNotes:Sony:Sony_0x2024 MakerNotes:Sony:Sony_0x2025 MakerNotes:Sony:Sony_0x9400 MakerNotes:Sony:Sony_0x9404 MakerNotes:Sony:Sony_0x9408 MakerNotes:Sony:Sony_0x9409 MakerNotes:Sony:Sony_0x940e MakerNotes:Sony:VignettingCorrParams
dataset_new_ignored/2026-09-24__sony/class_012__Rwanda_Gisuma/PIC_20260924_150744.JPG,1672a6edeaec691d9f466323eb69b2a62871d147d590e6a64321ec89af8cbf7f,092e42650849c37a26364b468bb423492db9fa8746c89b4d3464d4a9e3c1ae04,fae42467675ac05f217560075a9151544da795724ff274e9f9fcf180e5c15cfb,EXIF:IFD1:Compression EXIF:IFD1:Orientation EXIF:IFD1:ResolutionUnit EXIF:IFD1:ThumbnailImage EXIF:IFD1:ThumbnailLength EXIF:IFD1:ThumbnailOffset EXIF:IFD1:XResolution EXIF:IFD1:YResolution MakerNotes:Sony:ChromaticAberrationCorrParams MakerNotes:Sony:DistortionCorrParams MakerNotes:Sony:DistortionCorrParamsPresent MakerNotes:Sony:DistortionCorrection MakerNotes:Sony:FaceInfoLength MakerNotes:Sony:FaceInfoOffset MakerNotes:Sony:FacesDetected MakerNotes:Sony:LensFormat MakerNotes:Sony:LensMount MakerNotes:Sony:MetaVersion MakerNotes:Sony:SoftSkinEffect MakerNotes:Sony:SonyDateTime MakerNotes:Sony:SonyImageHeight MakerNotes:Sony:SonyImageWidth MakerNotes:Sony:Sony_0x2024 MakerNotes:Sony:Sony_0x2025 MakerNotes:Sony:Sony_0x9400 MakerNotes:Sony:Sony_0x9404 MakerNotes:Sony:Sony_0x9408 MakerNotes:Sony:Sony_0x9409 MakerNotes:Sony:Sony_0x940e MakerNotes:Sony:VignettingCorrParams
dataset_new_ignored/2026-09-24__sony/class_012__Rwanda_Gisuma/PIC_20260924_150813.JPG,bcfeb2f879252e91f4fe7c41a090a1c8144733aa0839bd0b3afb70b72213db71,a40ab2db3f130643848e987e2ee1925f875307ad5455614653acfe5315c3a10d,feed63e41e382d8ffe2940881f3d9d65b7ac0fd1494670950d72c9940556efe2,EXIF:IFD1:Compression EXIF:IFD1:Orientation EXIF:IFD1:ResolutionUnit EXIF:IFD1:ThumbnailImage EXIF:IFD1:ThumbnailLength EXIF:IFD1:ThumbnailOffset EXIF:IFD1:XResolution EXIF:IFD1:YResolution MakerNotes:Sony:ChromaticAberrationCorrParams MakerNotes:Sony:DistortionCorrParams MakerNotes:Sony:DistortionCorrParamsPresent MakerNotes:Sony:DistortionCorrection MakerNotes:Sony:FaceInfoLength MakerNotes:Sony:FaceInfoOffset MakerNotes:Sony:FacesDetected MakerNotes:Sony:LensFormat MakerNotes:Sony:LensMount MakerNotes:Sony:MetaVersion MakerNotes:Sony:SoftSkinEffect MakerNotes:Sony:SonyDateTime MakerNotes:Sony:SonyImageHeight MakerNotes:Sony:SonyImageWidth MakerNotes:Sony:Sony_0x2024 MakerNotes:Sony:Sony_0x2025 MakerNotes:Sony:Sony_0x9400 MakerNotes:Sony:Sony_0x9404 MakerNotes:Sony:Sony_0x9408 MakerNotes:Sony:Sony_0x9409 MakerNotes:Sony:Sony_0x940e MakerNotes:Sony:VignettingCorrParams
dataset_new_ignored/2026-09-24__sony/class_012__Rwanda_Gisuma/PIC_20260924_150853.JPG,4f1b827035d1b6243efb6c8c7202f6722e7c99ef1b21b66add7c9b37b4f3693c,41643520302dc400251101e3004bf46c52ca93294cecb7a9547321979e217449,198f511e5321afd67b946f277db30762ea5af314e8d933a0187a397624c33255,EXIF:IFD1:Compression EXIF:IFD1:Orientation EXIF:IFD1:ResolutionUnit EXIF:IFD1:ThumbnailImage EXIF:IFD1:ThumbnailLength EXIF:IFD1:ThumbnailOffset EXIF:IFD1:XResolution EXIF:IFD1:YResolution MakerNotes:Sony:ChromaticAberrationCorrParams MakerNotes:Sony:DistortionCorrParams MakerNotes:Sony:DistortionCorrParamsPresent MakerNotes:Sony:DistortionCorrection MakerNotes:Sony:FaceInfoLength MakerNotes:Sony:FaceInfoOffset MakerNotes:Sony:FacesDetected MakerNotes:Sony:LensFormat MakerNotes:Sony:LensMount MakerNotes:Sony:MetaVersion MakerNotes:Sony:SoftSkinEffect MakerNotes:Sony:SonyDateTime MakerNotes:Sony:SonyImageHeight MakerNotes:Sony:SonyImageWidth MakerNotes:Sony:Sony_0x2024 MakerNotes:Sony:Sony_0x2025 MakerNotes:Sony:Sony_0x9400 MakerNotes:Sony:Sony_0x9404 MakerNotes:Sony:Sony_0x9408 MakerNotes:Sony:Sony_0x9409 MakerNotes:Sony:Sony_0x940e MakerNotes:Sony:VignettingCorrParams
dataset_new_ignored/2026-09-24__sony/class_012__Rwanda_Gisuma/PIC_20260924_150953.JPG,8ddccd2fc4bc114ad8e8af809768c78bf1fe466ee9f1d6736c63247c811bca37,e8baac1303d331789caa4c339d3a00609c5dc7d76faa953f4556a441bd4e915b,9191bc9b9aee0ae3d22f6f42c5c5d7b1b0ff023200f106dc386a08e0ae79dcd2,EXIF:IFD1:Compression EXIF:IFD1:Orientation EXIF:IFD1:ResolutionUnit EXIF:IFD1:ThumbnailImage EXIF:IFD1:ThumbnailLength EXIF:IFD1:ThumbnailOffset EXIF:IFD1:XResolution EXIF:IFD1:YResolution MakerNotes:Sony:ChromaticAberrationCorrParams MakerNotes:Sony:DistortionCorrParams MakerNotes:Sony:DistortionCorrParamsPresent MakerNotes:Sony:DistortionCorrection MakerNotes:Sony:FaceInfoLength MakerNotes:Sony:FaceInfoOffset MakerNotes:Sony:FacesDetected MakerNotes:Sony:LensFormat MakerNotes:Sony:LensMount MakerNotes:Sony:MetaVersion MakerNotes:Sony:SoftSkinEffect MakerNotes:Sony:SonyDateTime MakerNotes:Sony:SonyImageHeight MakerNotes:Sony:SonyImageWidth MakerNotes:Sony:Sony_0x2024 MakerNotes:Sony:Sony_0x2025 MakerNotes:Sony:Sony_0x9400 MakerNotes:Sony:Sony_0x9404 MakerNotes:Sony:Sony_0x9408 MakerNotes:Sony:Sony_0x9409 MakerNotes:Sony:Sony_0x940e MakerNotes:Sony:VignettingCorrParams
dataset_new_ignored/2026-09-24__sony/class_012__Rwanda_Gisuma/PIC_20260924_151926.JPG,6f5601ad3d4d5c6f230313c7dc0852905e5188f5aa90350c98ab8cba2e507b21,90fc19ac7e0e59dbf819e288428c0b239d0e25e794c6cd4992c67563fa216dc9,1dbcdeacd40a4d19966a914adaeb38c0cb47db3427f384846c6b314a3d188b79,EXIF:IFD1:Compression EXIF:IFD1:Orientation EXIF:IFD1:ResolutionUnit EXIF:IFD1:ThumbnailImage EXIF:IFD1:ThumbnailLength EXIF:IFD1:ThumbnailOffset EXIF:IFD1:XResolution EXIF:IFD1:YResolution MakerNotes:Sony:ChromaticAberrationCorrParams MakerNotes:Sony:DistortionCorrParams MakerNotes:Sony:DistortionCorrParamsPresent MakerNotes:Sony:DistortionCorrection MakerNotes:Sony:FaceInfoLength MakerNotes:Sony:FaceInfoOffset MakerNotes:Sony:FacesDetected MakerNotes:Sony:LensFormat MakerNotes:Sony:LensMount MakerNotes:Sony:MetaVersion MakerNotes:Sony:SoftSkinEffect MakerNotes:Sony:SonyDateTime MakerNotes:Sony:SonyImageHeight MakerNotes:Sony:SonyImageWidth MakerNotes:Sony:Sony_0x2024 MakerNotes:Sony:Sony_0x2025 MakerNotes:Sony:Sony_0x9400 MakerNotes:Sony:Sony_0x9404 MakerNotes:Sony:Sony_0x9408 MakerNotes:Sony:Sony_0x9409 MakerNotes:Sony:Sony_0x940e MakerNotes:Sony:VignettingCorrParams
dataset_new_ignored/2026-09-24__sony/class_012__Rwanda_Gisuma/PIC_20260924_152017.JPG,d3d42c5e464afe953040a59aa86852317e901703e0fbd13f7cc660e08612dd8e,b516616224c9faedc33a24ac0467e5f3b53cb572c8cb54cc0863dbffcd91ab84,fcd09adb68bb643f2edd84098e019a9a3af34891e9c2fb8dcc23895b0e5f3c1e,EXIF:IFD1:Compression EXIF:IFD1:Orientation EXIF:IFD1:ResolutionUnit EXIF:IFD1:ThumbnailImage EXIF:IFD1:ThumbnailLength EXIF:IFD1:ThumbnailOffset EXIF:IFD1:XResolution EXIF:IFD1:YResolution MakerNotes:Sony:ChromaticAberrationCorrParams MakerNotes:Sony:DistortionCorrParams MakerNotes:Sony:DistortionCorrParamsPresent MakerNotes:Sony:DistortionCorrection MakerNotes:Sony:FaceInfoLength MakerNotes:Sony:FaceInfoOffset MakerNotes:Sony:FacesDetected MakerNotes:Sony:LensFormat MakerNotes:Sony:LensMount MakerNotes:Sony:MetaVersion MakerNotes:Sony:SoftSkinEffect MakerNotes:Sony:SonyDateTime MakerNotes:Sony:SonyImageHeight MakerNotes:Sony:SonyImageWidth MakerNotes:Sony:Sony_0x2024 MakerNotes:Sony:Sony_0x2025 MakerNotes:Sony:Sony_0x9400 MakerNotes:Sony:Sony_0x9404 MakerNotes:Sony:Sony_0x9408 MakerNotes:Sony:Sony_0x9409 MakerNotes:Sony:Sony_0x940e MakerNotes:Sony:VignettingCorrParams
dataset_new_ignored/2026-09-24__sony/class_012__Rwanda_Gisuma/PIC_20260924_152044.JPG,4a7e8319b89dfd21536e83f4d2c0921d10a49cf0c707e155c5fea22e255f001f,30f38e7fc1d06ece9d2d84879658e52c0309cd158a0f394c4f4f541308ac916e,828a5097633c22ae71f4b7433025aeda614c585d1e8bd72ebe8ead0efe068aea,EXIF:IFD1:Compression EXIF:IFD1:Orientation EXIF:IFD1:ResolutionUnit EXIF:IFD1:ThumbnailImage EXIF:IFD1:ThumbnailLength EXIF:IFD1:ThumbnailOffset EXIF:IFD1:XResolution EXIF:IFD1:YResolution MakerNotes:Sony:ChromaticAberrationCorrParams MakerNotes:Sony:DistortionCorrParams MakerNotes:Sony:DistortionCorrParamsPresent MakerNotes:Sony:DistortionCorrection MakerNotes:Sony:FaceInfoLength MakerNotes:Sony:FaceInfoOffset MakerNotes:Sony:FacesDetected MakerNotes:Sony:LensFormat MakerNotes:Sony:LensMount MakerNotes:Sony:MetaVersion MakerNotes:Sony:SoftSkinEffect MakerNotes:Sony:SonyDateTime MakerNotes:Sony:SonyImageHeight MakerNotes:Sony:SonyImageWidth MakerNotes:Sony:Sony_0x2024 MakerNotes:Sony:Sony_0x2025 MakerNotes:Sony:Sony_0x9400 MakerNotes:Sony:Sony_0x9404 MakerNotes:Sony:Sony_0x9408 MakerNotes:Sony:Sony_0x9409 MakerNotes:Sony:Sony_0x940e MakerNotes:Sony:VignettingCorrParams
dataset_new_ignored/2026-09-24__sony/class_012__Rwanda_Gisuma/PIC_20260924_152120.JPG,3b24e365b038963215753202ea1a08a0843d2ad08ecfa29bfb5535b5dee142ab,2c5bb36738d8d17254d71d9bbbc543ade07b7f69f32bef28bb7fc82e434e1e6b,20bc788327af609eec2272c5839ec69711617b50208270e6ce340df2ecf0e126,EXIF:IFD1:Compression EXIF:IFD1:Orientation EXIF:IFD1:ResolutionUnit EXIF:IFD1:ThumbnailImage EXIF:IFD1:ThumbnailLength EXIF:IFD1:ThumbnailOffset EXIF:IFD1:XResolution EXIF:IFD1:YResolution MakerNotes:Sony:ChromaticAberrationCorrParams MakerNotes:Sony:DistortionCorrParams MakerNotes:Sony:DistortionCorrParamsPresent MakerNotes:Sony:DistortionCorrection MakerNotes:Sony:FaceInfoLength MakerNotes:Sony:FaceInfoOffset MakerNotes:Sony:FacesDetected MakerNotes:Sony:LensFormat MakerNotes:Sony:LensMount MakerNotes:Sony:MetaVersion MakerNotes:Sony:SoftSkinEffect MakerNotes:Sony:SonyDateTime MakerNotes:Sony:SonyImageHeight MakerNotes:Sony:SonyImageWidth MakerNotes:Sony:Sony_0x2024 MakerNotes:Sony:Sony_0x2025 MakerNotes:Sony:Sony_0x9400 MakerNotes:Sony:Sony_0x9404 MakerNotes:Sony:Sony_0x9408 MakerNotes:Sony:Sony_0x9409 MakerNotes:Sony:Sony_0x940e MakerNotes:Sony:VignettingCorrParams
dataset_new_ignored/2026-09-24__sony/class_012__Rwanda_Gisuma/PIC_20260924_152141.JPG,c5783d5b13b154befde1a79e16c2e82c383ec63b850579791fb107f6a76c38fc,5d4005db1639b4e7aa2154a13193f39ce30d2e20334a6b161c35c2678c8127ed,d11cb287237d8c97b021595ba0a9fba367111f1eb91528586d08e689bf066678,EXIF:IFD1:Compression EXIF:IFD1:Orientation EXIF:IFD1:ResolutionUnit EXIF:IFD1:ThumbnailImage EXIF:IFD1:ThumbnailLength EXIF:IFD1:ThumbnailOffset EXIF:IFD1:XResolution EXIF:IFD1:YResolution MakerNotes:Sony:ChromaticAberrationCorrParams MakerNotes:Sony:DistortionCorrParams MakerNotes:Sony:DistortionCorrParamsPresent MakerNotes:Sony:DistortionCorrection MakerNotes:Sony:FaceInfoLength MakerNotes:Sony:FaceInfoOffset MakerNotes:Sony:FacesDetected MakerNotes:Sony:LensFormat MakerNotes:Sony:LensMount MakerNotes:Sony:MetaVersion MakerNotes:Sony:SoftSkinEffect MakerNotes:Sony:SonyDateTime MakerNotes:Sony:SonyImageHeight MakerNotes:Sony:SonyImageWidth MakerNotes:Sony:Sony_0x2024 MakerNotes:Sony:Sony_0x2025 MakerNotes:Sony:Sony_0x9400 MakerNotes:Sony:Sony_0x9404 MakerNotes:Sony:Sony_0x9408 MakerNotes:Sony:Sony_0x9409 MakerNotes:Sony:Sony_0x940e MakerNotes:Sony:VignettingCorrParams
dataset_new_ignored/2026-09-24__sony/class_012__Rwanda_Gisuma/PIC_20260924_152215.JPG,780dac1fd781ab351394fa1a1aebbb708d8d6ae96c1fe1d19ca29f167c2d7cad,4dbd634557d53e648f8708897fd6f5f64cbdf426ad74b16803c0b98de1a3e3cd,dba1862650f2d40163922a0ad85a9589cb3a92ec816c4e3e5939208f934d96b7,EXIF:IFD1:Compression EXIF:IFD1:Orientation EXIF:IFD1:ResolutionUnit EXIF:IFD1:ThumbnailImage EXIF:IFD1:ThumbnailLength EXIF:IFD1:ThumbnailOffset EXIF:IFD1:XResolution EXIF:IFD1:YResolution MakerNotes:Sony:ChromaticAberrationCorrParams MakerNotes:Sony:DistortionCorrParams MakerNotes:Sony:DistortionCorrParamsPresent MakerNotes:Sony:DistortionCorrection MakerNotes:Sony:FaceInfoLength MakerNotes:Sony:FaceInfoOffset MakerNotes:Sony:FacesDetected MakerNotes:Sony:LensFormat MakerNotes:Sony:LensMount MakerNotes:Sony:MetaVersion MakerNotes:Sony:SoftSkinEffect MakerNotes:Sony:SonyDateTime MakerNotes:Sony:SonyImageHeight MakerNotes:Sony:SonyImageWidth MakerNotes:Sony:Sony_0x2024 MakerNotes:Sony:Sony_0x2025 MakerNotes:Sony:Sony_0x9400 MakerNotes:Sony:Sony_0x9404 MakerNotes:Sony:Sony_0x9408 MakerNotes:Sony:Sony_0x9409 MakerNotes:Sony:Sony_0x940e MakerNotes:Sony:VignettingCorrParams
dataset_new_ignored/2026-09-24__sony/class_012__Rwanda_Gisuma/PIC_20260924_152302.JPG,feb0ec213d3cb0494c831dde08d35111670b6516625a3e9a756ac219f0e7f849,b0446a27d1b12e589f6f74c65f7cfec9cc98b770146ae4a8d33aaed92c11e2ab,11d628621ec96c8747e18d0e25ff18aac17abfa9ab8d278734d40576aede8491,EXIF:IFD1:Compression EXIF:IFD1:Orientation EXIF:IFD1:ResolutionUnit EXIF:IFD1:ThumbnailImage EXIF:IFD1:ThumbnailLength EXIF:IFD1:ThumbnailOffset EXIF:IFD1:XResolution EXIF:IFD1:YResolution MakerNotes:Sony:ChromaticAberrationCorrParams MakerNotes:Sony:DistortionCorrParams MakerNotes:Sony:DistortionCorrParamsPresent MakerNotes:Sony:DistortionCorrection MakerNotes:Sony:FaceInfoLength MakerNotes:Sony:FaceInfoOffset MakerNotes:Sony:FacesDetected MakerNotes:Sony:LensFormat MakerNotes:Sony:LensMount MakerNotes:Sony:MetaVersion MakerNotes:Sony:SoftSkinEffect MakerNotes:Sony:SonyDateTime MakerNotes:Sony:SonyImageHeight MakerNotes:Sony:SonyImageWidth MakerNotes:Sony:Sony_0x2024 MakerNotes:Sony:Sony_0x2025 MakerNotes:Sony:Sony_0x9400 MakerNotes:Sony:Sony_0x9404 MakerNotes:Sony:Sony_0x9408 MakerNotes:Sony:Sony_0x9409 MakerNotes:Sony:Sony_0x940e MakerNotes:Sony:VignettingCorrParams
dataset_new_ignored/2026-09-24__sony/class_012__Rwanda_Gisuma/PIC_20260924_152335.JPG,68e0e4470c23656a94f053b7d8117a36f4c168aeab1ee3707343eb6b8dfd421b,cdd073c7096a4e65ca96924cc0d32c2590b41982685ec2b2f36d0dced12bb538,aec6fbf519bc717ae46c897e35eeda37342164be8a90dd7a738f23c6afa971d2,EXIF:IFD1:Compression EXIF:IFD1:Orientation EXIF:IFD1:ResolutionUnit EXIF:IFD1:ThumbnailImage EXIF:IFD1:ThumbnailLength EXIF:IFD1:ThumbnailOffset EXIF:IFD1:XResolution EXIF:IFD1:YResolution MakerNotes:Sony:ChromaticAberrationCorrParams MakerNotes:Sony:DistortionCorrParams MakerNotes:Sony:DistortionCorrParamsPresent MakerNotes:Sony:DistortionCorrection MakerNotes:Sony:FaceInfoLength MakerNotes:Sony:FaceInfoOffset MakerNotes:Sony:FacesDetected MakerNotes:Sony:LensFormat MakerNotes:Sony:LensMount MakerNotes:Sony:MetaVersion MakerNotes:Sony:SoftSkinEffect MakerNotes:Sony:SonyDateTime MakerNotes:Sony:SonyImageHeight MakerNotes:Sony:SonyImageWidth MakerNotes:Sony:Sony_0x2024 MakerNotes:Sony:Sony_0x2025 MakerNotes:Sony:Sony_0x9400 MakerNotes:Sony:Sony_0x9404 MakerNotes:Sony:Sony_0x9408 MakerNotes:Sony:Sony_0x9409 MakerNotes:Sony:Sony_0x940e MakerNotes:Sony:VignettingCorrParams
dataset_new_ignored/2026-09-24__sony/class_012__Rwanda_Gisuma/PIC_20260924_152441.JPG,012b02f268c6e6ff371b925d3802192af3b9b8d550c7c6032f0a63afa5473638,ee8eb89c99d3d2d80f322c6bccab99e0ce617cb6fea350544969a3d9faf5b5e4,9ab5af1aa08a6a3cdfd13e50e27bfdaf147da721d7fab295787b64d2d3dc2a2a,EXIF:IFD1:Compression EXIF:IFD1:Orientation EXIF:IFD1:ResolutionUnit EXIF:IFD1:ThumbnailImage EXIF:IFD1:ThumbnailLength EXIF:IFD1:ThumbnailOffset EXIF:IFD1:XResolution EXIF:IFD1:YResolution MakerNotes:Sony:ChromaticAberrationCorrParams MakerNotes:Sony:DistortionCorrParams MakerNotes:Sony:DistortionCorrParamsPresent MakerNotes:Sony:DistortionCorrection MakerNotes:Sony:FaceInfoLength MakerNotes:Sony:FaceInfoOffset MakerNotes:Sony:FacesDetected MakerNotes:Sony:LensFormat MakerNotes:Sony:LensMount MakerNotes:Sony:MetaVersion MakerNotes:Sony:SoftSkinEffect MakerNotes:Sony:SonyDateTime MakerNotes:Sony:SonyImageHeight MakerNotes:Sony:SonyImageWidth MakerNotes:Sony:Sony_0x2024 MakerNotes:Sony:Sony_0x2025 MakerNotes:Sony:Sony_0x9400 MakerNotes:Sony:Sony_0x9404 MakerNotes:Sony:Sony_0x9408 MakerNotes:Sony:Sony_0x9409 MakerNotes:Sony:Sony_0x940e MakerNotes:Sony:VignettingCorrParams
dataset_new_ignored/2026-09-24__sony/class_012__Rwanda_Gisuma/PIC_20260924_152510.JPG,2f7bff8b3d264585ac69fa1f36a56914600580b2bd2bd3e8986abc89cedf6b3c,0b68a2b07059372b4b3f814ef7252968333ce856aeb6bfb1b4e047a0bca62fc8,36268a9778a08c08bddddc5b8c5e44d761ec1e1da2b9a40ebb5230310caa54d7,EXIF:IFD1:Compression EXIF:IFD1:Orientation EXIF:IFD1:ResolutionUnit EXIF:IFD1:ThumbnailImage EXIF:IFD1:ThumbnailLength EXIF:IFD1:ThumbnailOffset EXIF:IFD1:XResolution EXIF:IFD1:YResolution MakerNotes:Sony:ChromaticAberrationCorrParams MakerNotes:Sony:DistortionCorrParams MakerNotes:Sony:DistortionCorrParamsPresent MakerNotes:Sony:DistortionCorrection MakerNotes:Sony:FaceInfoLength MakerNotes:Sony:FaceInfoOffset MakerNotes:Sony:FacesDetected MakerNotes:Sony:LensFormat MakerNotes:Sony:LensMount MakerNotes:Sony:MetaVersion MakerNotes:Sony:SoftSkinEffect MakerNotes:Sony:SonyDateTime MakerNotes:Sony:SonyImageHeight MakerNotes:Sony:SonyImageWidth MakerNotes:Sony:Sony_0x2024 MakerNotes:Sony:Sony_0x2025 MakerNotes:Sony:Sony_0x9400 MakerNotes:Sony:Sony_0x9404 MakerNotes:Sony:Sony_0x9408 MakerNotes:Sony:Sony_0x9409 MakerNotes:Sony:Sony_0x940e MakerNotes:Sony:VignettingCorrParams
dataset_new_ignored/2026-09-24__sony/class_012__Rwanda_Gisuma/PIC_20260924_152557.JPG,9257bb2d9515bba9274e4e073ea63fbdf5e6cdaee31cb50c2f17d0344ebf0e73,7142e8a54e4948959d2ae428be564ef7a6dd9a545191c00820f9caed507e2623,3bc0fed2dae74d2f33024c64dab4a0c9439edfba7ffe784117a1a1ab7d9f56fe,EXIF:IFD1:Compression EXIF:IFD1:Orientation EXIF:IFD1:ResolutionUnit EXIF:IFD1:ThumbnailImage EXIF:IFD1:ThumbnailLength EXIF:IFD1:ThumbnailOffset EXIF:IFD1:XResolution EXIF:IFD1:YResolution MakerNotes:Sony:ChromaticAberrationCorrParams MakerNotes:Sony:DistortionCorrParams MakerNotes:Sony:DistortionCorrParamsPresent MakerNotes:Sony:DistortionCorrection MakerNotes:Sony:FaceInfoLength MakerNotes:Sony:FaceInfoOffset MakerNotes:Sony:FacesDetected MakerNotes:Sony:LensFormat MakerNotes:Sony:LensMount MakerNotes:Sony:MetaVersion MakerNotes:Sony:SoftSkinEffect MakerNotes:Sony:SonyDateTime MakerNotes:Sony:SonyImageHeight MakerNotes:Sony:SonyImageWidth MakerNotes:Sony:Sony_0x2024 MakerNotes:Sony:Sony_0x2025 MakerNotes:Sony:Sony_0x9400 MakerNotes:Sony:Sony_0x9404 MakerNotes:Sony:Sony_0x9408 MakerNotes:Sony:Sony_0x9409 MakerNotes:Sony:Sony_0x940e MakerNotes:Sony:VignettingCorrParams
dataset_new_ignored/2026-09-24__sony/class_012__Rwanda_Gisuma/PIC_20260924_152625.JPG,4c2b5ab30c976051a57dfb74de467d795d6743564b0cda075f0c0b7d7a42d633,27bcfea90bd7c65515d02ba2ef4e2f457540654b6e3adb8328c439a65d8ed619,798dd560cd4bf4dbbd2e0e329dae23348f7ca7ef04a3d17067c024039c874c51,EXIF:IFD1:Compression EXIF:IFD1:Orientation EXIF:IFD1:ResolutionUnit EXIF:IFD1:ThumbnailImage EXIF:IFD1:ThumbnailLength EXIF:IFD1:ThumbnailOffset EXIF:IFD1:XResolution EXIF:IFD1:YResolution MakerNotes:Sony:ChromaticAberrationCorrParams MakerNotes:Sony:DistortionCorrParams MakerNotes:Sony:DistortionCorrParamsPresent MakerNotes:Sony:DistortionCorrection MakerNotes:Sony:FaceInfoLength MakerNotes:Sony:FaceInfoOffset MakerNotes:Sony:FacesDetected MakerNotes:Sony:LensFormat MakerNotes:Sony:LensMount MakerNotes:Sony:MetaVersion MakerNotes:Sony:SoftSkinEffect MakerNotes:Sony:SonyDateTime MakerNotes:Sony:SonyImageHeight MakerNotes:Sony:SonyImageWidth MakerNotes:Sony:Sony_0x2024 MakerNotes:Sony:Sony_0x2025 MakerNotes:Sony:Sony_0x9400 MakerNotes:Sony:Sony_0x9404 MakerNotes:Sony:Sony_0x9408 MakerNotes:Sony:Sony_0x9409 MakerNotes:Sony:Sony_0x940e MakerNotes:Sony:VignettingCorrParams
dataset_new_ignored/2026-09-24__sony/class_012__Rwanda_Gisuma/PIC_20260924_152647.JPG,38d2d71b111f6d7f81eb961bed6caf563d4d323499a7b61303d52b50f39a69cb,43039e847435e580d849fa097208a9290fbe380c86e598a2804843f0541675da,96a5d40f01f0b012a1fbd09119639c09c1d6afe1702cd1faac3b422cc2fe3ec1,EXIF:IFD1:Compression EXIF:IFD1:Orientation EXIF:IFD1:ResolutionUnit EXIF:IFD1:ThumbnailImage EXIF:IFD1:ThumbnailLength EXIF:IFD1:ThumbnailOffset EXIF:IFD1:XResolution EXIF:IFD1:YResolution MakerNotes:Sony:ChromaticAberrationCorrParams MakerNotes:Sony:DistortionCorrParams MakerNotes:Sony:DistortionCorrParamsPresent MakerNotes:Sony:DistortionCorrection MakerNotes:Sony:FaceInfoLength MakerNotes:Sony:FaceInfoOffset MakerNotes:Sony:FacesDetected MakerNotes:Sony:LensFormat MakerNotes:Sony:LensMount MakerNotes:Sony:MetaVersion MakerNotes:Sony:SoftSkinEffect MakerNotes:Sony:SonyDateTime MakerNotes:Sony:SonyImageHeight MakerNotes:Sony:SonyImageWidth MakerNotes:Sony:Sony_0x2024 MakerNotes:Sony:Sony_0x2025 MakerNotes:Sony:Sony_0x9400 MakerNotes:Sony:Sony_0x9404 MakerNotes:Sony:Sony_0x9408 MakerNotes:Sony:Sony_0x9409 MakerNotes:Sony:Sony_0x940e MakerNotes:Sony:VignettingCorrParams
dataset_new_ignored/2026-09-24__sony/class_012__Rwanda_Gisuma/PIC_20260924_152716.JPG,f36fcd68cfd3ecf043871df8b86dd8f1576e1819bd9b380fcb77aca3f03557f5,929a5f96720bc99f7552d60a73bd02fb538a5ed577e5f2c4625dbd1a73caee1e,2efb91a56c33b8e825e07dec0548026dd5716cdeda8a1a3d1b3a0ca4240ede32,EXIF:IFD1:Compression EXIF:IFD1:Orientation EXIF:IFD1:ResolutionUnit EXIF:IFD1:ThumbnailImage EXIF:IFD1:ThumbnailLength EXIF:IFD1:ThumbnailOffset EXIF:IFD1:XResolution EXIF:IFD1:YResolution MakerNotes:Sony:ChromaticAberrationCorrParams MakerNotes:Sony:DistortionCorrParams MakerNotes:Sony:DistortionCorrParamsPresent MakerNotes:Sony:DistortionCorrection MakerNotes:Sony:FaceInfoLength MakerNotes:Sony:FaceInfoOffset MakerNotes:Sony:FacesDetected MakerNotes:Sony:LensFormat MakerNotes:Sony:LensMount MakerNotes:Sony:MetaVersion MakerNotes:Sony:SoftSkinEffect MakerNotes:Sony:SonyDateTime MakerNotes:Sony:SonyImageHeight MakerNotes:Sony:SonyImageWidth MakerNotes:Sony:Sony_0x2024 MakerNotes:Sony:Sony_0x2025 MakerNotes:Sony:Sony_0x9400 MakerNotes:Sony:Sony_0x9404 MakerNotes:Sony:Sony_0x9408 MakerNotes:Sony:Sony_0x9409 MakerNotes:Sony:Sony_0x940e MakerNotes:Sony:VignettingCorrParams
dataset_new_ignored/2026-09-24__sony/class_012__Rwanda_Gisuma/PIC_20260924_152732.JPG,4ddb31274845f287d5e2204bb240bd60cffc13e2e1760055ff5fd2d77bb95e5d,f9bf950d576c257c8701e4fd286785825b1d6c8132aaa624a73064d1f6d49868,f2b095f32021f600d7ddb7d94a0fc4b42d70c602eb71a85393e649c4b6dca8eb,EXIF:IFD1:Compression EXIF:IFD1:Orientation EXIF:IFD1:ResolutionUnit EXIF:IFD1:ThumbnailImage EXIF:IFD1:ThumbnailLength EXIF:IFD1:ThumbnailOffset EXIF:IFD1:XResolution EXIF:IFD1:YResolution MakerNotes:Sony:ChromaticAberrationCorrParams MakerNotes:Sony:DistortionCorrParams MakerNotes:Sony:DistortionCorrParamsPresent MakerNotes:Sony:DistortionCorrection MakerNotes:Sony:FaceInfoLength MakerNotes:Sony:FaceInfoOffset MakerNotes:Sony:FacesDetected MakerNotes:Sony:LensFormat MakerNotes:Sony:LensMount MakerNotes:Sony:MetaVersion MakerNotes:Sony:SoftSkinEffect MakerNotes:Sony:SonyDateTime MakerNotes:Sony:SonyImageHeight MakerNotes:Sony:SonyImageWidth MakerNotes:Sony:Sony_0x2024 MakerNotes:Sony:Sony_0x2025 MakerNotes:Sony:Sony_0x9400 MakerNotes:Sony:Sony_0x9404 MakerNotes:Sony:Sony_0x9408 MakerNotes:Sony:Sony_0x9409 MakerNotes:Sony:Sony_0x940e MakerNotes:Sony:VignettingCorrParams
dataset_new_ignored/2026-09-24__sony/class_012__Rwanda_Gisuma/PIC_20260924_152807.JPG,8f7b857bf1e93d7019597458ab0239c9cc4fa45d8b32cfb8fcb9ca89d751a441,a6fa7b119a8675b6d27e29bee4705301a79f9997d5f19cf9fc76f812e640cb85,634648e794278292e2989c8288e6a3b3931acac27a38acb791180be824f0a58f,EXIF:IFD1:Compression EXIF:IFD1:Orientation EXIF:IFD1:ResolutionUnit EXIF:IFD1:ThumbnailImage EXIF:IFD1:ThumbnailLength EXIF:IFD1:ThumbnailOffset EXIF:IFD1:XResolution EXIF:IFD1:YResolution MakerNotes:Sony:ChromaticAberrationCorrParams MakerNotes:Sony:DistortionCorrParams MakerNotes:Sony:DistortionCorrParamsPresent MakerNotes:Sony:DistortionCorrection MakerNotes:Sony:FaceInfoLength MakerNotes:Sony:FaceInfoOffset MakerNotes:Sony:FacesDetected MakerNotes:Sony:LensFormat MakerNotes:Sony:LensMount MakerNotes:Sony:MetaVersion MakerNotes:Sony:SoftSkinEffect MakerNotes:Sony:SonyDateTime MakerNotes:Sony:SonyImageHeight MakerNotes:Sony:SonyImageWidth MakerNotes:Sony:Sony_0x2024 MakerNotes:Sony:Sony_0x2025 MakerNotes:Sony:Sony_0x9400 MakerNotes:Sony:Sony_0x9404 MakerNotes:Sony:Sony_0x9408 MakerNotes:Sony:Sony_0x9409 MakerNotes:Sony:Sony_0x940e MakerNotes:Sony:VignettingCorrParams
dataset_new_ignored/2026-09-24__sony/class_012__Rwanda_Gisuma/PIC_20260924_152849.JPG,6dbbfaa88d6fc5d47044354489c40a7e500de4f623fc26e0e28954c49c5ef46c,163c5956344f193125603e4aabcb735726caa3645ae136b6692053e645d82681,f2ea77a44db25a0822705da919f1bf39ca11cf5e1ae59828f55e6746f9e42a6a,EXIF:IFD1:Compression EXIF:IFD1:Orientation EXIF:IFD1:ResolutionUnit EXIF:IFD1:ThumbnailImage EXIF:IFD1:ThumbnailLength EXIF:IFD1:ThumbnailOffset EXIF:IFD1:XResolution EXIF:IFD1:YResolution MakerNotes:Sony:ChromaticAberrationCorrParams MakerNotes:Sony:DistortionCorrParams MakerNotes:Sony:DistortionCorrParamsPresent MakerNotes:Sony:DistortionCorrection MakerNotes:Sony:FaceInfoLength MakerNotes:Sony:FaceInfoOffset MakerNotes:Sony:FacesDetected MakerNotes:Sony:LensFormat MakerNotes:Sony:LensMount MakerNotes:Sony:MetaVersion MakerNotes:Sony:SoftSkinEffect MakerNotes:Sony:SonyDateTime MakerNotes:Sony:SonyImageHeight MakerNotes:Sony:SonyImageWidth MakerNotes:Sony:Sony_0x2024 MakerNotes:Sony:Sony_0x2025 MakerNotes:Sony:Sony_0x9400 MakerNotes:Sony:Sony_0x9404 MakerNotes:Sony:Sony_0x9408 MakerNotes:Sony:Sony_0x9409 MakerNotes:Sony:Sony_0x940e MakerNotes:Sony:VignettingCorrParams
dataset_new_ignored/2026-09-24__sony/class_012__Rwanda_Gisuma/PIC_20260924_152928.JPG,ae52162b6ef2d1998aa764e1aed57d6fcd52e2758f2482a4ae5b6b365f2202a9,2d2c88085872032bf402058955f1fc9ccd9daf20c036b978efcf447b861e512c,96dd01b9fd71fec4eb3a85cc20e559d57e1492f2eca817f45def93643d509ec9,EXIF:IFD1:Compression EXIF:IFD1:Orientation EXIF:IFD1:ResolutionUnit EXIF:IFD1:ThumbnailImage EXIF:IFD1:ThumbnailLength EXIF:IFD1:ThumbnailOffset EXIF:IFD1:XResolution EXIF:IFD1:YResolution MakerNotes:Sony:ChromaticAberrationCorrParams MakerNotes:Sony:DistortionCorrParams MakerNotes:Sony:DistortionCorrParamsPresent MakerNotes:Sony:DistortionCorrection MakerNotes:Sony:FaceInfoLength MakerNotes:Sony:FaceInfoOffset MakerNotes:Sony:FacesDetected MakerNotes:Sony:LensFormat MakerNotes:Sony:LensMount MakerNotes:Sony:MetaVersion MakerNotes:Sony:SoftSkinEffect MakerNotes:Sony:SonyDateTime MakerNotes:Sony:SonyImageHeight MakerNotes:Sony:SonyImageWidth MakerNotes:Sony:Sony_0x2024 MakerNotes:Sony:Sony_0x2025 MakerNotes:Sony:Sony_0x9400 MakerNotes:Sony:Sony_0x9404 MakerNotes:Sony:Sony_0x9408 MakerNotes:Sony:Sony_0x9409 MakerNotes:Sony:Sony_0x940e MakerNotes:Sony:VignettingCorrParams
dataset_new_ignored/2026-09-24__sony/class_012__Rwanda_Gisuma/PIC_20260924_153029.JPG,f0be537427d53628e30663d899c123ed08732c47b4c4569030fd2f2c3596224b,41ff38c6561905dd180f4708cdd8a9abd009b57458699cddc54fd07ce3c542ed,36994fe7d32ed7f73486aef48ab7e251282eb7eaa3f806897a550c7422c8572d,EXIF:IFD1:Compression EXIF:IFD1:Orientation EXIF:IFD1:ResolutionUnit EXIF:IFD1:ThumbnailImage EXIF:IFD1:ThumbnailLength EXIF:IFD1:ThumbnailOffset EXIF:IFD1:XResolution EXIF:IFD1:YResolution MakerNotes:Sony:ChromaticAberrationCorrParams MakerNotes:Sony:DistortionCorrParams MakerNotes:Sony:DistortionCorrParamsPresent MakerNotes:Sony:DistortionCorrection MakerNotes:Sony:FaceInfoLength MakerNotes:Sony:FaceInfoOffset MakerNotes:Sony:FacesDetected MakerNotes:Sony:LensFormat MakerNotes:Sony:LensMount MakerNotes:Sony:MetaVersion MakerNotes:Sony:SoftSkinEffect MakerNotes:Sony:SonyDateTime MakerNotes:Sony:SonyImageHeight MakerNotes:Sony:SonyImageWidth MakerNotes:Sony:Sony_0x2024 MakerNotes:Sony:Sony_0x2025 MakerNotes:Sony:Sony_0x9400 MakerNotes:Sony:Sony_0x9404 MakerNotes:Sony:Sony_0x9408 MakerNotes:Sony:Sony_0x9409 MakerNotes:Sony:Sony_0x940e MakerNotes:Sony:VignettingCorrParams
dataset_new_ignored/2026-09-24__sony/class_012__Rwanda_Gisuma/PIC_20260924_153053.JPG,f0a04bbb37d2a2f495011b2864671c66eb62d37b6be65d0d6ac63f1e3fa4141d,2c417205643bfbecf7ee0319e3b9410b7253815b56929d51be9824e28a903093,63b35b046d9c428f0fc83c47dd664c65c52aff14f7c12e67020202b416df1729,EXIF:IFD1:Compression EXIF:IFD1:Orientation EXIF:IFD1:ResolutionUnit EXIF:IFD1:ThumbnailImage EXIF:IFD1:ThumbnailLength EXIF:IFD1:ThumbnailOffset EXIF:IFD1:XResolution EXIF:IFD1:YResolution MakerNotes:Sony:ChromaticAberrationCorrParams MakerNotes:Sony:DistortionCorrParams MakerNotes:Sony:DistortionCorrParamsPresent MakerNotes:Sony:DistortionCorrection MakerNotes:Sony:FaceInfoLength MakerNotes:Sony:FaceInfoOffset MakerNotes:Sony:FacesDetected MakerNotes:Sony:LensFormat MakerNotes:Sony:LensMount MakerNotes:Sony:MetaVersion MakerNotes:Sony:SoftSkinEffect MakerNotes:Sony:SonyDateTime MakerNotes:Sony:SonyImageHeight MakerNotes:Sony:SonyImageWidth MakerNotes:Sony:Sony_0x2024 MakerNotes:Sony:Sony_0x2025 MakerNotes:Sony:Sony_0x9400 MakerNotes:Sony:Sony_0x9404 MakerNotes:Sony:Sony_0x9408 MakerNotes:Sony:Sony_0x9409 MakerNotes:Sony:Sony_0x940e MakerNotes:Sony:VignettingCorrParams
dataset_new_ignored/random_date_raccoon/class_001__Ethiopia_Sidamo/PXL_20260927_101610945.jpg,ba42cf76090c1ec60a84c4ef77e7b945f62934081811772b6a9ceaeea69c4ec4,c68f3e5cefab7ea95446e2806784d4f6bc7a7e67e73db8f9b53aae9ffd9b7739,8b8b009c729a2519d39317e0a4c8a45f2f6243700a5d636d1bd53c2283b83337,EXIF:GPS:GPSAltitude EXIF:GPS:GPSAltitudeRef EXIF:GPS:GPSDateStamp EXIF:GPS:GPSImgDirection EXIF:GPS:GPSImgDirectionRef EXIF:GPS:GPSLatitude EXIF:GPS:GPSLatitudeRef EXIF:GPS:GPSLongitude EXIF:GPS:GPSLongitudeRef EXIF:GPS:GPSTimeStamp EXIF:GPS:GPSVersionID EXIF:IFD1:Compression EXIF:IFD1:Orientation EXIF:IFD1:ResolutionUnit EXIF:IFD1:ThumbnailImage EXIF:IFD1:ThumbnailLength EXIF:IFD1:ThumbnailOffset EXIF:IFD1:XResolution EXIF:IFD1:YResolution JUMBF:CBOR:ActionsAction JUMBF:CBOR:ActionsDescription JUMBF:CBOR:ActionsDigitalSourceType JUMBF:CBOR:Alg JUMBF:CBOR:Claim_Generator_InfoName JUMBF:CBOR:Claim_Generator_InfoVersion JUMBF:CBOR:Created_AssertionsHash JUMBF:CBOR:Created_AssertionsUrl JUMBF:CBOR:ExclusionsLength JUMBF:CBOR:ExclusionsStart JUMBF:CBOR:Hash JUMBF:CBOR:InstanceID JUMBF:CBOR:Item0 JUMBF:CBOR:Item1Pad JUMBF:CBOR:Item1Pad2 JUMBF:CBOR:Item1SigTst2TstTokensVal JUMBF:CBOR:Item2 JUMBF:CBOR:Item3 JUMBF:CBOR:Pad JUMBF:CBOR:Pad2 JUMBF:CBOR:PartsHashAssertionHash JUMBF:CBOR:PartsHashAssertionUrl JUMBF:CBOR:PartsLocationByteOffset JUMBF:CBOR:PartsLocationLength JUMBF:CBOR:PartsOptional JUMBF:CBOR:Signature JUMBF:JUMDLabel JUMBF:JUMDToggles JUMBF:JUMDType XMP:XMP-GCamera:HdrPlusMakernote XMP:XMP-xmpNote:HasExtendedXMP
dataset_new_ignored/random_date_raccoon/class_001__Ethiopia_Sidamo/PXL_20260927_103241427.jpg,326136480e5189acc021a18b020f5e9f6aced27aec00f7991fce7d542a4425cd,9ae83734576670b1c34ec62f95081508b49aa69f051e9ab7ae5a4afc2505b605,f8b3e8a2cbeb85837c72551154d5dd105e711f2bdb110e2762c2ec75fdbac542,EXIF:GPS:GPSAltitude EXIF:GPS:GPSAltitudeRef EXIF:GPS:GPSDateStamp EXIF:GPS:GPSImgDirection EXIF:GPS:GPSImgDirectionRef EXIF:GPS:GPSLatitude EXIF:GPS:GPSLatitudeRef EXIF:GPS:GPSLongitude EXIF:GPS:GPSLongitudeRef EXIF:GPS:GPSTimeStamp EXIF:GPS:GPSVersionID EXIF:IFD1:Compression EXIF:IFD1:Orientation EXIF:IFD1:ResolutionUnit EXIF:IFD1:ThumbnailImage EXIF:IFD1:ThumbnailLength EXIF:IFD1:ThumbnailOffset EXIF:IFD1:XResolution EXIF:IFD1:YResolution JUMBF:CBOR:ActionsAction JUMBF:CBOR:ActionsDescription JUMBF:CBOR:ActionsDigitalSourceType JUMBF:CBOR:Alg JUMBF:CBOR:Claim_Generator_InfoName JUMBF:CBOR:Claim_Generator_InfoVersion JUMBF:CBOR:Created_AssertionsHash JUMBF:CBOR:Created_AssertionsUrl JUMBF:CBOR:ExclusionsLength JUMBF:CBOR:ExclusionsStart JUMBF:CBOR:Hash JUMBF:CBOR:InstanceID JUMBF:CBOR:Item0 JUMBF:CBOR:Item1Pad JUMBF:CBOR:Item1Pad2 JUMBF:CBOR:Item1SigTst2TstTokensVal JUMBF:CBOR:Item2 JUMBF:CBOR:Item3 JUMBF:CBOR:Pad JUMBF:CBOR:Pad2 JUMBF:CBOR:PartsHashAssertionHash JUMBF:CBOR:PartsHashAssertionUrl JUMBF:CBOR:PartsLocationByteOffset JUMBF:CBOR:PartsLocationLength JUMBF:CBOR:PartsOptional JUMBF:CBOR:Signature JUMBF:JUMDLabel JUMBF:JUMDToggles JUMBF:JUMDType XMP:XMP-GCamera:HdrPlusMakernote XMP:XMP-xmpNote:HasExtendedXMP
dataset_new_ignored/random_date_raccoon/class_013__Brazil_SulDeMinas/PXL_20260926_122041643.jpg,8c63a66ad28a4ca5c098193893a820f222aa936b4e56ac8edbd6337049f69f49,0b50b33a6c36b674152818d6c41373f4beb8fc31141a801369c7a852c56b5d78,ffb87f9f4129428460b16d68a73cbb23da1fc93e828b1d14e015d8d7c75aed9e,EXIF:GPS:GPSAltitude EXIF:GPS:GPSAltitudeRef EXIF:GPS:GPSDateStamp EXIF:GPS:GPSImgDirection EXIF:GPS:GPSImgDirectionRef EXIF:GPS:GPSLatitude EXIF:GPS:GPSLatitudeRef EXIF:GPS:GPSLongitude EXIF:GPS:GPSLongitudeRef EXIF:GPS:GPSTimeStamp EXIF:GPS:GPSVersionID EXIF:IFD1:Compression EXIF:IFD1:Orientation EXIF:IFD1:ResolutionUnit EXIF:IFD1:ThumbnailImage EXIF:IFD1:ThumbnailLength EXIF:IFD1:ThumbnailOffset EXIF:IFD1:XResolution EXIF:IFD1:YResolution JUMBF:CBOR:ActionsAction JUMBF:CBOR:ActionsDescription JUMBF:CBOR:ActionsDigitalSourceType JUMBF:CBOR:Alg JUMBF:CBOR:Claim_Generator_InfoName JUMBF:CBOR:Claim_Generator_InfoVersion JUMBF:CBOR:Created_AssertionsHash JUMBF:CBOR:Created_AssertionsUrl JUMBF:CBOR:ExclusionsLength JUMBF:CBOR:ExclusionsStart JUMBF:CBOR:Hash JUMBF:CBOR:InstanceID JUMBF:CBOR:Item0 JUMBF:CBOR:Item1Pad JUMBF:CBOR:Item1Pad2 JUMBF:CBOR:Item1SigTst2TstTokensVal JUMBF:CBOR:Item2 JUMBF:CBOR:Item3 JUMBF:CBOR:Pad JUMBF:CBOR:Pad2 JUMBF:CBOR:PartsHashAssertionHash JUMBF:CBOR:PartsHashAssertionUrl JUMBF:CBOR:PartsLocationByteOffset JUMBF:CBOR:PartsLocationLength JUMBF:CBOR:PartsOptional JUMBF:CBOR:Signature JUMBF:JUMDLabel JUMBF:JUMDToggles JUMBF:JUMDType XMP:XMP-GCamera:HdrPlusMakernote XMP:XMP-xmpNote:HasExtendedXMP
dataset_new_ignored/random_date_raccoon/class_013__Brazil_SulDeMinas/PXL_20260926_122057066.jpg,1066bb4d6a9bfe7842eb5be226f47044aa2572684bb04df2a43303bc16ae053f,ea3f1026140057565941f017d74c7b855b0681795cf33fe9c4d230668c1b882b,8c747c1eab6b0760c6532ce16e41b35254cfd0bbdfb07f268cffc047023a5bd1,EXIF:GPS:GPSAltitude EXIF:GPS:GPSAltitudeRef EXIF:GPS:GPSDateStamp EXIF:GPS:GPSImgDirection EXIF:GPS:GPSImgDirectionRef EXIF:GPS:GPSLatitude EXIF:GPS:GPSLatitudeRef EXIF:GPS:GPSLongitude EXIF:GPS:GPSLongitudeRef EXIF:GPS:GPSTimeStamp EXIF:GPS:GPSVersionID EXIF:IFD1:Compression EXIF:IFD1:Orientation EXIF:IFD1:ResolutionUnit EXIF:IFD1:ThumbnailImage EXIF:IFD1:ThumbnailLength EXIF:IFD1:ThumbnailOffset EXIF:IFD1:XResolution EXIF:IFD1:YResolution JUMBF:CBOR:ActionsAction JUMBF:CBOR:ActionsDescription JUMBF:CBOR:ActionsDigitalSourceType JUMBF:CBOR:Alg JUMBF:CBOR:Claim_Generator_InfoName JUMBF:CBOR:Claim_Generator_InfoVersion JUMBF:CBOR:Created_AssertionsHash JUMBF:CBOR:Created_AssertionsUrl JUMBF:CBOR:ExclusionsLength JUMBF:CBOR:ExclusionsStart JUMBF:CBOR:Hash JUMBF:CBOR:InstanceID JUMBF:CBOR:Item0 JUMBF:CBOR:Item1Pad JUMBF:CBOR:Item1Pad2 JUMBF:CBOR:Item1SigTst2TstTokensVal JUMBF:CBOR:Item2 JUMBF:CBOR:Item3 JUMBF:CBOR:Pad JUMBF:CBOR:Pad2 JUMBF:CBOR:PartsHashAssertionHash JUMBF:CBOR:PartsHashAssertionUrl JUMBF:CBOR:PartsLocationByteOffset JUMBF:CBOR:PartsLocationLength JUMBF:CBOR:PartsOptional JUMBF:CBOR:Signature JUMBF:JUMDLabel JUMBF:JUMDToggles JUMBF:JUMDType XMP:XMP-GCamera:HdrPlusMakernote XMP:XMP-xmpNote:HasExtendedXMP
dataset_new_ignored/random_date_raccoon/class_013__Brazil_SulDeMinas/PXL_20260927_064722891.jpg,99e557b0982e5cdab47dcf0ff81d2771a7679c3a6eda9dc8c6d2df534351a9b9,96e43d986a9d18b4810e6d0ed2c3858bc9828beac472f8a7a2645fd428b32aaf,1b8da17e2b65f21f0da416aed3582e387e038391881b97ae6a1c2b55bf13340a,EXIF:GPS:GPSAltitude EXIF:GPS:GPSAltitudeRef EXIF:GPS:GPSDateStamp EXIF:GPS:GPSImgDirection EXIF:GPS:GPSImgDirectionRef EXIF:GPS:GPSLatitude EXIF:GPS:GPSLatitudeRef EXIF:GPS:GPSLongitude EXIF:GPS:GPSLongitudeRef EXIF:GPS:GPSTimeStamp EXIF:GPS:GPSVersionID EXIF:IFD1:Compression EXIF:IFD1:Orientation EXIF:IFD1:ResolutionUnit EXIF:IFD1:ThumbnailImage EXIF:IFD1:ThumbnailLength EXIF:IFD1:ThumbnailOffset EXIF:IFD1:XResolution EXIF:IFD1:YResolution JUMBF:CBOR:ActionsAction JUMBF:CBOR:ActionsDescription JUMBF:CBOR:ActionsDigitalSourceType JUMBF:CBOR:Alg JUMBF:CBOR:Claim_Generator_InfoName JUMBF:CBOR:Claim_Generator_InfoVersion JUMBF:CBOR:Created_AssertionsHash JUMBF:CBOR:Created_AssertionsUrl JUMBF:CBOR:ExclusionsLength JUMBF:CBOR:ExclusionsStart JUMBF:CBOR:Hash JUMBF:CBOR:InstanceID JUMBF:CBOR:Item0 JUMBF:CBOR:Item1Pad JUMBF:CBOR:Item1Pad2 JUMBF:CBOR:Item1SigTst2TstTokensVal JUMBF:CBOR:Item2 JUMBF:CBOR:Item3 JUMBF:CBOR:Pad JUMBF:CBOR:Pad2 JUMBF:CBOR:PartsHashAssertionHash JUMBF:CBOR:PartsHashAssertionUrl JUMBF:CBOR:PartsLocationByteOffset JUMBF:CBOR:PartsLocationLength JUMBF:CBOR:PartsOptional JUMBF:CBOR:Signature JUMBF:JUMDLabel JUMBF:JUMDToggles JUMBF:JUMDType XMP:XMP-GCamera:HdrPlusMakernote XMP:XMP-xmpNote:HasExtendedXMP
dataset_new_ignored/random_date_raccoon/class_013__Brazil_SulDeMinas/PXL_20260930_085611461.jpg,04214bc7457008f481365c7e93ed568d1aef40bcb713853f5fd018181d1f184b,aa6f2e90126c2028b5f1745c9d8d7fa0f1374ebb07e57ae8d4892ae4d5b8dfd2,0bd178e9f98da41a6f6ea8ff91adc8d8f1484125bc25ce1785a994da5f2aa4e2,EXIF:GPS:GPSAltitude EXIF:GPS:GPSAltitudeRef EXIF:GPS:GPSDateStamp EXIF:GPS:GPSImgDirection EXIF:GPS:GPSImgDirectionRef EXIF:GPS:GPSLatitude EXIF:GPS:GPSLatitudeRef EXIF:GPS:GPSLongitude EXIF:GPS:GPSLongitudeRef EXIF:GPS:GPSTimeStamp EXIF:GPS:GPSVersionID EXIF:IFD1:Compression EXIF:IFD1:Orientation EXIF:IFD1:ResolutionUnit EXIF:IFD1:ThumbnailImage EXIF:IFD1:ThumbnailLength EXIF:IFD1:ThumbnailOffset EXIF:IFD1:XResolution EXIF:IFD1:YResolution JUMBF:CBOR:ActionsAction JUMBF:CBOR:ActionsDescription JUMBF:CBOR:ActionsDigitalSourceType JUMBF:CBOR:Alg JUMBF:CBOR:Claim_Generator_InfoName JUMBF:CBOR:Claim_Generator_InfoVersion JUMBF:CBOR:Created_AssertionsHash JUMBF:CBOR:Created_AssertionsUrl JUMBF:CBOR:ExclusionsLength JUMBF:CBOR:ExclusionsStart JUMBF:CBOR:Hash JUMBF:CBOR:InstanceID JUMBF:CBOR:Item0 JUMBF:CBOR:Item1Pad JUMBF:CBOR:Item1Pad2 JUMBF:CBOR:Item1SigTst2TstTokensVal JUMBF:CBOR:Item2 JUMBF:CBOR:Item3 JUMBF:CBOR:Pad JUMBF:CBOR:Pad2 JUMBF:CBOR:PartsHashAssertionHash JUMBF:CBOR:PartsHashAssertionUrl JUMBF:CBOR:PartsLocationByteOffset JUMBF:CBOR:PartsLocationLength JUMBF:CBOR:PartsOptional JUMBF:CBOR:Signature JUMBF:JUMDLabel JUMBF:JUMDToggles JUMBF:JUMDType XMP:XMP-GCamera:HdrPlusMakernote XMP:XMP-xmpNote:HasExtendedXMP
dataset_new_ignored/random_date_raccoon/class_014__Colombia_Excelso/PXL_20260927_105921144.jpg,262baa1fe6c9cdbee362ce70d5c287a8f4186cbf4779a7c7e83709ac49c706e8,cc8811f6607f82ed5df83e06ee07d532d45fbd9eed319ddccdd415b0533ffaa5,9847dfbb13e6dea2246b23928b688ce33fc202040b6d7b29f3c2d48a89560d0b,EXIF:GPS:GPSAltitude EXIF:GPS:GPSAltitudeRef EXIF:GPS:GPSDateStamp EXIF:GPS:GPSImgDirection EXIF:GPS:GPSImgDirectionRef EXIF:GPS:GPSLatitude EXIF:GPS:GPSLatitudeRef EXIF:GPS:GPSLongitude EXIF:GPS:GPSLongitudeRef EXIF:GPS:GPSTimeStamp EXIF:GPS:GPSVersionID EXIF:IFD1:Compression EXIF:IFD1:Orientation EXIF:IFD1:ResolutionUnit EXIF:IFD1:ThumbnailImage EXIF:IFD1:ThumbnailLength EXIF:IFD1:ThumbnailOffset EXIF:IFD1:XResolution EXIF:IFD1:YResolution JUMBF:CBOR:ActionsAction JUMBF:CBOR:ActionsDescription JUMBF:CBOR:ActionsDigitalSourceType JUMBF:CBOR:Alg JUMBF:CBOR:Claim_Generator_InfoName JUMBF:CBOR:Claim_Generator_InfoVersion JUMBF:CBOR:Created_AssertionsHash JUMBF:CBOR:Created_AssertionsUrl JUMBF:CBOR:ExclusionsLength JUMBF:CBOR:ExclusionsStart JUMBF:CBOR:Hash JUMBF:CBOR:InstanceID JUMBF:CBOR:Item0 JUMBF:CBOR:Item1Pad JUMBF:CBOR:Item1Pad2 JUMBF:CBOR:Item1SigTst2TstTokensVal JUMBF:CBOR:Item2 JUMBF:CBOR:Item3 JUMBF:CBOR:Pad JUMBF:CBOR:Pad2 JUMBF:CBOR:PartsHashAssertionHash JUMBF:CBOR:PartsHashAssertionUrl JUMBF:CBOR:PartsLocationByteOffset JUMBF:CBOR:PartsLocationLength JUMBF:CBOR:PartsOptional JUMBF:CBOR:Signature JUMBF:JUMDLabel JUMBF:JUMDToggles JUMBF:JUMDType XMP:XMP-GCamera:HdrPlusMakernote XMP:XMP-xmpNote:HasExtendedXMP
dataset_new_ignored/random_date_raccoon/class_014__Colombia_Excelso/PXL_20260927_105940963.jpg,a2eb25f3d6f11e2e7e4c8f819bb5933708c8266242a735ce72625e4f46106ae5,7da61fb15754f187a5243dcf87d0f005eae511b066577bda13518cd3e2a32252,3b11d47d81486ffb401caf5c2c1ad4b95f13b7cc4c1801a487de63f37246dba9,EXIF:GPS:GPSAltitude EXIF:GPS:GPSAltitudeRef EXIF:GPS:GPSDateStamp EXIF:GPS:GPSImgDirection EXIF:GPS:GPSImgDirectionRef EXIF:GPS:GPSLatitude EXIF:GPS:GPSLatitudeRef EXIF:GPS:GPSLongitude EXIF:GPS:GPSLongitudeRef EXIF:GPS:GPSTimeStamp EXIF:GPS:GPSVersionID EXIF:IFD1:Compression EXIF:IFD1:Orientation EXIF:IFD1:ResolutionUnit EXIF:IFD1:ThumbnailImage EXIF:IFD1:ThumbnailLength EXIF:IFD1:ThumbnailOffset EXIF:IFD1:XResolution EXIF:IFD1:YResolution JUMBF:CBOR:ActionsAction JUMBF:CBOR:ActionsDescription JUMBF:CBOR:ActionsDigitalSourceType JUMBF:CBOR:Alg JUMBF:CBOR:Claim_Generator_InfoName JUMBF:CBOR:Claim_Generator_InfoVersion JUMBF:CBOR:Created_AssertionsHash JUMBF:CBOR:Created_AssertionsUrl JUMBF:CBOR:ExclusionsLength JUMBF:CBOR:ExclusionsStart JUMBF:CBOR:Hash JUMBF:CBOR:InstanceID JUMBF:CBOR:Item0 JUMBF:CBOR:Item1Pad JUMBF:CBOR:Item1Pad2 JUMBF:CBOR:Item1SigTst2TstTokensVal JUMBF:CBOR:Item2 JUMBF:CBOR:Item3 JUMBF:CBOR:Pad JUMBF:CBOR:Pad2 JUMBF:CBOR:PartsHashAssertionHash JUMBF:CBOR:PartsHashAssertionUrl JUMBF:CBOR:PartsLocationByteOffset JUMBF:CBOR:PartsLocationLength JUMBF:CBOR:PartsOptional JUMBF:CBOR:Signature JUMBF:JUMDLabel JUMBF:JUMDToggles JUMBF:JUMDType XMP:XMP-GCamera:HdrPlusMakernote XMP:XMP-xmpNote:HasExtendedXMP
dataset_new_ignored/random_date_raccoon/class_014__Colombia_Excelso/PXL_20260929_074258845.jpg,f6ff3fdbfae7ac7847b0af91b9a0d3b931938fb2fcc8cc4a45fc9300fa074744,d31e3e5c405565d0e24592b857234a2b548f5f4b1173a78dc196344ba92fa2f3,1b85c27b14eb109d963955cb70ac488de5b255aea73d467e0594302cdc2d46fb,EXIF:GPS:GPSAltitude EXIF:GPS:GPSAltitudeRef EXIF:GPS:GPSDateStamp EXIF:GPS:GPSImgDirection EXIF:GPS:GPSImgDirectionRef EXIF:GPS:GPSLatitude EXIF:GPS:GPSLatitudeRef EXIF:GPS:GPSLongitude EXIF:GPS:GPSLongitudeRef EXIF:GPS:GPSTimeStamp EXIF:GPS:GPSVersionID EXIF:IFD1:Compression EXIF:IFD1:Orientation EXIF:IFD1:ResolutionUnit EXIF:IFD1:ThumbnailImage EXIF:IFD1:ThumbnailLength EXIF:IFD1:ThumbnailOffset EXIF:IFD1:XResolution EXIF:IFD1:YResolution JUMBF:CBOR:ActionsAction JUMBF:CBOR:ActionsDescription JUMBF:CBOR:ActionsDigitalSourceType JUMBF:CBOR:Alg JUMBF:CBOR:Claim_Generator_InfoName JUMBF:CBOR:Claim_Generator_InfoVersion JUMBF:CBOR:Created_AssertionsHash JUMBF:CBOR:Created_AssertionsUrl JUMBF:CBOR:ExclusionsLength JUMBF:CBOR:ExclusionsStart JUMBF:CBOR:Hash JUMBF:CBOR:InstanceID JUMBF:CBOR:Item0 JUMBF:CBOR:Item1Pad JUMBF:CBOR:Item1Pad2 JUMBF:CBOR:Item1SigTst2TstTokensVal JUMBF:CBOR:Item2 JUMBF:CBOR:Item3 JUMBF:CBOR:Pad JUMBF:CBOR:Pad2 JUMBF:CBOR:PartsHashAssertionHash JUMBF:CBOR:PartsHashAssertionUrl JUMBF:CBOR:PartsLocationByteOffset JUMBF:CBOR:PartsLocationLength JUMBF:CBOR:PartsOptional JUMBF:CBOR:Signature JUMBF:JUMDLabel JUMBF:JUMDToggles JUMBF:JUMDType XMP:XMP-GCamera:HdrPlusMakernote XMP:XMP-xmpNote:HasExtendedXMP
dataset_new_ignored/random_date_raccoon/class_014__Colombia_Excelso/PXL_20261002_071216473.jpg,9aa380b8c6c4281dd2896137caa4d995a84163f6f67ff9cff8004181ea7de560,110a3e1b196129b21e16351c738922aeb234e0ab2a596369518e5883c7b42deb,b4277b77d05112b3f202926ff8070bb861d33bb6bac78beace2a69ad67f79ba9,EXIF:GPS:GPSAltitude EXIF:GPS:GPSAltitudeRef EXIF:GPS:GPSDateStamp EXIF:GPS:GPSImgDirection EXIF:GPS:GPSImgDirectionRef EXIF:GPS:GPSLatitude EXIF:GPS:GPSLatitudeRef EXIF:GPS:GPSLongitude EXIF:GPS:GPSLongitudeRef EXIF:GPS:GPSTimeStamp EXIF:GPS:GPSVersionID EXIF:IFD1:Compression EXIF:IFD1:Orientation EXIF:IFD1:ResolutionUnit EXIF:IFD1:ThumbnailImage EXIF:IFD1:ThumbnailLength EXIF:IFD1:ThumbnailOffset EXIF:IFD1:XResolution EXIF:IFD1:YResolution JUMBF:CBOR:ActionsAction JUMBF:CBOR:ActionsDescription JUMBF:CBOR:ActionsDigitalSourceType JUMBF:CBOR:Alg JUMBF:CBOR:Claim_Generator_InfoName JUMBF:CBOR:Claim_Generator_InfoVersion JUMBF:CBOR:Created_AssertionsHash JUMBF:CBOR:Created_AssertionsUrl JUMBF:CBOR:ExclusionsLength JUMBF:CBOR:ExclusionsStart JUMBF:CBOR:Hash JUMBF:CBOR:InstanceID JUMBF:CBOR:Item0 JUMBF:CBOR:Item1Pad JUMBF:CBOR:Item1Pad2 JUMBF:CBOR:Item1SigTst2TstTokensVal JUMBF:CBOR:Item2 JUMBF:CBOR:Item3 JUMBF:CBOR:Pad JUMBF:CBOR:Pad2 JUMBF:CBOR:PartsHashAssertionHash JUMBF:CBOR:PartsHashAssertionUrl JUMBF:CBOR:PartsLocationByteOffset JUMBF:CBOR:PartsLocationLength JUMBF:CBOR:PartsOptional JUMBF:CBOR:Signature JUMBF:JUMDLabel JUMBF:JUMDToggles JUMBF:JUMDType XMP:XMP-GCamera:HdrPlusMakernote XMP:XMP-xmpNote:HasExtendedXMP
dataset_new_ignored/random_date_raccoon/class_014__Colombia_Excelso/PXL_20261002_071227288.jpg,175284c1da68551194088bfa4d96ab6949720bb55e38064801295a45cc0047bf,071329e9fd9b1d9707cb27c4511c2ada4a548d1a17cdde1b483938325ab39ee6,78d54e57e9f5e30c3922e24f98dc63734f8c34507a7b31ebfae1536f65a2fdcf,EXIF:GPS:GPSAltitude EXIF:GPS:GPSAltitudeRef EXIF:GPS:GPSDateStamp EXIF:GPS:GPSImgDirection EXIF:GPS:GPSImgDirectionRef EXIF:GPS:GPSLatitude EXIF:GPS:GPSLatitudeRef EXIF:GPS:GPSLongitude EXIF:GPS:GPSLongitudeRef EXIF:GPS:GPSTimeStamp EXIF:GPS:GPSVersionID EXIF:IFD1:Compression EXIF:IFD1:Orientation EXIF:IFD1:ResolutionUnit EXIF:IFD1:ThumbnailImage EXIF:IFD1:ThumbnailLength EXIF:IFD1:ThumbnailOffset EXIF:IFD1:XResolution EXIF:IFD1:YResolution JUMBF:CBOR:ActionsAction JUMBF:CBOR:ActionsDescription JUMBF:CBOR:ActionsDigitalSourceType JUMBF:CBOR:Alg JUMBF:CBOR:Claim_Generator_InfoName JUMBF:CBOR:Claim_Generator_InfoVersion JUMBF:CBOR:Created_AssertionsHash JUMBF:CBOR:Created_AssertionsUrl JUMBF:CBOR:ExclusionsLength JUMBF:CBOR:ExclusionsStart JUMBF:CBOR:Hash JUMBF:CBOR:InstanceID JUMBF:CBOR:Item0 JUMBF:CBOR:Item1Pad JUMBF:CBOR:Item1Pad2 JUMBF:CBOR:Item1SigTst2TstTokensVal JUMBF:CBOR:Item2 JUMBF:CBOR:Item3 JUMBF:CBOR:Pad JUMBF:CBOR:Pad2 JUMBF:CBOR:PartsHashAssertionHash JUMBF:CBOR:PartsHashAssertionUrl JUMBF:CBOR:PartsLocationByteOffset JUMBF:CBOR:PartsLocationLength JUMBF:CBOR:PartsOptional JUMBF:CBOR:Signature JUMBF:JUMDLabel JUMBF:JUMDToggles JUMBF:JUMDType XMP:XMP-GCamera:HdrPlusMakernote XMP:XMP-xmpNote:HasExtendedXMP
dataset_new_ignored/random_date_raccoon/class_014__Colombia_Excelso/PXL_20261003_061147257.jpg,e8b5d8fabf671e3e6e93f21c46ec5a747c09401d3716d9badd483d105b4ea30f,8ee9e068ec5015d3afbf0315a481c99721677aed847d37048eeea12151ac5bd9,7ef102095360c3861bebfd59a0cc20ec4912a6ac93d87e1baea1318a9fc083e0,EXIF:GPS:GPSAltitude EXIF:GPS:GPSAltitudeRef EXIF:GPS:GPSDateStamp EXIF:GPS:GPSImgDirection EXIF:GPS:GPSImgDirectionRef EXIF:GPS:GPSLatitude EXIF:GPS:GPSLatitudeRef EXIF:GPS:GPSLongitude EXIF:GPS:GPSLongitudeRef EXIF:GPS:GPSTimeStamp EXIF:GPS:GPSVersionID EXIF:IFD1:Compression EXIF:IFD1:Orientation EXIF:IFD1:ResolutionUnit EXIF:IFD1:ThumbnailImage EXIF:IFD1:ThumbnailLength EXIF:IFD1:ThumbnailOffset EXIF:IFD1:XResolution EXIF:IFD1:YResolution JUMBF:CBOR:ActionsAction JUMBF:CBOR:ActionsDescription JUMBF:CBOR:ActionsDigitalSourceType JUMBF:CBOR:Alg JUMBF:CBOR:Claim_Generator_InfoName JUMBF:CBOR:Claim_Generator_InfoVersion JUMBF:CBOR:Created_AssertionsHash JUMBF:CBOR:Created_AssertionsUrl JUMBF:CBOR:ExclusionsLength JUMBF:CBOR:ExclusionsStart JUMBF:CBOR:Hash JUMBF:CBOR:InstanceID JUMBF:CBOR:Item0 JUMBF:CBOR:Item1Pad JUMBF:CBOR:Item1Pad2 JUMBF:CBOR:Item1SigTst2TstTokensVal JUMBF:CBOR:Item2 JUMBF:CBOR:Item3 JUMBF:CBOR:Pad JUMBF:CBOR:Pad2 JUMBF:CBOR:PartsHashAssertionHash JUMBF:CBOR:PartsHashAssertionUrl JUMBF:CBOR:PartsLocationByteOffset JUMBF:CBOR:PartsLocationLength JUMBF:CBOR:PartsOptional JUMBF:CBOR:Signature JUMBF:JUMDLabel JUMBF:JUMDToggles JUMBF:JUMDType XMP:XMP-GCamera:HdrPlusMakernote XMP:XMP-xmpNote:HasExtendedXMP
dataset_new_ignored/random_date_raccoon/class_014__Colombia_Excelso/PXL_20261003_061153572.jpg,d32c85f384377b87ed46a755a9d9ee36bee1ece5dfb1c0740da4781fcfab253c,479c0972e5565cf8264fd88fa6c25674666e9ab98ed719fab374271fb73a9b9d,8bf3f0a43745ccf115ce3803ccfd75630f8f81b73df6957420b7dc0d034f307d,EXIF:GPS:GPSAltitude EXIF:GPS:GPSAltitudeRef EXIF:GPS:GPSDateStamp EXIF:GPS:GPSImgDirection EXIF:GPS:GPSImgDirectionRef EXIF:GPS:GPSLatitude EXIF:GPS:GPSLatitudeRef EXIF:GPS:GPSLongitude EXIF:GPS:GPSLongitudeRef EXIF:GPS:GPSTimeStamp EXIF:GPS:GPSVersionID EXIF:IFD1:Compression EXIF:IFD1:Orientation EXIF:IFD1:ResolutionUnit EXIF:IFD1:ThumbnailImage EXIF:IFD1:ThumbnailLength EXIF:IFD1:ThumbnailOffset EXIF:IFD1:XResolution EXIF:IFD1:YResolution JUMBF:CBOR:ActionsAction JUMBF:CBOR:ActionsDescription JUMBF:CBOR:ActionsDigitalSourceType JUMBF:CBOR:Alg JUMBF:CBOR:Claim_Generator_InfoName JUMBF:CBOR:Claim_Generator_InfoVersion JUMBF:CBOR:Created_AssertionsHash JUMBF:CBOR:Created_AssertionsUrl JUMBF:CBOR:ExclusionsLength JUMBF:CBOR:ExclusionsStart JUMBF:CBOR:Hash JUMBF:CBOR:InstanceID JUMBF:CBOR:Item0 JUMBF:CBOR:Item1Pad JUMBF:CBOR:Item1Pad2 JUMBF:CBOR:Item1SigTst2TstTokensVal JUMBF:CBOR:Item2 JUMBF:CBOR:Item3 JUMBF:CBOR:Pad JUMBF:CBOR:Pad2 JUMBF:CBOR:PartsHashAssertionHash JUMBF:CBOR:PartsHashAssertionUrl JUMBF:CBOR:PartsLocationByteOffset JUMBF:CBOR:PartsLocationLength JUMBF:CBOR:PartsOptional JUMBF:CBOR:Signature JUMBF:JUMDLabel JUMBF:JUMDToggles JUMBF:JUMDType XMP:XMP-GCamera:HdrPlusMakernote XMP:XMP-xmpNote:HasExtendedXMP
dataset_new_ignored/random_date_raccoon/class_014__Colombia_Excelso/PXL_20261003_061158094.jpg,c43cdf2ce2787fc287b2ed35cea5ff4df3efab47617b96a6dc007e33774e0f15,39ee713172cca0a8fef45035c627b7aa9030d87b113662b4655161d7afde11f3,43f76a1304af46f2f2d418c6938118907f978c235adf3764d7a0fb474b05ce78,EXIF:GPS:GPSAltitude EXIF:GPS:GPSAltitudeRef EXIF:GPS:GPSDateStamp EXIF:GPS:GPSImgDirection EXIF:GPS:GPSImgDirectionRef EXIF:GPS:GPSLatitude EXIF:GPS:GPSLatitudeRef EXIF:GPS:GPSLongitude EXIF:GPS:GPSLongitudeRef EXIF:GPS:GPSTimeStamp EXIF:GPS:GPSVersionID EXIF:IFD1:Compression EXIF:IFD1:Orientation EXIF:IFD1:ResolutionUnit EXIF:IFD1:ThumbnailImage EXIF:IFD1:ThumbnailLength EXIF:IFD1:ThumbnailOffset EXIF:IFD1:XResolution EXIF:IFD1:YResolution JUMBF:CBOR:ActionsAction JUMBF:CBOR:ActionsDescription JUMBF:CBOR:ActionsDigitalSourceType JUMBF:CBOR:Alg JUMBF:CBOR:Claim_Generator_InfoName JUMBF:CBOR:Claim_Generator_InfoVersion JUMBF:CBOR:Created_AssertionsHash JUMBF:CBOR:Created_AssertionsUrl JUMBF:CBOR:ExclusionsLength JUMBF:CBOR:ExclusionsStart JUMBF:CBOR:Hash JUMBF:CBOR:InstanceID JUMBF:CBOR:Item0 JUMBF:CBOR:Item1Pad JUMBF:CBOR:Item1Pad2 JUMBF:CBOR:Item1SigTst2TstTokensVal JUMBF:CBOR:Item2 JUMBF:CBOR:Item3 JUMBF:CBOR:Pad JUMBF:CBOR:Pad2 JUMBF:CBOR:PartsHashAssertionHash JUMBF:CBOR:PartsHashAssertionUrl JUMBF:CBOR:PartsLocationByteOffset JUMBF:CBOR:PartsLocationLength JUMBF:CBOR:PartsOptional JUMBF:CBOR:Signature JUMBF:JUMDLabel JUMBF:JUMDToggles JUMBF:JUMDType XMP:XMP-GCamera:HdrPlusMakernote XMP:XMP-xmpNote:HasExtendedXMP
dataset_new_ignored/random_date_raccoon/class_014__Colombia_Excelso/PXL_20261003_061204827.jpg,361ac30a4629fc55190f2d539ff167832c79c999bbc04b11e145dd597dd5e43e,5809b0e71566321d908f32f0c1eab540e2af4e56bd1cd3c880feab7a772aced1,c17e8ee1fb7b527ef8f2e9ce62f2d016d783cc18854b2798ee159924d59cd0af,EXIF:GPS:GPSAltitude EXIF:GPS:GPSAltitudeRef EXIF:GPS:GPSDateStamp EXIF:GPS:GPSImgDirection EXIF:GPS:GPSImgDirectionRef EXIF:GPS:GPSLatitude EXIF:GPS:GPSLatitudeRef EXIF:GPS:GPSLongitude EXIF:GPS:GPSLongitudeRef EXIF:GPS:GPSTimeStamp EXIF:GPS:GPSVersionID EXIF:IFD1:Compression EXIF:IFD1:Orientation EXIF:IFD1:ResolutionUnit EXIF:IFD1:ThumbnailImage EXIF:IFD1:ThumbnailLength EXIF:IFD1:ThumbnailOffset EXIF:IFD1:XResolution EXIF:IFD1:YResolution JUMBF:CBOR:ActionsAction JUMBF:CBOR:ActionsDescription JUMBF:CBOR:ActionsDigitalSourceType JUMBF:CBOR:Alg JUMBF:CBOR:Claim_Generator_InfoName JUMBF:CBOR:Claim_Generator_InfoVersion JUMBF:CBOR:Created_AssertionsHash JUMBF:CBOR:Created_AssertionsUrl JUMBF:CBOR:ExclusionsLength JUMBF:CBOR:ExclusionsStart JUMBF:CBOR:Hash JUMBF:CBOR:InstanceID JUMBF:CBOR:Item0 JUMBF:CBOR:Item1Pad JUMBF:CBOR:Item1Pad2 JUMBF:CBOR:Item1SigTst2TstTokensVal JUMBF:CBOR:Item2 JUMBF:CBOR:Item3 JUMBF:CBOR:Pad JUMBF:CBOR:Pad2 JUMBF:CBOR:PartsHashAssertionHash JUMBF:CBOR:PartsHashAssertionUrl JUMBF:CBOR:PartsLocationByteOffset JUMBF:CBOR:PartsLocationLength JUMBF:CBOR:PartsOptional JUMBF:CBOR:Signature JUMBF:JUMDLabel JUMBF:JUMDToggles JUMBF:JUMDType XMP:XMP-GCamera:HdrPlusMakernote XMP:XMP-xmpNote:HasExtendedXMP
dataset_new_ignored/random_date_raccoon/class_014__Colombia_Excelso/PXL_20261003_061208545.jpg,453d742510d2fdeaccdb6ef8a9d1b54929545e3c32e35b0cb6b00d65409d0e34,bbe543274bc685d94f29ded985ebe591eb1e53a05727820bc6a0269271bc55e6,cbf4f1bcafbd5f4b999dfbcddfc9a1c81a72085733db2f63084ccb7876ce4a3a,EXIF:GPS:GPSAltitude EXIF:GPS:GPSAltitudeRef EXIF:GPS:GPSDateStamp EXIF:GPS:GPSImgDirection EXIF:GPS:GPSImgDirectionRef EXIF:GPS:GPSLatitude EXIF:GPS:GPSLatitudeRef EXIF:GPS:GPSLongitude EXIF:GPS:GPSLongitudeRef EXIF:GPS:GPSTimeStamp EXIF:GPS:GPSVersionID EXIF:IFD1:Compression EXIF:IFD1:Orientation EXIF:IFD1:ResolutionUnit EXIF:IFD1:ThumbnailImage EXIF:IFD1:ThumbnailLength EXIF:IFD1:ThumbnailOffset EXIF:IFD1:XResolution EXIF:IFD1:YResolution JUMBF:CBOR:ActionsAction JUMBF:CBOR:ActionsDescription JUMBF:CBOR:ActionsDigitalSourceType JUMBF:CBOR:Alg JUMBF:CBOR:Claim_Generator_InfoName JUMBF:CBOR:Claim_Generator_InfoVersion JUMBF:CBOR:Created_AssertionsHash JUMBF:CBOR:Created_AssertionsUrl JUMBF:CBOR:ExclusionsLength JUMBF:CBOR:ExclusionsStart JUMBF:CBOR:Hash JUMBF:CBOR:InstanceID JUMBF:CBOR:Item0 JUMBF:CBOR:Item1Pad JUMBF:CBOR:Item1Pad2 JUMBF:CBOR:Item1SigTst2TstTokensVal JUMBF:CBOR:Item2 JUMBF:CBOR:Item3 JUMBF:CBOR:Pad JUMBF:CBOR:Pad2 JUMBF:CBOR:PartsHashAssertionHash JUMBF:CBOR:PartsHashAssertionUrl JUMBF:CBOR:PartsLocationByteOffset JUMBF:CBOR:PartsLocationLength JUMBF:CBOR:PartsOptional JUMBF:CBOR:Signature JUMBF:JUMDLabel JUMBF:JUMDToggles JUMBF:JUMDType XMP:XMP-GCamera:HdrPlusMakernote XMP:XMP-xmpNote:HasExtendedXMP
dataset_new_ignored/random_date_raccoon/class_014__Colombia_Excelso/PXL_20261004_053708433.jpg,825b6e852b6dc8e5ebec3aac66028b8efcdace63c99f94d2af89b7786768f89c,351a2b519eab40d126d43da0a9a5e92371bbd0b6679e3e404403f35df7f3915e,e121d9fafc707adc80bcf7e9886ad5f52c74a254254257a647c46a9f43667bcb,EXIF:GPS:GPSAltitude EXIF:GPS:GPSAltitudeRef EXIF:GPS:GPSDateStamp EXIF:GPS:GPSImgDirection EXIF:GPS:GPSImgDirectionRef EXIF:GPS:GPSLatitude EXIF:GPS:GPSLatitudeRef EXIF:GPS:GPSLongitude EXIF:GPS:GPSLongitudeRef EXIF:GPS:GPSTimeStamp EXIF:GPS:GPSVersionID EXIF:IFD1:Compression EXIF:IFD1:Orientation EXIF:IFD1:ResolutionUnit EXIF:IFD1:ThumbnailImage EXIF:IFD1:ThumbnailLength EXIF:IFD1:ThumbnailOffset EXIF:IFD1:XResolution EXIF:IFD1:YResolution JUMBF:CBOR:ActionsAction JUMBF:CBOR:ActionsDescription JUMBF:CBOR:ActionsDigitalSourceType JUMBF:CBOR:Alg JUMBF:CBOR:Claim_Generator_InfoName JUMBF:CBOR:Claim_Generator_InfoVersion JUMBF:CBOR:Created_AssertionsHash JUMBF:CBOR:Created_AssertionsUrl JUMBF:CBOR:ExclusionsLength JUMBF:CBOR:ExclusionsStart JUMBF:CBOR:Hash JUMBF:CBOR:InstanceID JUMBF:CBOR:Item0 JUMBF:CBOR:Item1Pad JUMBF:CBOR:Item1Pad2 JUMBF:CBOR:Item1SigTst2TstTokensVal JUMBF:CBOR:Item2 JUMBF:CBOR:Item3 JUMBF:CBOR:Pad JUMBF:CBOR:Pad2 JUMBF:CBOR:PartsHashAssertionHash JUMBF:CBOR:PartsHashAssertionUrl JUMBF:CBOR:PartsLocationByteOffset JUMBF:CBOR:PartsLocationLength JUMBF:CBOR:PartsOptional JUMBF:CBOR:Signature JUMBF:JUMDLabel JUMBF:JUMDToggles JUMBF:JUMDType XMP:XMP-GCamera:HdrPlusMakernote XMP:XMP-xmpNote:HasExtendedXMP
dataset_new_ignored/random_date_raccoon/class_014__Colombia_Excelso/PXL_20261004_053716825.jpg,461bb2297e2fa7a46c82c1ccbf20c76f61ca0f5c8a891cbeffe69c27101aa450,c589da66425009382832b6f3ffd03dbf72998d8d08ef5a2451ce2e3e50bb6951,e91caf73648d2bcade248f04dfb472308e9847e8ea40c0af896befd3bbbd1aac,EXIF:GPS:GPSAltitude EXIF:GPS:GPSAltitudeRef EXIF:GPS:GPSDateStamp EXIF:GPS:GPSImgDirection EXIF:GPS:GPSImgDirectionRef EXIF:GPS:GPSLatitude EXIF:GPS:GPSLatitudeRef EXIF:GPS:GPSLongitude EXIF:GPS:GPSLongitudeRef EXIF:GPS:GPSTimeStamp EXIF:GPS:GPSVersionID EXIF:IFD1:Compression EXIF:IFD1:Orientation EXIF:IFD1:ResolutionUnit EXIF:IFD1:ThumbnailImage EXIF:IFD1:ThumbnailLength EXIF:IFD1:ThumbnailOffset EXIF:IFD1:XResolution EXIF:IFD1:YResolution JUMBF:CBOR:ActionsAction JUMBF:CBOR:ActionsDescription JUMBF:CBOR:ActionsDigitalSourceType JUMBF:CBOR:Alg JUMBF:CBOR:Claim_Generator_InfoName JUMBF:CBOR:Claim_Generator_InfoVersion JUMBF:CBOR:Created_AssertionsHash JUMBF:CBOR:Created_AssertionsUrl JUMBF:CBOR:ExclusionsLength JUMBF:CBOR:ExclusionsStart JUMBF:CBOR:Hash JUMBF:CBOR:InstanceID JUMBF:CBOR:Item0 JUMBF:CBOR:Item1Pad JUMBF:CBOR:Item1Pad2 JUMBF:CBOR:Item1SigTst2TstTokensVal JUMBF:CBOR:Item2 JUMBF:CBOR:Item3 JUMBF:CBOR:Pad JUMBF:CBOR:Pad2 JUMBF:CBOR:PartsHashAssertionHash JUMBF:CBOR:PartsHashAssertionUrl JUMBF:CBOR:PartsLocationByteOffset JUMBF:CBOR:PartsLocationLength JUMBF:CBOR:PartsOptional JUMBF:CBOR:Signature JUMBF:JUMDLabel JUMBF:JUMDToggles JUMBF:JUMDType XMP:XMP-GCamera:HdrPlusMakernote XMP:XMP-xmpNote:HasExtendedXMP
